src,dst
3880,376
3880,418
3881,2025
3881,376
3881,83
3881,2465
1628,1857
3882,3388
3882,2241
3882,1427
3882,2275
3882,2124
1072,1073
1072,1173
1073,1072
1073,1169
1073,2465
3164,3194
3164,1183
3164,1184
3165,1388
3165,4110
3165,3194
3165,4206
3165,1184
3883,1840
3883,4327
4771,4833
3693,3547
3693,4444
3023,1913
3023,1707
3023,1711
3023,2106
3023,1740
3023,3123
3023,3669
4976,5022
2337,2353
2337,2233
2337,2124
4694,4813
4694,189
2840,2849
3024,5032
3024,3087
3588,5532
539,3388
1510,1171
1510,1183
1510,3411
1510,1574
1510,1579
5169,4694
5169,4813
5169,76
3884,4630
1511,4940
1511,4715
1511,1573
3885,3759
3885,1419
3885,1420
3885,1422
3885,4733
3885,2600
3885,1487
2338,2389
2338,2390
2338,4321
2338,1189
1007,50
1007,106
1007,744
3025,2600
3025,1583
3025,3110
3025,3111
3025,3123
3025,3138
5170,5292
5170,92
5170,849
4851,4940
4851,5293
2841,3589
2841,2889
2841,2761
3589,2889
3589,3575
3589,3677
768,1242
768,1262
768,3529
768,1572
1242,768
1242,1262
1242,1559
1242,594
1242,68
3287,3846
3287,1183
3287,1588
3287,3348
3026,3087
3886,1104
1243,1290
4977,3500
4977,5269
4977,5304
4978,4977
4978,5049
4978,5112
4979,4978
4979,5049
4979,4709
4979,4813
4979,3511
4979,5269
1512,1566
1512,3109
3590,3510
3590,3546
3590,3640
3590,3565
3590,3668
4980,5053
4980,5054
2339,2278
3436,3596
3436,5197
3436,3510
1629,2347
1629,1681
1629,364
1629,1843
1629,2279
1629,1851
1629,1965
1513,4926
1513,1546
1513,1575
540,539
540,569
540,573
540,1030
540,603
2535,1392
2535,2573
2161,2401
2161,2242
2161,3400
1977,2241
1977,631
1977,868
1514,1516
1514,1273
1514,2600
1514,1564
1514,1574
1514,1791
1359,3131
5546,3917
5546,5548
5546,4331
5546,957
5546,5651
3591,895
3591,1290
3591,4574
3591,3671
769,3335
769,2774
769,3347
2340,2353
2340,2361
2340,2407
2340,2278
2340,2137
5408,3755
5408,3100
3166,1184
1074,1094
1074,1095
1074,3331
1074,2018
3027,3046
3027,2280
1075,1094
1075,1169
4981,3565
3887,3388
3887,2040
3167,3212
3167,3213
3167,849
3167,2810
892,849
892,212
770,892
770,849
770,4432
770,863
4852,4941
4852,4944
4852,3400
4852,5402
5311,5238
4853,4941
4854,4941
4854,4942
4772,5171
4772,5172
4772,4809
4772,5271
5171,5172
5171,2860
5171,5387
5172,4772
5172,5171
5312,5377
5312,5253
5173,4813
5173,4826
5173,5269
5173,5271
3437,3510
3437,3511
3437,5269
3437,3513
5313,5342
5313,4812
5313,4813
5313,5271
5174,5234
5174,3511
3438,2343
3438,3479
3438,3504
3438,3510
3438,1559
5314,5315
5314,5355
5314,5369
5314,5373
5315,4809
5315,933
4773,4910
4773,4933
4773,4942
4773,4826
4773,4837
5316,5344
5316,5230
5316,5283
4855,4928
4855,4941
5175,5230
4856,3464
4856,4898
4856,3542
3439,3440
3439,5176
3439,3499
3439,3510
3440,3439
3440,4331
5176,3510
4774,4811
4774,4839
4774,4842
4774,946
3441,3510
3441,3511
3441,3516
3441,3651
3441,1450
4857,4899
4857,4948
4858,5348
4858,5356
4858,4941
4858,4948
4858,4826
4858,4974
4859,4885
4859,4941
4859,4942
4859,4844
4860,4891
5177,5362
5177,4941
5177,5268
5177,5274
5317,5377
5318,5317
5318,3594
5318,5377
5318,5252
5178,4826
5178,3317
5178,5271
5319,5316
5319,5227
5319,4898
5319,5348
4861,4917
3694,4942
3694,3758
3442,5184
3442,3511
4775,4861
4775,4862
4775,4863
4775,4917
4775,4832
4775,3382
4775,4952
4775,4954
4862,4863
4862,4939
4862,4942
4862,4952
4862,4957
4863,4862
5320,5373
5409,5538
4864,4865
4864,4873
4864,4930
4865,4864
4865,4867
4865,5255
4865,4948
4865,4960
4866,4865
4866,4867
4866,4904
4866,4931
4866,4934
4866,1184
4867,4864
4867,4865
4867,4870
4867,4803
4867,5225
4867,4912
4867,4942
4867,4957
4867,2897
4867,4960
4867,1437
4868,4858
4868,4932
4868,4940
4868,4942
4868,5273
4868,5406
5321,5200
5321,4798
5321,5372
5321,5293
3592,5410
3592,3733
3592,5219
3592,3485
3592,3510
3592,3784
3592,3579
5322,5346
5322,5373
5322,4826
5322,200
3593,3514
3593,3686
5179,3511
4776,4811
3888,3826
3888,3510
3888,3511
3888,3515
3888,3516
3888,3646
4777,4982
4777,4841
4777,5538
4982,2574
4982,4841
4982,1319
4778,4779
4778,2347
4778,4785
4778,4786
4778,4800
4778,4838
4778,4843
4779,4778
4779,4800
4779,4838
4780,4781
4780,4838
4781,4780
4781,4826
4781,2897
4781,4838
4781,103
4869,4941
4869,2897
3443,3538
3443,3547
3444,3511
3444,3547
3444,5291
3889,5532
3889,3562
3889,3675
5410,3706
5410,5484
5410,3765
5410,3793
4983,3511
4983,5146
4983,4715
4983,3664
3890,3513
3890,5146
3890,3646
3890,4738
3891,4083
3891,3510
3891,3519
4984,5012
4984,5013
3594,3510
3892,4826
3892,4129
1360,5237
1360,4813
1360,5271
1360,3400
1360,3410
5180,4127
4782,4941
4782,4834
3445,4986
4985,3445
4985,4986
4985,842
4986,3445
4986,4985
4986,4988
4986,5022
4986,842
4987,3445
4987,4985
4987,4986
4987,4988
4987,3446
4987,5022
4987,3506
4987,5269
4987,3317
4987,5275
4987,842
4987,4291
4988,3445
4988,4985
4988,4986
4988,5275
4988,842
3446,3445
3446,5022
3446,3500
3447,4826
5323,5254
5323,4941
5323,5385
4989,3510
4989,5146
4870,4867
4870,4932
4870,2897
4870,91
3595,3510
3595,4837
3595,3644
4871,4868
4871,4926
4871,4931
4871,4932
4871,4940
4871,4941
4871,4942
4871,4827
5324,5373
5324,5384
5324,5269
3448,3449
3448,3450
3448,3626
3448,3535
3448,3575
3449,3448
2341,3450
2341,2580
3450,3448
3450,2341
3450,2447
1361,1266
771,915
771,3654
771,961
893,3906
1515,4746
1515,2615
1515,1575
3893,1267
224,225
224,2347
224,256
224,2280
225,224
225,2347
225,259
1630,256
1630,1698
1630,1758
226,2347
226,258
226,261
226,2443
226,277
226,279
226,293
149,150
150,480
150,185
150,930
1362,3852
1362,3400
1362,3855
1362,1458
1362,1483
1631,1857
3894,264
3894,293
3894,1730
1632,5043
1632,1170
1632,1738
1632,1857
1632,1581
1632,1949
1632,1809
2696,480
2696,1433
2696,2762
2696,1438
3451,3510
3451,3566
3451,3571
671,713
671,3400
3895,5821
3895,291
772,845
772,849
2086,3388
2086,289
2086,2106
2086,1861
2086,2131
3896,1125
3896,3206
3896,4740
3896,1032
3896,1184
3896,185
3896,4584
1889,1711
1889,1932
1889,1936
1889,390
773,5548
773,480
773,848
773,854
5749,3411
5749,5863
2536,97
2536,2614
2536,2615
1244,2218
1244,2240
1244,2037
1244,3400
1244,1290
2697,480
2697,2762
2697,851
3168,3212
3168,840
3168,3214
1516,3400
1516,1574
1076,2592
1076,1165
1076,1168
1076,1169
1076,1171
1076,1172
1076,1179
1076,3848
1076,3852
1076,1184
1077,1092
1077,1093
1077,3206
1077,1143
1077,178
1077,1152
1077,1157
1077,1168
1077,1170
1077,1174
1077,1441
3288,3326
3288,3331
3288,1179
3288,3851
3288,3852
3288,1183
3288,3400
1517,4784
1517,1528
1517,1548
1517,1551
1517,1555
1517,1575
1517,1344
1078,1168
1078,1169
541,2231
541,2039
541,730
323,2347
323,601
323,849
323,1464
3897,3898
3897,3899
3897,3900
3897,2347
3897,2355
3897,175
3898,3897
3898,3900
3898,2347
3899,3897
3899,3898
3899,2347
3900,2592
1008,50
1008,1028
3695,1370
3695,1403
3695,4296
3695,4297
3695,3389
3695,4316
3695,1456
3695,4629
5411,5453
5411,5454
5411,4812
5411,5240
5411,3500
5411,2227
4695,54
4695,751
3596,4698
3596,3510
3596,3622
3596,4220
3596,2459
3596,848
3596,294
3596,3669
4696,5181
4696,2347
4696,3372
4696,3058
4696,5024
4696,1255
4696,5101
4696,3510
4696,1122
4696,4717
4696,4720
4696,566
4696,2223
4696,1025
4696,4263
4696,1413
4696,370
4696,3565
4696,4738
4696,713
4696,598
4696,603
4696,2762
4696,2279
4696,2618
4696,2903
4696,3109
4696,1871
4696,648
4696,426
4696,1623
5181,4717
4697,3564
894,5197
894,4738
894,1440
894,849
894,4758
894,4517
3452,3473
3452,3619
4698,4698
4698,2774
3365,4697
3365,4928
3365,3394
3365,3400
3365,1575
3453,3499
3453,3521
3453,3543
4990,5022
4990,5126
4990,5155
3901,4691
672,42
672,709
672,714
672,738
673,713
3902,4738
3902,49
3902,60
3903,2347
3904,3903
3904,2345
3904,2355
3904,4193
3904,2221
3904,4740
3904,2459
3904,1759
3905,2347
3905,2592
5750,3899
5750,3900
5750,3903
5750,3904
5750,3905
5750,3906
5750,2538
5750,3908
5750,3909
5750,3910
5750,3913
5750,3914
5750,3976
5750,4006
5750,2392
5750,4040
5750,4087
5750,4193
5750,4194
5750,4212
5750,4231
5750,3210
5750,3212
5750,4321
5750,4645
3906,893
3906,2347
3906,3911
3906,2221
3906,185
3906,4321
3906,2469
5751,2353
5751,5758
5751,2248
5751,1843
2342,2351
2342,1183
2342,2600
2342,1187
5752,2343
5752,2349
5752,2433
2343,2344
2343,21
2343,4282
2343,4740
2343,846
2343,3394
2343,49
2343,183
2343,4302
2343,60
2343,4741
2343,4742
2343,1183
2343,1852
2343,3415
2344,2343
2344,2347
2344,2454
2344,2233
2344,2457
2344,190
2344,3415
2344,2138
2344,648
2344,2139
895,4215
5753,5752
5753,2343
5753,895
5753,2349
2345,2346
2345,2348
2345,2350
2345,2351
2345,2354
2345,2266
2346,2347
2346,2348
2346,2355
2346,589
2346,2592
5754,5752
5754,5755
5754,2349
5754,2354
5754,589
5755,5754
5755,2349
542,895
542,2351
542,2354
542,2355
542,2363
542,2221
542,2103
542,2104
542,2241
542,183
542,60
542,2278
542,2615
542,2279
542,849
896,924
896,925
896,4225
896,60
896,2762
896,1290
896,648
896,3263
896,957
896,3271
896,3433
2347,2343
2347,2347
2347,2355
2347,3372
2347,2180
2347,4717
2347,2443
2347,2449
2347,2452
2347,1168
2347,1177
2347,3388
2347,2241
2347,2038
2347,4738
2347,60
2347,66
2347,376
2347,2265
2347,1433
2347,2762
2347,185
2347,2458
2347,2600
2347,2459
2347,381
2347,293
2347,4315
2347,4321
2347,2464
2347,2466
2347,2278
2347,2615
2347,2279
2347,1740
2347,1936
2347,1854
2347,1857
2347,2280
2347,2469
2347,294
2347,849
2347,2765
2347,386
2347,200
2347,2476
2347,2774
2347,2117
2347,2308
2348,2347
2348,2350
2348,2351
2348,543
2348,2354
2348,2355
2348,103
5756,2343
5756,2345
5756,2346
5756,542
5756,2348
5756,2349
5756,2350
5756,2353
5756,2354
5756,2355
5756,5758
5756,2221
5756,2433
5756,589
5756,2592
5756,1427
5756,2761
5756,846
5756,848
5756,2466
5756,2278
5756,2279
5757,5752
5757,5753
5757,2346
5757,2348
5757,5756
5757,2349
5757,2350
5757,543
5757,2352
5757,2353
5757,2355
5757,2367
5757,2221
5757,2452
5757,2592
2349,542
2349,2347
2349,2348
2349,5756
2349,2350
2349,2351
2349,2354
2349,2355
2349,2580
2350,2343
2350,2346
2350,542
2350,896
2350,2347
2350,2348
2350,2351
2350,543
2350,2352
2350,2354
2350,2355
2350,1403
2350,2580
2350,2432
2350,589
2350,2592
2350,1427
2350,2615
2350,103
2351,2342
2351,895
2351,2345
2351,2346
2351,542
2351,2347
2351,2348
2351,5756
2351,2350
2351,2354
2351,2355
2351,2360
2351,3711
2351,2221
2351,1414
2351,2018
2351,2266
2351,2279
543,896
543,2347
543,2348
543,5756
543,2349
543,2351
543,2352
543,2580
543,1427
543,2615
2352,896
2352,2347
2352,2349
2352,2350
2352,2351
2352,543
2352,2355
2352,2432
2352,2460
2352,2615
2353,2347
2353,2355
2353,4220
2353,294
2353,2765
2353,4452
2354,2342
2354,2343
2354,2344
2354,895
2354,2346
2354,5755
2354,542
2354,2347
2354,2348
2354,2349
2354,2350
2354,2351
2354,2355
2354,2360
2354,2221
2354,4271
2354,589
2354,590
2354,2018
2354,2021
2354,2457
2354,2600
2354,2462
2354,2279
2354,1861
2354,2765
2355,2342
2355,895
2355,542
2355,2347
2355,2351
2355,2353
2355,2354
2355,2355
2355,4197
2355,4270
2355,2592
2355,1175
2355,1183
2355,2600
2355,2469
2355,1188
5758,5751
5758,896
5758,73
2356,2346
2356,896
2356,2347
2356,2351
2356,2352
2356,2355
2356,2615
2357,2349
2357,4700
2357,2415
2357,279
2357,2497
5759,5750
5759,5757
5759,2353
5759,4700
5759,5819
5759,5820
5759,270
5759,277
5759,5828
5759,2278
5759,2529
2537,2347
2537,3711
2537,2221
2537,846
2537,2463
2537,2615
774,1403
774,4209
774,849
1890,620
1890,2126
2842,2354
2842,2355
2842,2873
2842,3009
2358,2379
2358,5333
2358,4826
2358,2278
2359,2355
2359,2106
2360,2345
2360,2351
2360,2354
2360,2544
2360,3407
2361,2340
2361,543
2361,2407
2362,2347
2362,2353
2362,2241
2363,2344
2363,542
2364,2227
3907,2355
2538,2347
2538,2601
2538,190
3908,2347
3908,3909
3908,2365
3909,2347
3909,3908
3909,4738
3909,4321
3910,2347
3910,5705
3911,3906
3911,2347
3911,4321
3912,2347
2365,3903
2365,3904
2365,3905
2365,3908
3913,2221
2366,2358
2366,2379
2366,2278
2367,2278
2368,896
2368,2347
2368,5144
2369,2353
2369,2227
2370,2347
3914,2347
3915,2347
3915,1924
3915,2615
3916,1908
3916,2061
3916,1932
3916,1938
3916,1945
3916,2506
3820,1076
3820,1171
3820,1172
3820,1452
3820,1477
3820,1478
3820,3869
5547,5548
5547,480
5547,5650
2698,2701
2698,2704
2698,2762
3917,5551
775,3397
151,2701
151,2703
151,2717
151,182
151,480
151,851
2699,2704
2699,2735
2699,2736
2699,480
2699,930
2699,992
3918,2701
3918,4339
5760,5761
5760,2701
5760,5763
5760,2710
5760,2761
5760,479
5760,851
5760,2774
5760,2775
5761,5760
5761,2700
5761,2715
5761,480
2700,2715
2700,2728
2700,2729
2700,2761
2700,480
2700,2775
2700,3654
3919,4183
3919,28
5548,5547
5548,5549
5548,5551
5548,5552
5548,5557
5548,5565
5548,5573
5548,5574
5548,5595
5548,5596
5548,5625
5548,3853
5548,185
5548,2919
5548,3664
5548,3672
5548,5631
5548,5647
5548,5651
5548,5657
5549,5548
5549,2701
5549,5551
5549,2705
5549,5604
5549,2449
5549,1188
5549,3857
5549,957
152,671
152,3896
152,3185
152,3211
152,26
152,1180
152,3853
152,3394
152,3396
152,3397
152,480
152,4303
152,3400
152,1184
152,84
152,87
152,92
152,3226
152,197
152,3233
152,4763
2701,152
2701,2704
2701,5491
2701,4813
2701,4826
2701,5271
2701,2755
2701,480
2701,1183
2701,4321
2701,4339
2701,4341
2701,2775
2701,204
5550,5548
5550,5549
5550,152
5550,5551
5550,5555
5551,5548
5551,5549
5551,5556
5551,957
3696,3753
3696,3844
3696,843
3696,848
3696,194
2702,2701
2702,929
2702,480
2702,2797
5762,5547
5762,5548
5762,5549
5762,5550
5762,5551
5762,5554
5762,5555
5762,5556
5762,5622
5762,4165
2703,151
2703,5548
2703,5269
2703,3852
2703,480
2704,151
2704,2699
2704,2701
2704,2710
2704,2736
2704,3844
2704,480
2704,3401
2704,185
2705,5548
2705,5549
2705,2701
2705,5550
2705,5551
2705,5565
2705,2756
2705,23
2705,480
2705,496
2705,514
2705,4421
2706,2700
2706,2715
2706,2761
2706,2762
2706,2774
2706,2797
2707,3920
2707,2712
2707,480
2707,2762
2707,2795
3920,2707
3920,2712
3920,480
3920,2762
2708,2761
2708,2774
2708,3859
2709,2754
2709,1424
2709,2241
2709,2762
2709,3860
2709,2804
5763,2705
5763,2707
5763,5623
5763,845
5763,480
5763,848
5763,851
5763,4377
5763,2774
5763,854
5763,4427
5763,523
5763,525
5764,2700
5764,2701
5764,2702
5764,2703
5764,2715
5764,2717
5764,2739
5764,2751
5764,2753
5764,2762
5764,2769
5764,5872
2710,2701
2710,3852
2710,480
2710,2774
2710,4415
2711,2701
2711,2704
2711,2775
2712,152
2712,2707
2712,480
2712,2762
2712,2774
2712,2806
2713,543
2713,2701
2713,2704
2713,480
2713,185
2714,2774
2715,2700
5552,5548
5552,5574
5552,5615
5552,480
5552,80
5552,5651
5552,5654
5552,223
5553,5706
5765,5759
5765,4700
5765,243
5765,247
5765,4746
5765,103
5554,5548
5554,5657
2716,28
2716,2762
5555,5550
5555,957
5556,5548
5556,5549
5556,5550
5556,5551
5556,5604
5556,5606
5556,5607
5556,5649
5556,5650
5556,223
5556,5657
2717,151
2717,2703
3697,3732
3697,4739
3697,3763
3697,5889
1363,1364
1363,5766
1363,3329
1363,842
1363,1438
1364,1363
1364,5766
1364,3340
5766,1363
5766,1364
5766,3329
5766,3400
5766,1438
5766,3411
1633,1427
1633,2141
2539,2559
2946,1464
2947,2956
2947,5703
2947,1464
2843,2898
2843,4319
2843,1464
2843,3005
5767,2946
5767,2947
5767,2843
5767,2956
5767,3001
5767,3002
5767,3005
5767,5534
2948,5767
2948,2995
2948,3001
2948,3004
2949,2999
2949,3004
2949,3006
2950,2844
2950,1464
2950,3003
2950,3005
2951,2950
2951,3848
2951,2999
2951,1464
2951,3005
2951,3012
2951,3015
2844,2949
2844,2950
2844,2891
2844,1464
2844,3004
2844,3018
5768,3411
5768,3220
5768,5863
1891,1846
1891,1932
3921,4192
3921,2600
3921,4371
4699,1745
4699,2622
1365,1184
1365,1479
2718,2818
776,864
776,958
776,869
3698,3922
3698,3923
3698,3925
3698,480
3698,1184
3698,4355
3698,3764
3698,5889
3698,5890
3698,970
3698,3784
3698,5894
5769,5887
5769,3764
3922,3698
3922,4740
3922,5890
3923,3924
3923,3400
3923,1184
3923,1479
3924,3923
3924,3925
3925,3926
3926,3925
3927,3699
3927,951
3699,3927
777,5548
777,161
777,92
777,212
3928,1184
3928,3764
3929,3764
3930,3764
778,3929
778,3510
778,4758
778,961
3931,3932
3932,3931
3932,4751
3366,4740
3366,195
779,946
779,954
897,849
897,964
897,969
780,3764
780,5889
780,5890
780,865
898,953
3700,4839
3700,1464
3700,3767
899,849
899,3654
781,849
781,3783
900,849
900,4509
3701,3765
782,3705
782,3765
782,867
782,1479
783,782
784,782
2719,3765
2719,2818
901,849
901,3654
3702,3732
3702,3764
3933,2600
3933,124
785,2762
3934,2774
3934,979
786,2355
786,849
324,1700
324,376
324,2465
324,2473
227,2749
227,2815
2720,227
2720,307
2720,2815
0,92
0,1187
0,124
2540,5715
2540,5877
2540,1319
3935,2543
3935,92
3935,2639
3935,2673
3936,2028
3936,4446
2541,3250
2541,2924
3028,1758
3028,3123
2952,2843
2952,5669
2952,2393
2952,2898
2952,2911
2952,1464
2845,2910
2845,1324
3029,3079
3029,3123
3029,3131
544,1723
544,1568
544,1870
544,654
544,655
1824,2604
1824,1870
2953,3055
2953,2921
2371,3411
2371,2499
3937,4740
3937,849
3937,4517
787,2017
787,2774
787,858
788,832
788,953
3938,903
3938,4738
3938,2774
3938,2644
3938,4548
3938,4682
3939,3940
3939,4311
3940,849
3940,4517
1366,1450
2721,4200
2721,1421
2721,2762
2721,2763
3454,3552
3454,3553
3454,3554
2722,485
3289,3310
3289,1111
1825,1634
1825,1635
1825,1848
1825,617
1634,1825
1634,1870
1635,1825
1635,3071
1635,601
1635,1848
1635,617
1635,1440
1635,132
3941,1287
3941,709
3941,2599
3941,2603
1518,1167
1518,1433
1518,1183
1518,2603
1518,1438
1518,1575
1518,1583
789,848
789,849
789,2774
3942,730
3942,1854
325,326
325,376
326,325
326,392
3943,593
3943,2457
3943,1931
3943,1936
3943,1945
3944,4203
3944,1694
3944,1925
3944,1177
3944,4291
3944,289
3944,1935
3030,1651
3030,1742
3030,3123
3031,616
3945,4740
3945,182
3945,1184
3945,2762
3945,2774
2723,2724
2723,3847
2723,930
2723,854
2723,939
2723,940
2723,2810
2723,981
2724,1169
2724,4308
153,3755
902,849
902,4510
5325,5363
5325,5366
5325,5253
5325,4822
1,50
1,3672
5326,5369
5326,5385
5326,4833
154,171
154,1184
154,195
2372,92
3290,3328
3290,2766
3290,1479
3290,979
3597,3510
2725,2761
2725,480
2725,2762
2725,4342
2725,3860
463,2762
463,1574
327,2450
327,376
327,448
328,1702
3703,3755
464,481
464,1185
464,496
3291,3326
3291,3411
5770,3326
3821,3823
3821,1458
3946,2238
3946,2242
3946,3571
2542,2608
790,3219
790,3654
3947,4418
4872,4942
1079,1168
1079,1171
1079,2027
2954,2842
2954,1464
5658,5709
5658,1183
5658,5734
5658,5747
5658,5748
2373,5705
2373,3320
2373,1740
3948,2761
3948,480
3948,2762
3948,2774
3455,5468
3455,3510
3455,2227
903,3654
3169,3189
3169,3212
3169,194
2374,2615
2375,2400
3170,3171
3170,1184
3171,3170
3171,1183
3171,1184
3171,205
1080,2347
1080,1149
1080,1167
3949,3950
3949,2781
3950,4415
3172,3212
3172,1184
3598,5484
904,849
3032,5021
674,702
674,713
674,66
674,743
674,4372
1081,3325
1081,1153
1081,1158
1081,1169
1081,4733
905,931
3951,4337
906,4526
4991,5167
3599,2347
3599,3510
3599,1857
3599,1967
3600,1262
3600,3529
3600,603
3952,1474
3292,3219
3292,1206
3292,1213
791,852
791,3654
4783,4875
4783,2893
4783,5231
4783,4928
3822,3842
3822,3845
3822,1172
3822,3848
3822,3411
3293,1588
3293,3351
3953,3513
3953,3552
3953,3553
3953,1433
907,849
3704,2615
2162,1175
2162,591
2162,2239
2543,3935
2543,190
2543,2608
2543,92
2543,2639
2543,2672
2543,2673
2543,2678
5771,5772
5772,5771
3954,4167
1519,4715
1519,1573
1519,1574
1519,1575
1519,1584
2376,2347
2376,2416
2376,103
5659,5703
5659,2910
5659,3798
5659,5649
1520,1521
1520,1547
1520,3849
1520,3850
1520,1572
1520,1575
1520,3342
1520,3672
1521,2338
1521,1514
1521,1520
1521,4721
1521,2587
1521,2274
1521,1575
1521,1578
1521,2913
1521,3424
1521,3342
1521,4964
1521,3779
1521,3672
1522,4784
1522,1573
1522,1580
1522,1613
4784,1517
4784,1522
4784,1528
4784,2260
4784,3400
4784,1573
4784,1575
4784,1306
1523,1524
1523,1189
1524,1523
1524,1167
1524,1189
1524,1575
3955,1521
5557,5548
5557,5558
5557,5603
5557,5615
5557,5616
5557,5617
5557,5618
5557,5620
5557,5621
5557,5651
5557,5654
5557,5657
3173,1519
3173,4926
3173,3217
3173,1184
3173,1584
3173,3264
5327,5252
5327,5257
3456,3609
3456,5269
3456,848
3956,176
3957,1525
3957,1579
1525,3957
1525,1433
1525,1579
3294,76
5558,5557
5558,1479
5558,5634
3174,5548
3174,3175
3174,84
3174,205
3174,3264
3175,5548
3175,3174
3175,1184
792,793
792,4964
3457,3958
3457,5266
3958,3955
3958,3959
3958,5192
3958,3672
3176,846
3176,1184
3176,3237
5559,5560
5559,5565
5559,2608
5559,92
5559,2614
5559,123
5559,2650
5560,5559
5560,123
5773,5559
5773,5560
5773,228
5561,5571
5561,5573
5561,5574
5561,846
5561,849
793,792
793,5560
228,292
228,293
228,2274
3959,3511
908,909
908,849
794,1167
794,1432
794,3335
2,2607
2,92
909,849
795,909
795,914
795,849
795,1000
3960,3849
3960,1183
3960,3409
3960,1297
3960,2903
3960,195
3960,2774
3960,852
1245,1574
1245,1584
2846,3178
2846,3848
3177,2846
3177,3178
3177,1184
3177,1297
3177,2903
3178,3177
3178,1297
3178,2903
3178,3257
3178,2925
3178,5650
2163,2266
2163,2284
3961,1403
3961,2239
3961,2241
4785,4786
4785,4837
5182,5243
5774,3767
5660,3728
5660,3798
3601,3510
3601,3642
3601,3651
3962,896
3823,896
3823,3821
3823,924
3823,3837
3823,3853
3823,1458
3823,3867
3823,3869
2377,2614
2377,2616
3179,3253
3179,3254
3179,1479
3179,5737
3295,1166
3295,3119
796,3561
796,849
796,3659
796,3575
796,3677
2378,2278
4992,5093
4992,5116
4992,1176
4992,186
5183,4809
3033,2955
3033,2401
3033,3102
3033,4271
3033,3848
3033,1582
3033,3123
3034,3033
3034,3335
3034,3123
2955,3033
2955,2990
2955,4931
2955,3123
2955,1464
4993,5094
4993,5146
3963,376
3035,3123
2379,2358
2379,4291
5184,5257
5184,3507
2726,5548
2726,3400
2726,2762
3964,2351
3964,2354
2380,2362
2380,3965
2380,3966
3965,3837
3965,4738
3965,1188
3965,3764
3966,2347
3966,2380
3966,941
3967,895
3967,3406
3967,3654
2544,2360
2544,2608
2544,2640
2847,1403
2847,2221
2847,1411
2847,95
2087,2018
2087,3388
2087,2270
2087,2275
2087,2278
2087,103
2087,1864
2087,2117
2381,2382
2382,2347
2382,2381
2164,2241
2164,648
2848,5661
2848,2850
2848,3141
5661,2849
5661,3782
2849,3123
2850,2842
2850,2848
2850,5707
2850,2903
2850,3123
2850,3141
3036,1424
3036,3141
5662,5705
5662,5708
5662,4896
5662,4941
5662,26
5662,3400
5662,92
5662,3123
5662,5895
2851,3067
2851,1464
4873,4803
4873,5229
4873,4931
4873,1407
5663,5240
5663,4715
3968,4180
3968,845
3968,2615
3705,782
3705,3765
3705,3793
2383,66
2383,3407
2383,103
4874,4920
4874,4945
2852,5600
2852,5198
2852,4940
2852,4826
2852,5271
2852,2894
2852,1464
1892,1915
1892,4235
1892,2231
1892,1932
1892,1456
2727,2762
3969,1683
3969,2106
3969,1857
1367,3849
1367,1433
1367,1583
1367,3123
3970,4284
3970,1283
3970,1575
3970,1580
3970,3258
3970,3143
3602,4031
3602,2752
3602,3510
3602,2762
3706,5410
3706,5197
3603,3485
3603,3493
3603,3510
2165,3058
2165,2241
5328,5237
5328,4813
5328,5257
5328,4826
797,849
3707,1440
3707,2921
3971,3709
3458,3784
3708,3815
3709,5410
3709,3765
3709,3793
5185,5240
5185,5257
5185,200
329,376
329,403
3972,4232
3972,2279
3973,376
3974,4232
3974,376
3975,3972
3975,3973
3975,3974
3975,4232
3975,4660
3976,2347
3976,2354
3976,2355
3976,4738
3977,4717
2956,2910
2956,2999
2956,1464
5562,4698
5562,5650
5563,5607
5563,5649
5563,5651
5775,2308
2088,2100
2088,1427
2088,2294
2088,2124
2088,2300
798,3844
798,480
2728,2700
2728,2729
2728,2774
2729,2700
2729,2728
3710,5112
3710,5144
3710,3765
3710,3794
3710,3798
3459,3616
3459,3646
4994,4834
2545,190
2545,2608
2545,92
2545,1319
5186,5187
5186,5373
5186,4844
5187,5186
4786,4785
4786,4809
4786,4827
4786,4837
4786,2615
3604,3485
3604,3626
3296,1419
3296,1424
5188,3318
5188,4963
5188,1449
5189,5227
4875,4888
4875,4941
4876,4875
4876,5212
4876,5231
4876,4941
4876,5293
3978,3980
3979,4740
3980,3978
5664,5670
5664,3141
3981,3847
3981,91
3981,3333
3981,4339
3981,2797
3981,3862
3982,4092
3982,4302
3982,4318
3982,4339
3460,3487
3460,3498
3460,3510
3983,5061
3983,4606
3984,50
2384,2347
2384,2385
2384,2386
2384,2278
2385,2347
2385,2275
2385,2278
2386,2347
2386,2384
2386,2385
2386,2393
2386,2278
2386,2106
4995,5059
4995,1574
2730,2781
3711,2537
3985,3986
3985,1479
2387,2433
2387,2455
2387,2466
3297,3332
3297,3411
3297,3335
3297,1443
1978,2059
1978,2072
5665,5707
5665,5708
5665,5144
5665,4961
5665,3547
5665,5734
1368,1419
1368,3769
1368,1488
1368,3780
3712,2314
5666,3726
5666,5685
5666,4931
5666,2608
5666,3771
5666,3772
5667,5666
5667,3725
5667,4931
5667,3771
5667,3772
5667,3779
3713,3723
3713,3400
3713,3407
3714,3718
3714,3721
3714,5677
3714,3326
3714,3770
3714,3779
3715,3716
3715,5682
3715,3774
3716,3715
3716,3725
3716,1411
5668,5706
2388,4931
3717,3779
3718,1403
3718,2451
3718,3770
3718,3779
3719,2354
3719,1292
3719,3412
3719,3761
3719,3769
3719,1488
3720,3792
3721,3761
3721,3770
3721,3779
3722,2188
3722,1290
3722,1438
3722,1440
3722,3782
3723,3797
2853,1464
4877,4900
4877,4921
4877,4934
4877,4940
5669,2952
3724,3110
3724,2314
5670,5715
5671,5672
5671,5691
5672,5691
5672,5696
5672,5747
5673,5566
5673,5578
5673,1179
5673,5649
3298,5705
3298,1588
5674,5706
5674,5606
5674,5611
5674,3326
5674,1179
5674,5627
675,676
675,677
675,678
675,679
675,698
675,699
675,3393
675,709
675,722
675,4741
675,3400
675,3401
675,3402
675,3412
675,2774
675,3347
5675,5704
676,675
676,677
676,699
676,709
676,723
676,2072
677,676
677,679
677,698
677,723
5676,5707
5676,1464
2854,3731
2854,4283
5677,5685
5677,5697
5677,5715
5678,3724
5678,3725
5678,5680
5678,5683
5678,5684
5678,5704
5678,5707
5678,3737
5678,3755
5678,4896
5678,4931
5678,1419
5678,3849
5678,3761
5678,3770
5678,5735
5678,3771
5678,3772
5678,5736
5678,3798
5678,3816
5679,2854
5679,2644
3725,5679
3725,3726
3725,5680
3725,3727
3725,3728
3725,5683
3725,3729
3725,3730
3725,5684
3725,5685
3725,3731
3725,1419
3725,3770
3725,2314
3725,3771
3725,3772
3725,3798
3726,3725
3726,3727
3726,3728
3726,3729
5680,3725
5680,3727
5680,3728
5680,5705
5680,3771
3727,3724
3727,5679
3727,3725
3727,3728
3727,3731
5681,3714
5681,3725
5681,3728
3728,5679
3728,3725
3728,5680
3728,3727
3728,5681
3728,5683
3728,5684
3728,5685
3728,5240
3728,2314
3728,3771
3728,3772
3728,3774
3728,3784
3728,3785
3728,3798
5682,3715
5682,5683
5682,3729
5682,5707
5682,3774
5683,5678
5683,3725
5683,3728
3729,3725
3729,5681
3729,5682
3729,5683
3729,3730
3729,2314
3729,3772
3730,3725
3730,5681
3730,5682
3730,5683
3730,3729
5684,5678
5684,3725
5684,3728
5685,3712
5685,5677
5685,3725
5685,3728
5685,3731
5686,3725
5686,1438
5686,3772
5686,3799
5687,5683
3731,2854
3731,3725
3731,5707
3731,3231
5688,5693
5688,5707
5688,5708
5688,5713
5689,2608
5690,5706
5690,480
5690,1184
5690,185
5690,5650
5691,5672
5691,5715
5691,5723
5691,1319
5692,5707
5692,5715
5692,3123
5692,5747
5693,5670
5693,5713
5693,5715
5694,5674
5694,5707
5694,5713
5694,5734
5695,5691
5695,5707
5695,5711
5695,5715
5695,2608
5695,92
5696,5706
5696,2873
5696,2608
5696,3141
5697,5677
5697,2894
5697,3411
5697,1463
5697,2912
5698,3796
678,675
678,679
678,680
678,699
678,713
678,714
678,719
679,675
679,676
679,678
679,680
679,713
679,714
679,719
679,723
680,678
680,679
680,20
680,39
680,3394
680,709
680,851
5699,5706
5699,172
5699,2762
5700,4809
5701,5702
5701,5712
5701,4809
5702,5701
5702,5712
5702,4809
5703,5659
5703,5626
5703,5741
5704,5675
5704,5703
5704,5708
5564,5674
5564,5690
5564,5705
5564,5706
5564,5572
5564,5607
5564,2227
5564,3848
5564,480
5564,1183
5564,1188
5564,5859
5564,851
5564,957
5564,1479
5564,5628
5564,5739
5564,5649
5564,5654
5564,5656
5565,3725
5565,5705
5565,5574
5565,5609
5565,4724
5565,2756
5565,4254
5565,2762
5565,957
5565,4766
5565,2930
5705,2854
5705,5706
5705,5707
5705,4788
5705,4838
5705,3332
5705,1183
5705,194
5705,1448
5705,3123
5566,5548
5566,5549
5566,5567
5566,5568
5566,5595
5566,5603
5566,4739
5566,3395
5566,480
5566,5651
5566,5657
5567,5566
5567,5568
5567,5570
5568,5556
5568,5566
5568,5567
5568,5570
3,5569
3,26
3,851
5706,5668
5706,5674
5706,5564
5706,5705
5706,480
5706,5650
5706,223
5707,5659
5707,5662
5707,5665
5707,5676
5707,3725
5707,3731
5707,5692
5707,5704
5707,5705
5707,5708
5707,5712
5707,5713
5707,4809
5707,4839
5707,3123
5707,1464
5707,3141
5707,5746
5708,5659
5708,5662
5708,5688
5708,5694
5708,5704
5708,5705
5708,5707
5708,5710
5708,5714
5708,5734
5708,1464
5708,5895
5709,5658
5709,5705
5709,5715
5709,5717
5709,2603
5709,2608
5709,2613
5709,5747
5710,5707
5710,5713
5710,1464
5711,5693
5711,5707
5711,5709
5711,5713
5711,5715
5711,5610
5711,1183
5711,2608
5711,4763
5569,3
5570,5603
5570,5608
5570,5646
5570,5651
5712,5700
5712,5701
5712,5702
5712,5730
5712,4896
5712,5144
5712,4809
5712,4839
5712,1283
5712,3400
5712,92
5712,3410
5713,2952
5713,2850
5713,5671
5713,5688
5713,5692
5713,5694
5713,5695
5713,5696
5713,5706
5713,5707
5713,5708
5713,5710
5713,5711
5713,5714
5713,5715
5713,5716
5713,5718
5713,5719
5713,5723
5713,5724
5713,5726
5713,5727
5713,5729
5713,5730
5713,4809
5713,4931
5713,66
5713,2608
5713,5734
5713,2644
5713,2910
5713,1464
5713,5744
5713,5748
5714,5564
5714,5707
5714,5713
5714,5585
5714,4896
5714,1132
5714,3332
5714,3852
5714,1183
5714,190
5714,102
5714,2644
5714,2655
5714,2910
5714,2912
5714,1464
5715,2540
5715,5670
5715,5693
5715,5695
5715,5711
5715,5713
5715,5718
5715,5728
5715,5229
5715,1183
5715,92
5715,1319
5715,2643
5715,5650
5715,5747
5715,5748
5716,5707
5716,5713
5716,5715
5716,1319
5716,5747
2855,5697
2855,5705
2855,2894
5717,5715
5717,5718
5717,5726
5717,5727
5717,5729
5717,5734
5717,5747
5717,5748
5718,5715
5718,5729
5718,1319
5718,5748
5571,5561
5571,5573
5571,5574
5719,5707
5720,5712
5720,4713
5720,1464
5721,1183
5721,1573
5721,1479
5722,5707
5723,5691
5723,5707
5723,5715
5723,2608
5723,1319
5572,5587
5572,5626
5572,5634
5572,5639
5572,5651
5572,5656
5573,5548
5573,5571
5573,5572
5573,5574
5573,5608
5573,957
5573,5645
5573,5649
5573,5651
5574,5548
5574,5561
5574,5572
5574,5576
5574,5608
5574,5651
5574,5656
5575,5574
5576,5565
5576,5574
5576,5624
5190,5191
5190,4813
5190,5271
5191,5190
5776,3372
5776,3410
5776,4850
5776,5896
2546,1419
2546,4284
2546,1290
2546,2603
2546,2608
799,3765
3986,3985
3986,194
3986,1479
2547,1433
2547,2608
5724,2608
5724,92
3732,3697
3732,3755
3732,3764
3732,3765
3732,5889
3732,3794
5777,3047
5777,3794
5777,3816
5725,5664
2957,2958
2958,2957
2958,1424
2958,1324
5577,5587
5577,5604
5577,5607
5577,5018
5577,5022
5577,5626
5577,1422
5577,1433
5577,5651
5578,5573
5578,5579
5578,480
5578,5649
5578,5650
5578,5651
5579,5572
5579,5606
5579,480
5579,1615
5579,5649
5579,5650
5579,5651
5580,5566
5580,5602
5580,5604
5580,5606
5580,5607
5580,2871
5580,1422
5580,2907
5580,1464
5580,5636
5580,5649
5580,5650
5580,5654
5580,5657
5581,5577
5581,5593
5581,5602
5581,5604
5581,5606
5581,5607
5581,1422
5582,5577
5582,5593
5582,5602
5582,5604
5582,5606
5582,5607
5582,1422
5583,5577
5583,5593
5583,5602
5583,5604
5583,5606
5583,5607
5583,1422
5584,5548
5584,5549
5584,5586
5584,5591
5584,5593
5584,5595
5584,5599
5584,5604
5584,5606
5584,5607
5584,5608
5584,5609
5584,5610
5584,2913
5584,5649
5585,5564
5585,5584
5585,5586
5585,5588
5585,5590
5585,5610
5585,4743
5585,1464
5585,2927
5585,5650
5586,5549
5586,5585
5586,5593
5586,5607
5586,1464
5586,5647
5587,5572
5587,5594
5587,5650
5588,5549
5588,5564
5588,5586
5588,5589
5588,5591
5588,5593
5588,5595
5588,5604
5588,5605
5588,5606
5588,5607
5588,5608
5589,5604
5589,5605
5589,5609
5589,5650
5590,5549
5590,5586
5590,5591
5590,5592
5590,5593
5590,5595
5590,5604
5590,5606
5590,5607
5590,5608
5591,5650
5591,5651
5592,5590
5592,5591
5592,5604
5592,5605
5592,5606
5592,5649
5592,5650
5593,5566
5593,1183
5593,1187
5593,5650
5594,5650
5595,5548
5595,5604
5595,5607
5595,5617
5595,5650
5595,5651
5596,5548
5596,5603
5597,5548
5597,5604
5597,5606
5597,5609
5597,5611
5597,5650
5597,5657
5598,5604
5599,480
5600,5586
5600,2907
5600,1464
5601,1255
5601,1179
5601,3332
5601,5650
5602,5581
5602,5582
5602,5583
5602,5604
5602,5657
2856,5572
2856,5587
2856,5605
5603,5546
5603,5548
5603,5555
5603,5556
5603,5607
5603,5608
5603,5617
5603,182
5603,5646
5603,5650
5603,5651
5603,5656
5603,5657
5604,5577
5604,5581
5604,5582
5604,5583
5604,5584
5604,5588
5604,5590
5604,5592
5604,5597
5604,5598
5604,5606
5604,5607
5604,5609
5604,5610
5604,5626
5604,5650
5605,5564
5605,5589
5605,5606
5605,5607
5605,480
5605,5650
5605,5651
5606,5572
5606,5587
5606,5592
5606,5594
5606,5604
5606,5605
5606,5607
5606,5608
5606,5609
5606,5611
5606,1422
5606,480
5606,1183
5606,1187
5606,5650
5607,5548
5607,480
5607,189
5607,957
5607,5650
5608,5570
5608,480
5608,5645
5608,5646
5608,5650
5608,5651
5609,5548
5609,5565
5609,5578
5609,5592
5609,5595
5609,5604
5609,5606
5609,5607
5609,5608
5609,5611
5609,5650
5609,5651
5610,5585
5610,5595
5610,5604
5610,5605
5610,5606
5610,5607
5610,5608
5610,5611
5610,480
5610,5650
5611,5587
5611,5591
5611,5594
5611,5604
5611,5607
5611,5626
5611,5650
5612,5607
5612,5613
5612,5650
5613,5548
5613,5549
5613,5588
5613,5612
5613,5650
5614,5626
5614,480
5614,5650
5726,5717
5726,5718
5726,5727
5726,5748
5727,5713
5727,5717
5727,5726
5727,1445
5727,1447
5727,1575
5727,5734
5727,2910
5727,2922
5727,2927
4878,4920
4878,91
5615,5548
5615,5552
5615,5557
5615,5571
5615,5634
5615,5646
5616,5548
5616,5557
5616,5651
5617,5546
5617,5595
5617,5630
5617,5657
2857,5572
2857,5587
2857,3848
2857,2930
2857,5650
3037,1167
3037,1564
3037,2998
3037,2915
3037,3141
5412,3445
5412,5484
5412,5049
5412,5540
3733,3784
910,2239
910,1184
910,1439
5728,2608
3987,1255
3987,2645
3987,2909
3367,100
5192,5253
5192,4940
5192,3511
1246,2236
1246,1290
1246,2603
800,916
800,849
800,955
5329,5253
5618,5557
5619,5557
5619,5618
5619,2858
5619,5625
2858,2899
2858,1179
2858,1184
2858,5650
2858,5655
5620,5548
5620,5570
5620,5618
5620,5619
5620,2858
5620,5625
5620,5651
3988,3380
3988,480
5729,5718
5729,4931
5729,2644
5729,5748
5730,5707
5730,5712
5730,4809
5730,1464
1082,1171
1369,1452
1369,3857
2548,42
2548,48
2548,49
2548,62
2548,92
2548,123
2166,4291
2166,2239
2166,2241
229,293
229,4756
801,896
801,2347
801,2355
801,589
801,2278
4700,230
4700,238
4700,279
4700,376
4700,2280
3989,4738
3989,709
3989,187
3990,2763
3990,4568
3990,4627
3991,4738
3991,2599
3991,4339
2731,2762
2731,2771
5778,3400
5778,2273
5778,4356
2732,1432
2732,624
2167,2018
2167,2027
3461,4784
3461,3512
3461,1575
2959,3080
2959,1575
2959,3123
2959,1464
2959,3009
2959,2928
2389,2338
2389,2390
2390,2338
4787,4838
4787,2239
4787,4848
911,774
330,2450
330,58
330,376
330,381
330,3411
4701,56
4701,92
2733,2701
2734,4355
2734,2783
3462,3487
3462,3507
3462,3510
3462,54
3462,188
3734,3754
1893,1729
1893,1932
1893,1936
2859,1464
4996,5099
3992,2592
1526,1575
4788,5705
4788,4789
4788,4839
4789,4788
4789,4811
4789,4839
465,4238
465,494
465,496
465,497
465,3226
2960,2555
2960,2988
2960,2608
2960,92
2960,3141
1527,1573
1527,2776
1527,1593
5193,5225
3735,1414
3735,3400
4997,4998
4997,5098
4998,5717
4998,4997
4998,5098
3993,1427
3993,593
3993,4750
3993,2300
3994,1414
3994,3388
3994,2278
3994,4569
230,1695
230,376
230,293
230,314
3995,4083
3995,3510
2735,2699
2735,480
2736,2699
2736,2735
2736,480
2168,2235
2168,4291
2168,2241
2168,1291
2168,2060
1370,30
1370,3389
1370,3400
1370,4756
1370,4617
4702,4740
1826,1674
3996,3654
3996,4513
3996,949
3996,951
3996,953
3736,1419
3736,2451
3736,66
3736,3400
3736,3770
3736,3779
2549,3736
2549,928
2549,2645
2549,3770
3038,2599
3180,1106
3180,3212
3180,1167
3180,1168
3180,848
3180,3253
3180,1230
4879,4892
4879,4925
4879,5373
4879,4941
4999,5022
4999,188
4999,864
4999,5151
4999,884
1979,2017
1979,2245
1979,2250
1979,2058
1083,1168
1083,1169
1083,2027
1371,3513
1371,3553
1371,3645
1371,1433
3605,3510
3605,3649
3605,3650
4703,1439
4703,1582
4703,2773
4703,3857
4703,1595
466,2762
466,290
466,496
466,501
466,4751
466,504
155,183
155,1183
155,185
3997,1119
3997,849
3997,1450
3997,931
2860,3400
2860,2907
2860,1324
2860,1463
2860,1464
2860,3006
2860,2928
2860,5650
2861,2862
5779,2861
5779,2862
2862,2861
2862,5779
2862,1247
2862,1290
2862,194
2862,1572
2862,1573
2862,1575
2862,1464
2862,1344
2862,1617
1247,2863
1247,3201
2863,2862
1528,1517
1528,4784
1528,1555
1528,3400
1528,1573
1528,1597
1528,1615
912,908
912,849
1636,616
1636,1857
1636,1743
3463,5266
3463,3634
3463,3560
2961,1476
1248,2600
1248,92
5621,5548
331,283
331,483
3998,183
3998,1183
2169,2235
2169,2262
2169,2069
5780,1179
5780,3394
5780,3401
5780,1438
5780,1196
5780,2774
1637,2276
1637,2279
1637,1859
1637,1749
1637,1751
1637,103
1637,1967
3039,615
3039,397
3039,2119
3039,645
332,1700
332,376
231,1177
231,1185
231,289
231,292
231,293
231,300
3999,1433
3999,1313
3999,2633
3368,2537
3368,3738
3368,3400
3368,1184
3737,3738
3737,4920
3738,3737
3738,3400
3738,1184
4000,4001
4000,4071
4000,2578
4000,4291
4000,2238
4000,2600
4001,4000
4001,4003
4001,2252
4001,2600
4002,4003
4002,2600
1249,1250
1249,4003
1249,1153
1249,2022
1249,1339
1250,1153
4003,1249
4003,1250
4003,2600
333,339
333,364
333,376
333,1031
334,1028
334,1037
3739,2351
4004,482
4004,484
4004,293
2391,2347
2391,4321
913,849
913,4547
335,381
335,293
3369,1414
3369,3400
3369,1438
4005,2265
4005,602
4005,4354
3181,842
3181,460
4006,2491
1638,1839
1638,2279
1638,1853
1638,1740
1638,1857
5622,5547
5622,5548
5622,5550
5622,5555
5622,5608
5622,480
5622,1187
5622,957
5622,5647
914,2762
914,849
914,984
4790,4809
4790,4839
1084,3400
1084,1569
1084,1584
1084,1450
3824,3848
3824,3852
3824,5864
3740,2773
3740,3765
1085,1148
1085,1168
1085,1169
1085,4741
802,838
802,851
802,996
4007,1169
4007,1177
4007,4738
4007,1184
4880,4892
4880,5373
4880,4942
4880,4944
4880,4946
4880,3511
4880,5293
4791,4813
4791,5271
2737,480
2737,1184
2737,851
2737,3654
2737,2781
803,5705
803,841
5000,3565
545,602
545,2600
545,1747
3741,3761
3741,3788
5194,2893
5194,5144
5194,4813
5194,5253
5194,1501
3742,4834
4881,4941
3743,3755
3743,3765
1372,5236
1372,5237
1372,1410
1372,1501
5413,3514
5414,5177
5414,5483
5414,5491
5414,5146
5414,3547
3464,3546
5415,5441
5416,5484
5417,5418
5417,2031
5418,5425
5418,5427
5419,5423
5419,5448
5420,5419
5420,5421
5420,5422
5420,5423
5420,5448
5420,5454
5421,5418
5421,5423
5421,5447
5422,5421
5422,5423
5422,5447
5422,5448
5423,5418
5423,5425
5423,5447
5423,5448
5423,2451
5423,3849
5423,2593
5424,5447
5424,5448
5424,5450
5424,5454
5425,5418
5425,5427
5425,5432
5425,2451
5426,5425
5426,5427
5426,3571
5427,5425
5428,5428
5428,5429
5429,5428
5430,5437
5431,5465
5432,5425
5432,5427
5433,5439
5434,5453
5434,5454
5434,5468
5434,5493
5434,5237
5434,5364
5434,5373
5435,5461
5436,5448
5436,5465
5436,4813
5437,5438
5437,5439
5437,5463
5437,5464
5437,5144
5438,5437
5439,5437
5439,5438
5439,5441
5439,5463
5440,5438
5440,5442
5440,5463
5441,5463
5441,5464
5441,5521
5441,3851
5442,5444
5442,5445
5442,5463
5442,5520
5442,5521
5442,3219
5443,5442
5443,5444
5443,5463
5443,5491
5443,4722
5443,2918
5444,5445
5444,5518
5444,5520
5444,2273
5444,5539
5445,5442
5445,5444
5445,5463
5445,5520
5446,5447
5446,5448
5446,5450
5447,5177
5447,5419
5447,5421
5447,5423
5447,5424
5447,5425
5447,5448
5447,5450
5447,5454
5448,5419
5448,5421
5448,5422
5448,5423
5448,5425
5448,5447
5448,5450
5448,5454
5448,4813
5448,4826
5448,3849
5449,5447
5449,5450
5449,5463
5449,5521
5450,5446
5450,5447
5450,5448
5450,5449
5450,5454
3465,3466
3465,3510
3606,3485
3606,3510
3606,3643
5451,5455
5451,5479
5451,5492
5451,3060
5451,5540
5452,5460
5453,5434
5453,5467
5453,5493
5454,4697
5454,5448
5454,5450
5454,5469
5454,4813
5454,4826
5454,1455
5455,5484
5455,5504
5455,3510
5455,4834
5455,5532
5455,2608
5455,1464
5456,4827
5456,4837
5456,4839
5456,1319
5456,5538
5457,5458
5458,5457
5458,5512
5459,5491
5460,5452
5460,5462
5461,5467
5461,5469
5461,3466
5461,5491
5461,5525
5462,5460
5462,5470
5463,5415
5463,5437
5463,5441
5463,5442
5463,5444
5463,3853
5463,1579
5464,5437
5464,5463
5464,5467
5464,5521
5465,5705
5465,5447
5465,5460
5465,5463
5465,5466
5465,5467
5465,3466
5465,5491
5465,5524
5465,5525
5465,4813
5465,4941
5465,3511
5465,4826
5465,4827
5465,3219
5465,91
5465,92
5465,3771
5465,3781
5466,4696
5466,5181
5466,5460
5466,5465
5466,5467
5466,3466
5466,5472
5466,5487
5466,5524
5466,4942
5467,5447
5467,5465
5467,5466
5467,5469
5467,3466
5467,3501
5467,4826
5468,5707
5468,5454
5468,5488
5468,5489
5468,5491
5468,5498
5468,5521
5468,4813
5468,3500
5468,4826
5468,4715
5468,3784
5468,3140
5469,5438
5469,5465
5469,5466
5469,5467
5469,3466
5469,5491
5469,5229
5469,4941
5469,4942
5469,4826
3466,3465
3466,3510
5470,5438
5470,5468
5471,5470
5472,5466
5472,5467
5472,4939
5473,5464
5474,5455
5474,5456
5474,5484
5474,4839
5475,5456
5476,5483
5476,5485
5476,5491
5476,5497
5476,5507
5476,5513
5477,5478
5478,5479
5478,5483
5478,5490
5478,5491
5478,5507
5479,5485
5479,5491
5479,5521
5480,5479
5480,5488
5480,5491
5480,5492
5480,5494
5480,3513
5481,5411
5481,5485
5481,5490
5481,5491
5482,5485
5482,5521
5483,5476
5483,5478
5483,5484
5483,5491
5483,5493
5483,5497
5483,5507
5483,5513
5483,4826
5483,5271
5483,2060
5484,5410
5484,5454
5484,5455
5484,5459
5484,5478
5484,5480
5484,5483
5484,5486
5484,5487
5484,5488
5484,5490
5484,5491
5484,5492
5484,5493
5484,5494
5484,5495
5484,5497
5484,5503
5484,5507
5484,5511
5484,5512
5484,5513
5484,5144
5484,4942
5484,5146
5484,5532
5484,4134
5484,4715
5484,3565
5484,1430
5484,1575
5484,3123
5484,1464
5484,3140
5485,5476
5485,5478
5485,5482
5485,5491
5485,5521
5485,5523
5485,4826
5486,5427
5486,5463
5486,5490
5486,5521
5487,5437
5487,5442
5487,5463
5487,5464
5487,5466
5487,5467
5487,3466
5487,5484
5487,5491
5487,5493
5487,5497
5487,3219
5488,5476
5488,5492
5488,5494
5488,5495
5489,5437
5489,5463
5489,5479
5489,5484
5489,5491
5489,5492
5489,5496
5489,5497
5489,5521
5489,2889
5489,5144
5489,5240
5489,4931
5489,5269
5489,5146
5489,4715
5489,4744
5489,3411
5489,2910
5489,3123
5489,3009
5490,5478
5490,5481
5490,5483
5490,5488
5490,5491
5490,5492
5490,5501
5490,4325
5491,5411
5491,5469
5491,5478
5491,5483
5491,5485
5491,5490
5491,4813
5491,4826
5491,3848
5492,5451
5492,5480
5492,5484
5492,5489
5492,5491
5492,5497
5492,4826
5492,1464
5493,5427
5493,5478
5493,5483
5493,5490
5493,5491
5493,5495
5493,5497
5493,5508
5493,3511
5493,4826
5493,3102
5493,175
5493,5293
5493,1291
5493,3335
5493,3571
5493,935
5493,3123
5493,3426
5494,5480
5494,5484
5494,5488
5494,5492
5494,5496
5494,2978
5494,3400
5494,103
5494,3123
5494,1463
5494,1464
5494,3009
5495,5500
5495,5505
5496,5463
5496,5476
5496,5483
5496,5484
5496,5489
5496,5491
5496,5492
5496,5514
5496,5521
5496,5144
5496,4713
5496,5276
5496,3335
5497,5426
5497,5484
5497,5487
5497,5499
5497,5508
5497,5514
5497,5529
5497,3511
5497,5146
5497,4134
5497,3544
5498,5455
5498,5468
5498,5484
5498,5488
5498,5489
5498,5532
5498,2608
5498,5879
5498,1464
5499,5497
5500,5484
5500,5521
5501,5490
5501,5491
5501,4813
5501,3511
5501,4826
5501,5271
5501,3516
5502,1283
5503,5479
5503,5499
5503,5506
5503,5511
5503,5514
5503,5521
5503,1291
5504,5707
5504,5484
5504,5492
5504,5521
5505,5495
5505,5499
5506,5484
5506,5491
5506,5503
5506,5509
5506,5511
5506,5521
5506,4813
5507,5478
5507,5483
5507,5484
5507,5490
5507,5491
5507,5495
5507,5497
5507,4715
5508,5497
5508,5499
5508,5506
5509,5492
5509,5497
5509,5146
5509,5532
5509,4715
5509,4747
5510,5456
5511,5484
5511,5506
5511,5513
5511,5521
5511,4813
5511,3335
5512,5458
5512,5487
5512,5503
5512,5509
5512,5513
5512,5514
5512,5515
5512,5521
5513,5483
5513,5521
5513,4715
5514,5497
5514,5503
5514,5506
5514,5509
5514,5511
5514,5512
5514,5513
5514,5515
5514,5521
5514,4747
5514,192
5515,5521
5516,5517
5517,5516
5518,5444
5518,5520
5519,5465
5519,3466
5520,5444
5520,5463
5520,5518
5520,3853
5521,5444
5521,5464
5521,5491
5521,5520
5521,5195
5521,2906
5521,5539
5195,200
5522,3511
5523,5485
5196,4826
5524,5465
5524,4813
5524,4826
5525,5461
5525,5526
5526,5461
5526,5465
5526,5467
5526,5469
5526,5525
5526,4813
5527,5484
5527,5527
2738,2761
2738,480
4008,2762
4008,4355
4008,4754
4009,2762
2392,2347
4010,4738
4011,1169
4011,1177
4011,2236
4011,4738
1251,2457
1251,1290
1251,2600
1251,2619
3299,3332
3299,3336
5197,5410
5197,3706
5197,5261
5197,3499
5197,3510
5197,3511
5197,3382
5197,200
3467,3510
804,4826
804,4128
804,2773
3300,1166
3300,1588
1980,2236
1980,2242
1980,2027
1980,2031
1980,2041
3607,3485
3607,3510
2393,2347
2393,1691
2393,2449
2393,2592
2393,2278
2393,1200
2394,2347
2394,2455
2394,78
2394,2613
2394,2614
2394,2655
5198,4813
5198,5257
1529,1536
1529,2990
4012,2393
2395,3848
2395,2273
2395,2929
5199,4931
5199,5379
4013,3388
4013,2265
4013,2266
4013,2278
4013,2615
4013,103
4013,4335
4014,1931
4014,1932
4014,1935
4014,1936
4014,1945
5330,4940
5330,4942
5330,5255
4,49
4,54
4,55
4,726
4,3400
4,113
1894,589
1894,1857
1894,1944
1894,2119
1894,1801
1894,1967
2089,2090
2089,2119
2090,4335
2090,2473
2090,2119
2090,4484
1895,1894
1895,589
1895,1854
1895,1967
4015,2232
4015,2762
4015,2775
4015,2834
4016,2234
4016,1286
4016,2022
4016,1290
4017,3398
4017,2457
4017,3407
3301,1433
546,573
546,2282
1373,3400
1373,1455
1373,4758
5200,5380
5528,5530
3302,3326
1639,2025
1639,2241
1639,2279
1374,3210
1374,3394
1374,3401
1374,93
1374,2639
3744,3810
5731,3799
3370,294
2396,2443
2396,1449
3825,4018
3825,1432
3825,1200
3825,3669
4018,4236
4018,3852
4018,74
4018,3669
547,2447
547,589
547,2265
547,4843
4792,4793
4792,4809
4793,4792
5201,3547
5201,3400
1375,271
1375,1435
1375,1437
2397,4931
2397,4713
2397,2454
2397,4746
2397,3407
2397,2644
2398,2347
2398,1485
2399,3856
2400,2375
2401,3609
2401,3400
2401,2106
2401,2280
4019,1935
4019,3669
1640,1932
1640,1945
1640,1777
1640,1799
336,2458
336,2610
336,102
681,682
681,713
682,681
682,713
4882,5224
4882,4914
4882,4942
4882,5258
4882,189
4882,5407
4020,1443
2864,1184
2864,4333
2170,2300
2402,2347
2402,103
5001,5028
2865,4931
2865,1852
2865,1438
2865,1319
2865,1322
4704,4768
232,234
232,1166
232,1176
232,735
3371,4811
3371,4837
3371,3398
4021,68
2550,190
2550,92
2550,2661
4022,4319
5,28
915,3608
915,4507
3608,2347
3608,915
3608,5022
5732,5564
5732,5607
5732,2227
5732,480
5732,5649
3372,4231
3372,2459
3372,2765
4883,4942
4883,5257
4883,4827
4023,4159
4023,2230
4023,2242
4023,4738
4024,2347
4024,2457
4024,2464
2866,2904
2866,2908
2866,1464
2867,5548
2867,5549
2867,1443
2867,3679
2403,2347
4025,4340
5202,5231
5202,5293
4026,858
4026,964
1641,2279
1641,1857
1641,1773
1641,1967
3040,3123
4705,928
4705,44
4705,709
4705,719
4705,2479
1896,1920
1896,1932
1896,1936
805,819
805,849
5002,5029
5002,5237
156,185
156,190
156,1191
156,1443
156,194
3609,3456
3609,5236
3609,4813
3609,4927
3609,4941
3609,4826
3609,5271
1376,1433
683,713
4027,1403
4027,4291
4027,3400
4027,1488
4027,4622
4028,2347
4028,2592
3826,5266
3826,3838
3041,1440
3041,3120
3041,3123
2868,3848
2868,2907
2868,2930
1642,1707
1642,4291
1642,3400
1086,1129
1086,1135
1086,1168
4029,1430
4030,4738
4030,1184
2171,2241
2171,617
548,549
548,2265
548,612
549,4731
549,2265
549,600
549,627
3303,3848
3303,3336
3303,3859
3468,4740
3468,1290
3468,2603
3468,2774
6,1286
4031,3602
4031,4032
4031,2752
4032,4114
4032,1421
4032,4751
4032,964
4033,2578
4033,2600
4033,4443
3182,1184
3182,98
3182,195
3182,3234
4034,592
4034,4393
4035,290
4035,609
4036,63
3745,3771
3042,3123
1530,1531
1530,1572
1530,1573
1530,1342
1531,1530
1531,1342
3043,1444
3043,3109
3043,1581
3043,1583
3043,3112
5203,4926
5331,5203
5331,5332
5331,4926
5331,5357
5331,4932
5331,5377
5331,5253
5331,4940
5331,4941
5331,4942
5332,4932
5332,4940
5332,4942
5332,5384
5332,4826
5332,5406
4884,5233
4884,4924
4884,4941
1897,1898
1897,1936
1897,2107
1897,1790
1897,1964
1898,1897
1898,1936
1898,1945
2172,2173
2172,1848
2172,1850
2172,616
2172,1854
2172,1855
2172,1757
2172,1803
2173,2172
2173,1850
2173,616
2173,1742
2173,1854
1087,3331
1087,1167
1087,1168
1087,1171
1087,1582
806,846
806,848
806,849
806,851
4037,2347
4037,1289
4038,2347
4039,2347
4039,4040
4039,2504
4040,2347
4040,4039
4040,4738
2404,2393
2404,2592
2404,4321
4041,2347
4041,4006
4041,4043
4042,2347
4042,3911
4042,2455
4043,2347
4043,4041
4043,1841
4043,4736
4044,1936
4044,1759
4044,1771
3183,2351
3183,1184
3183,849
3183,1572
3183,1584
3183,3244
3183,931
2174,2242
2174,1560
2174,1332
2175,2174
2175,2238
2175,1560
2175,60
1377,1643
1377,1644
1377,1855
1377,1857
1643,1377
1643,1644
1643,2242
1643,608
1643,617
1643,1857
1643,102
1643,1762
1644,2355
1644,1377
1644,1643
1644,1857
1644,868
1644,883
4045,3654
337,4056
337,3654
4046,480
4046,849
4046,3654
4046,956
4794,4801
4794,5227
4794,4820
1088,1167
1088,1168
1088,1172
1088,1176
1088,1177
1088,2027
684,713
684,731
5204,4834
5204,5295
4047,376
4047,609
338,2347
4048,3214
4048,4331
807,830
807,846
807,849
2551,190
2551,2608
2551,92
2551,93
2551,4762
2551,2637
2551,2639
2091,4291
2091,289
2091,2278
2091,2106
2091,2279
2091,1437
2091,1873
550,289
550,2115
550,2138
550,649
1981,2242
1981,2252
1981,2256
1981,2265
808,4738
808,92
808,849
1645,2347
1645,1683
1645,1740
1645,1750
3304,3330
3304,3332
3305,3321
157,1028
157,1032
157,1747
339,3217
339,1031
339,1032
339,1035
339,1036
339,1037
339,1038
339,1060
1009,1031
1010,1021
1010,50
1010,74
1010,1031
1011,1031
1011,399
1011,400
1011,1053
1012,1028
1012,400
1012,1042
2552,66
2552,2608
2552,2610
2552,95
2552,2611
2552,98
2552,2479
1089,4320
809,807
809,4141
809,830
2869,2894
2869,2907
1827,1828
1827,2225
1827,2104
1827,2233
1827,2278
1827,2279
1827,1861
1827,619
1827,1873
1828,4291
1828,2279
1828,1854
1828,1872
1828,2114
2176,1403
2176,1274
2176,2021
2176,66
2176,1290
3044,3090
3044,3123
3044,3131
3044,3781
3184,2762
3184,89
3184,3243
3184,205
3184,3249
1646,1857
1646,2280
340,1899
340,4243
340,2451
340,2626
340,403
1899,2276
1899,1720
1899,1853
1899,1937
1899,1943
3746,2451
3746,91
233,2601
233,293
233,300
233,301
1378,1366
1378,1450
810,926
810,849
810,3654
810,984
4885,4859
4885,4941
4885,4942
4885,5293
4886,4925
4886,4932
4886,4936
4886,4940
4886,123
5205,3537
5205,3538
1829,1854
234,293
4049,1167
4049,1874
3610,3510
4050,2106
4050,2615
4050,1741
4050,1857
4050,4362
4050,1767
685,714
685,746
2177,2115
2177,2124
2177,2129
2177,2148
2178,28
2178,2021
2178,2242
2178,2031
2178,185
811,3645
811,2599
811,2771
811,4589
2870,3840
4051,1403
4051,1419
4051,1422
1013,1031
1013,489
812,849
916,800
1982,1423
1379,1426
1379,2028
1379,1433
1379,3400
1379,3411
1379,1445
3045,3079
3046,3027
3046,3646
3046,3123
3046,5539
341,573
551,573
551,1028
3047,152
3047,1180
3047,5293
5781,480
5781,2774
5781,5889
813,722
813,726
813,849
813,957
917,849
686,3393
686,3394
686,709
686,713
686,714
686,53
686,726
686,3400
4052,4722
4053,917
4054,917
4054,1432
4054,49
4054,1572
2405,2347
3747,3782
3747,3794
3185,152
3185,16
3185,171
3185,3848
3185,35
3185,2919
4055,2347
4055,2482
3186,158
3186,198
3186,215
3186,216
158,3186
158,215
158,216
3187,3513
235,1421
235,293
4056,337
4056,2594
4056,480
4056,3654
5782,3330
5782,3411
4057,935
4057,2488
2553,2608
2553,92
4058,1936
4058,1945
4059,4058
4059,1732
4059,410
1252,2347
1252,1278
1252,1286
1252,2028
1252,66
1252,1290
236,2762
236,293
236,300
236,2804
4060,2025
4060,376
4060,293
237,2103
237,293
238,259
238,279
238,3387
238,293
238,3654
239,260
240,260
4061,4062
1014,1028
1014,1031
1014,3263
4062,4061
814,2744
814,4719
814,2762
814,3654
814,953
814,964
814,3676
2406,2466
2406,2278
2406,1935
4795,4826
3188,3216
3188,1028
3188,1031
3188,392
687,713
687,723
1015,333
1015,353
1015,365
1015,1024
1015,3225
1015,388
1015,1064
688,713
688,714
688,715
688,759
689,690
689,694
690,689
691,708
691,712
691,713
691,714
691,2060
2871,1464
2871,5650
2739,2761
2739,2769
3189,3212
3189,1184
3189,194
4063,4738
4063,3416
3306,3307
3306,3336
3307,3313
3307,3336
3308,4737
3308,66
3308,200
692,714
692,719
692,53
692,726
692,57
7,101
7,4753
7,119
2740,4739
2740,57
2740,480
2740,376
2740,936
2740,119
5623,5566
5623,5572
5623,3611
467,342
467,1148
467,290
467,511
468,469
468,496
468,497
468,511
469,470
469,479
469,88
469,3218
469,4343
469,523
470,469
470,519
342,477
342,2762
342,290
342,295
342,2781
552,2242
552,2265
552,2278
552,640
471,3218
471,4343
471,3243
471,523
472,87
472,497
472,498
472,499
472,500
472,1036
472,2775
472,515
472,522
472,528
473,487
473,295
473,496
2741,2761
2741,2762
2741,2791
4064,2762
4064,3855
4064,852
4065,2762
4065,4355
2742,2761
2742,2762
2742,4421
2743,2761
2743,2762
2743,306
2743,2781
159,3398
159,66
4066,2242
4066,592
4066,376
4066,605
4066,608
4067,3849
4067,4734
4067,1438
4067,1310
815,816
815,849
815,877
816,815
816,849
816,877
3190,3191
3190,190
2554,3191
2554,2555
2554,67
2554,3400
2554,92
2554,3234
2554,123
3191,1184
3191,92
3191,2640
3191,3250
2555,2554
2555,2556
2555,97
2555,3141
2556,2554
2556,2555
2556,92
2556,433
3748,1437
3748,3790
4068,2642
4068,2678
1532,1552
1532,1575
2962,2916
2962,3006
2963,2964
2963,3119
2963,3000
2964,2963
2964,1407
2964,3237
2964,3119
2964,3000
2965,2994
2965,2999
2965,2913
2965,3126
2966,2990
4069,2972
4069,1464
2872,3058
2967,1463
2967,1464
2873,2969
2873,4070
2873,2970
2873,2971
2873,2973
2873,4271
2873,3123
2873,3009
2873,3141
2968,2873
2968,2969
2968,4070
2968,2970
2969,4070
2969,2970
2969,2971
2969,2973
2969,3566
2969,1291
2969,3123
2969,1324
4070,2873
4070,2969
4070,2970
4070,4738
4070,1464
4070,3010
2970,2969
2970,4070
2970,2973
2971,2969
2971,4070
2971,2970
2971,2973
2971,2974
2972,2873
2972,2969
2972,4070
2972,2971
2972,2973
2972,1464
2972,3010
2973,2873
2973,2968
2973,2969
2973,4070
2973,2970
2973,2971
2973,2972
2973,2874
2973,3048
2973,97
2973,3123
2973,1463
2973,3010
2974,2967
2974,2969
2974,2972
2974,2973
2974,2874
2974,2975
2974,2976
2974,2977
2874,2872
2874,2972
2975,2958
2975,3848
2975,1324
2975,1463
2975,2913
2975,3009
2975,3010
2976,2958
2976,2967
2976,2975
2976,3009
2977,2874
3048,3127
3048,1595
2978,2980
2978,2981
2978,2982
2978,3123
2978,1464
2978,3140
2978,5534
2875,2876
2875,2877
2875,2878
2875,1464
2875,3141
2876,2875
2876,2877
2876,2878
2876,3141
2877,2875
2877,2876
2877,2877
2877,2878
2877,3141
2878,3036
2878,2875
2878,2876
2878,2877
2878,2985
2878,2882
2878,2990
2878,3097
2878,4887
2878,2237
2878,1464
2878,3141
2979,3123
2979,1464
2979,2913
2979,3003
2979,3009
2979,5534
2980,2978
2980,2981
2980,2982
2980,3848
2980,103
2980,3123
2980,1324
2980,1464
2980,2497
2980,3140
2981,2978
2981,2980
2981,2982
2981,1324
2982,2978
2982,2898
2982,3330
2982,3848
2982,3400
2982,1438
2982,3256
2982,1463
2982,1464
3049,2018
3049,3852
3049,1438
3049,1588
3049,3116
3049,3119
3050,3090
3050,1572
3050,1583
3051,3079
3051,3123
1647,1966
553,2163
553,2221
553,2241
553,2266
553,664
5003,5089
5003,5090
3052,3123
3053,3060
5004,5042
5004,5130
5004,3565
5004,2298
5004,2303
2557,1254
2557,68
2557,2607
2557,2608
2557,93
2557,103
2557,1319
2558,4001
2558,2557
2558,4071
2558,1254
4071,4001
4071,93
5005,5021
5005,5271
2879,1707
2407,543
2407,2278
2744,814
2744,817
2744,818
2744,3397
2744,3654
2744,964
2744,989
817,2744
818,2744
818,480
5006,5022
5006,5101
5006,5144
2408,2355
2408,1533
2408,2580
2408,480
2408,2610
5007,5022
5007,5044
5007,5046
5007,5047
5008,3698
5008,5026
5008,1255
5008,5078
5009,4993
5009,5022
5009,5026
5009,5041
5009,5049
5009,5146
5009,2227
5010,5022
5010,5045
5010,5046
5011,5010
5011,5022
5011,3510
5011,3547
5012,5013
5012,5022
5012,5291
5013,4984
5013,5012
5013,5015
5013,175
5013,92
5013,1942
1533,2408
1533,1286
1533,2033
1533,1559
1533,1560
1533,1562
1533,66
1533,76
1533,2599
1533,97
1533,1574
1533,1575
1533,1584
2409,2990
2409,1289
2409,190
2409,2278
2409,1188
2409,1567
2179,2165
5014,5066
5014,4121
5014,2600
1253,709
1253,183
1253,2457
1253,1183
1253,2600
2559,2539
2559,709
2559,57
2559,66
2559,68
2559,2600
2559,2274
5015,2558
5015,1254
5015,3054
5015,3060
5015,5041
5015,2560
5015,5046
5015,5047
5015,5052
5015,5059
5015,5090
5015,5091
5015,1411
5015,4740
5015,63
5015,2600
5015,1292
5015,2608
5015,2609
5015,3571
5015,124
5015,3120
5015,1333
1254,5015
1254,1290
1254,2608
1254,2609
1254,1564
1254,97
1254,103
5016,3457
5016,2557
5016,2559
5016,68
5016,123
3054,3588
3054,5015
3054,5043
3054,370
3054,3848
3054,2600
3054,2615
3054,1870
3054,3120
3054,3123
3055,2953
3055,3058
3055,3069
3055,1699
3055,2018
3055,2027
3055,4733
3055,3123
3056,3411
2880,4696
2880,2347
2880,2873
2880,2983
2880,3057
2880,3058
2880,3061
2880,1255
2880,2990
2880,2884
2880,2278
2880,3411
2880,2904
2880,3123
2880,1463
2880,3009
2880,3141
2880,3021
2983,2880
2983,3058
2983,3083
2983,3123
2983,1324
2983,3009
2983,3010
2983,3015
5017,5013
5017,5022
5017,5043
5018,5022
5018,5032
5018,4708
5018,4715
1534,1519
1534,1547
1534,1552
1534,1575
1535,1575
1536,3365
1536,4784
1536,3057
1536,3061
1536,1397
1536,1267
1536,3201
1536,3215
1536,1183
1536,2600
1536,3237
1536,1572
1536,1574
1536,1575
1536,1576
1536,1580
1536,1581
1536,1306
1536,3119
1537,1519
1537,3061
1537,3064
1537,3087
1537,846
1537,1569
1537,1584
1537,3123
5019,5021
5019,5025
5019,5056
5019,3337
3611,5227
3611,3510
3611,3669
4706,76
4706,2278
4706,2615
5020,5021
5020,5022
5020,5028
5020,5041
5020,5044
5020,5047
5020,3078
5020,5078
5020,3079
5020,5115
5020,4124
5020,5146
5020,4271
5020,1179
5020,3848
5020,3565
5020,3853
5020,480
5020,390
5020,1870
5020,2286
5020,1884
5020,2927
5020,5167
5021,5022
5021,5025
5021,5041
5021,5086
5022,5012
5022,3611
5022,5021
5022,3060
5022,5026
5022,5030
5022,5032
5022,5041
5022,5043
5022,5046
5022,5049
5022,5050
5022,5053
5022,5055
5022,5059
5022,5081
5022,5082
5022,5097
5022,5112
5022,5144
5022,5255
5022,3510
5022,5269
5022,3519
5022,3102
5023,5021
5023,5022
5023,5028
5023,5041
5023,5058
5023,3400
5023,848
3057,3058
3057,3059
3057,3062
3057,1742
3057,1189
3057,1575
3057,1588
3057,3123
5783,2393
5783,2409
5783,5021
5783,5029
5783,2410
5783,3373
5783,4813
5783,3511
5783,3201
5783,480
5783,593
5783,1183
5783,3400
5783,185
5783,4746
5783,2608
5783,92
5783,2614
5783,2278
5783,2106
5783,1931
5783,1438
5783,1187
5783,1188
5783,1580
5783,1581
5783,2774
5783,2776
5783,1588
5783,1479
3058,5022
3058,3057
3058,5027
3058,1090
3058,5052
3058,3066
3058,3373
3058,2412
3058,5091
3058,3083
3058,3087
3058,1174
3058,2018
3058,1183
3058,186
3058,609
3058,2279
3058,1726
3058,1735
3058,1853
3058,1740
3058,1937
3058,1742
3058,1941
3058,1857
3058,1745
3058,1751
3058,1942
3058,3411
3058,2625
3058,2632
3058,3123
3058,3145
3058,3150
5024,4696
5024,3062
5024,5146
5024,2278
3059,3057
3059,3058
3059,3060
3059,3061
3059,3062
3059,2560
3059,5048
3059,3070
3059,5063
3059,3393
3060,3059
3060,3063
3060,5048
3060,3066
3060,3070
3060,5063
3060,3373
3060,3073
3060,1183
3060,1581
3060,1582
3060,3119
3060,3123
3061,3049
3061,3060
3061,1090
3061,2180
3061,3093
3061,1397
3061,2455
3061,1189
3061,1574
3061,1575
3061,1584
3061,3123
3061,3132
3061,3151
5025,2409
5025,5019
5025,5020
5025,5021
5025,5022
5025,5028
5025,5035
5025,5056
5025,5080
5025,5081
5025,1119
5025,1157
5025,3853
5025,2106
5025,3336
5026,5022
5026,3511
5026,4826
5026,5269
5026,851
5027,4980
5027,5022
5027,5039
5027,5043
5027,5053
5027,1941
5028,5029
5028,5030
5028,5085
5028,2207
5028,3401
5028,3412
5029,5021
5029,3061
5029,5271
5030,5020
5030,5022
5030,5036
5030,5115
5030,5271
5030,1417
5030,2593
5030,1942
5031,5002
5031,5022
5031,103
5032,5021
5032,5028
5032,5038
5032,5041
5032,5095
5032,5145
5032,3571
5033,5021
5033,5022
5033,5030
5033,5034
5033,2180
5033,5112
5033,5237
5033,3511
5033,26
5033,5293
5033,3400
5034,2343
5034,5021
5034,5055
5034,851
5035,5030
5035,5081
5036,5022
5036,5030
5037,5021
5037,5022
3062,3057
3062,5024
3062,3077
5038,5021
5038,5022
5039,5005
5039,5027
5039,5038
5039,2410
5039,4827
5039,1416
5040,5020
5040,5021
5040,5022
5040,5032
5040,5041
5040,5049
5040,5059
5040,5060
5040,5146
5040,1575
5041,5020
5041,5032
5041,5036
2560,3060
2560,5062
2560,4717
2560,1272
2560,4285
2560,1286
2560,2026
2560,2241
2560,66
2560,68
2560,72
2560,1183
2560,4745
2560,1290
2560,2600
2560,1292
2560,2608
2560,2610
2560,1294
2560,2613
2560,1580
2560,2642
2560,3123
3063,3060
3063,2286
5042,5004
5042,5123
5042,1298
5042,2298
5042,2303
5043,5015
5043,5021
5043,5022
5043,5027
5043,5038
5043,5039
5043,5046
5043,3066
5043,3071
5043,3074
5043,5090
5043,3565
5043,63
5043,2615
5043,1855
5043,1859
5043,1870
5043,1884
5044,3438
5044,5043
5044,5046
5044,5054
5044,4121
5044,3478
5044,5237
5044,3565
5045,5010
5045,5022
5045,5043
5045,5044
5045,5053
5045,5054
5045,5062
5045,5090
5045,5242
5045,3511
5046,5007
5046,5022
5046,5026
5046,5044
5046,5047
5046,5059
5046,5271
5046,3411
5047,5015
5047,3511
5047,5145
5047,2600
5048,3060
5048,2560
1090,1119
1090,1148
1090,1153
1090,1157
1090,1167
1090,1168
1090,1187
1090,1447
1090,1575
5049,5000
5049,5022
5049,819
5049,3510
5049,4715
5050,5021
5050,5022
5050,5034
5050,5097
5050,838
5050,846
5050,849
5051,5066
5051,5070
5051,1424
5051,3411
5052,5090
5052,63
5052,1575
5052,1233
5053,4980
5053,5012
5053,5013
5053,5027
5053,5045
5053,5054
5053,5090
5053,3672
5054,4980
5054,5022
5054,5045
5054,5053
5054,5090
5054,4121
5054,3565
3064,2339
3064,3060
3064,3200
3064,1566
3064,1306
3064,1196
3064,1588
3064,3119
5055,5022
5055,5032
3065,3057
3065,3058
3065,3062
3065,3077
3065,1742
3065,1580
5056,3307
5056,5019
5056,5025
5056,5080
5056,3411
5057,5022
5057,1255
5057,5065
5057,709
5057,183
5057,1183
5057,3855
5058,5022
5059,5022
5059,5032
5059,5040
4707,4931
4707,4713
4707,4838
4707,2904
2410,2347
2410,2587
2410,2608
2410,2616
2410,2280
5060,5028
5060,5146
2180,2377
2180,2406
2180,2449
2180,2242
2180,66
2180,2466
2180,2278
2180,2106
2180,2279
2180,1743
2180,1187
2180,1188
2180,103
5061,3983
5061,5044
2984,2952
2984,2180
2984,4750
5784,5043
5784,3071
5784,1869
5784,1870
5784,1775
5784,5883
5785,3565
5785,2615
5785,2279
4708,3296
4708,2449
4708,1179
4708,76
4708,3400
4708,3219
4708,189
4708,1188
4708,2491
3066,3058
3066,3060
3066,3087
3066,4271
3066,1852
3066,103
3067,3058
3067,5032
3067,3068
3067,3326
3067,1183
3067,3400
3067,2615
3067,2279
3067,1581
3067,3123
3067,1595
3067,3007
3067,4606
3068,3067
3068,3068
3068,3073
3068,1174
3068,1581
3068,3123
3069,2347
3069,3060
3069,3061
3069,4707
3069,3100
3069,2613
3069,1932
3069,1935
3069,1936
3069,1743
3069,1440
3069,3113
3069,3119
3069,3123
3069,2533
5786,3028
5786,3058
5786,3060
5786,5027
5786,5039
5786,5785
5786,3066
5786,3067
5786,3068
5786,3070
5786,3073
5786,5078
5786,5079
5786,3079
5786,3087
5786,3100
5786,1164
5786,196
5786,3231
5786,3113
5786,3248
5786,3123
5786,1595
5786,3154
5786,3159
5786,5539
1830,3058
1830,1255
1830,1655
1830,53
1830,56
1830,60
1830,1438
3070,1253
3070,3059
3070,3060
3070,2180
3070,3073
3070,3075
3070,1662
3070,1742
3070,2642
1255,5022
1255,4707
1255,3079
1255,5237
1255,3646
1255,2237
1255,1432
1255,3400
1255,2608
1255,92
1255,3231
1255,3855
1255,1464
1255,2689
5062,3058
5062,5054
3071,3056
3071,3060
3071,2180
3071,3066
3071,3069
3071,3073
3071,3074
3071,2413
3071,4189
3071,4271
3071,2018
3071,4291
3071,2256
3071,4741
3071,1183
3071,1848
3071,1851
3071,617
3071,1932
3071,1859
3071,1437
3071,1438
3071,3411
3071,1440
3071,2286
3071,3113
3071,3123
3071,1780
5787,3060
5787,2560
5787,3064
5787,3070
5787,3071
5787,5063
5787,5064
5787,5788
5787,5070
5787,5854
5787,5855
5787,645
5063,5022
5063,3059
5063,3060
5063,3071
5063,5066
5063,5075
5063,5269
5063,3513
5063,5146
5063,4715
5063,3102
5063,1172
5063,3848
5063,1286
5063,1183
5063,1184
5063,186
5063,3411
5063,1572
5063,1575
3072,3058
3072,2412
3072,1908
3072,2609
3072,2276
3072,2279
3072,1740
3072,1742
3072,3123
3072,1964
3072,1967
1648,2343
1648,2180
1648,5062
1648,3071
1648,3373
1648,3074
1648,5789
1648,1655
1648,2248
1648,60
1648,2457
1648,190
1648,3408
1648,1852
1648,1935
1648,1743
1648,1437
1648,2480
1648,3415
1648,1952
1648,2515
5064,5066
5065,5066
5065,1742
5066,1255
5066,5065
5066,5070
5066,5071
5066,5075
5066,5098
5066,5103
5066,5144
5066,3500
5066,2227
5066,2615
5066,2765
5066,1575
3373,2347
3373,3058
3373,2412
3373,60
3373,92
2411,427
1649,2412
1649,2413
1649,1901
1649,1706
1649,2278
1649,2615
1649,1936
1649,1743
1649,2468
1649,1759
1649,1772
1649,1964
5067,1253
5067,5015
5067,5022
5067,1167
5067,1283
5067,2600
1650,2393
1650,1678
1650,1706
1650,4260
1650,590
1650,2104
1650,2233
1650,4291
1650,2241
1650,2028
1650,593
1650,76
1650,4321
1650,2466
1650,2615
1650,1740
1650,1932
1650,1935
1650,1936
1650,2107
1650,1759
1650,1950
1650,2124
1650,2126
1650,1955
1650,1957
2412,2343
2412,2180
2412,3373
2412,2414
2412,2580
2412,2596
2412,66
2412,1183
2412,2599
2412,2461
2412,2603
2412,1564
2412,2614
2412,2276
2412,2615
2412,2279
2412,1852
2412,1938
2412,1858
2412,1743
2412,2468
2412,2616
2412,1942
2412,4449
2412,1772
1651,3060
1651,1255
1651,5063
1651,1256
1651,5075
1651,1676
1651,1680
1651,1414
1651,1174
1651,3388
1651,2241
1651,480
1651,60
1651,596
1651,2273
1651,2615
1651,1928
1651,1726
1651,1853
1651,1740
1651,1932
1651,3411
1651,103
1651,4332
1651,1765
1651,3123
5788,338
5788,1651
5788,343
5788,160
5788,5068
5788,2413
5788,1908
5788,1681
5788,1843
5788,1719
5788,1720
5788,2297
5788,1804
343,4713
343,2241
343,1184
343,2279
343,1438
343,103
343,200
343,2626
160,5068
160,571
160,4291
160,49
160,2265
160,601
160,603
160,607
160,2297
160,1327
5068,5065
5068,5093
5068,5098
5068,5099
3073,3060
3073,3068
3073,3070
3073,3075
3073,1183
3073,190
3073,1742
3073,1743
1652,1929
5069,5064
5069,5070
5070,5049
5070,5065
5070,5066
5071,1255
5071,5065
5071,5066
1256,5063
1256,4826
1256,5146
1256,2279
1256,3411
1256,3664
3074,3058
3074,2180
3074,3066
3074,3071
3074,3123
3074,3131
3075,3070
3075,1657
3075,2625
3076,1649
3076,2279
3076,2280
3076,390
1653,3058
1653,2412
1653,1654
1653,66
1653,1857
1653,2640
1654,1653
1654,2570
1654,2276
1654,1857
1654,1966
5789,3373
5789,1649
5789,2412
5789,1901
5789,1656
5789,1935
1900,1649
1900,1901
5072,5022
2413,1432
2413,1027
2413,2598
2413,63
2413,66
2413,1742
2413,2286
2413,2631
5073,5111
5073,4738
3077,3057
3077,3072
3077,2412
3077,190
3077,1726
3077,1735
3077,1740
3077,1742
3077,1743
3077,1964
2414,3373
2414,2412
2414,2434
2414,2455
2414,2469
2414,2475
2414,2476
1655,2412
1655,60
1655,1935
1655,1856
1655,1743
1655,1438
1655,2515
3374,1655
3374,3387
3374,3399
3374,1183
3374,1926
1901,1649
1901,2412
1901,1900
1901,2241
1901,2615
1901,1846
1901,1743
1901,103
1901,1944
1901,1964
1901,1967
5074,5067
5074,1172
1902,2343
1902,2412
1902,1901
1902,60
1902,1735
1902,1930
1656,3072
1656,1932
1656,1857
1656,1743
1656,3119
1656,3123
5075,5022
5075,3060
5075,5063
5075,2412
5075,1171
5075,2615
5075,1743
5075,1187
1657,5065
1657,1852
1657,1853
1657,1742
4709,5098
4709,4072
5076,5022
5076,1255
5076,5112
5077,5022
5077,5066
5077,5111
5077,5112
5077,2608
5077,195
1257,2347
1257,3510
1257,2241
1257,1433
1257,1290
1257,4405
3078,3032
3078,5021
3078,5032
3078,5060
3078,1410
3078,1306
3078,3119
5078,5017
5078,5021
5078,3060
5078,5049
5078,5094
5078,5146
2745,4709
2745,1030
2745,603
2745,2762
5079,5027
5079,5038
5079,5039
5079,5043
5079,5049
5080,2409
5080,5025
5080,5056
5081,3306
5081,5035
5081,5080
5081,5084
5081,3336
5082,5081
5082,3336
5083,3608
5083,5022
5084,5021
5084,5023
5085,5105
5085,3500
5086,5021
5086,5087
5087,5086
5088,4978
5088,5042
5088,5049
5088,3511
2985,3058
2985,5144
2985,1550
2985,3123
2985,2915
2985,3009
2985,3140
2985,3141
3079,3045
3079,3051
3079,3082
3079,3085
3079,3091
3079,3400
3079,3113
3079,3123
3080,2959
3080,3060
3080,3082
3080,1183
3080,1740
3080,1758
3080,3123
3080,3154
5089,5003
5089,5021
5089,5022
5089,5046
5089,5090
5089,1393
5090,5022
5090,5052
5090,5054
5090,5062
5090,5089
5090,5269
5091,5015
5091,5052
5091,5090
5091,1545
5091,5269
5092,5027
5092,5144
5092,3009
5093,4992
5093,5068
5093,5098
5093,5116
5093,186
3309,3886
3309,3295
3309,4118
3309,3845
3309,3332
3309,2774
3309,3119
1538,1556
1538,1572
1538,1575
1538,1578
1538,1580
5094,5022
5094,5078
5094,5119
5094,3511
5094,5146
819,805
819,5049
819,5098
819,826
819,849
819,2498
819,948
819,3575
1658,3029
1658,3034
1658,3040
1658,3044
1658,3045
1658,3046
1658,3050
1658,3051
1658,3055
1658,3072
1658,1651
1658,3079
1658,3080
1658,3081
1658,3082
1658,3084
1658,3087
1658,3089
1658,3090
1658,3091
1658,3092
1658,3093
1658,1906
1658,1921
1658,1707
1658,1857
1658,4335
1658,1583
1658,1947
1658,3119
1658,3121
1658,3131
1658,1782
1658,1790
1658,3148
1658,1886
1658,3154
1658,3155
1658,3157
1658,3159
3081,3060
3081,3073
3081,3079
3081,3080
3081,1659
3081,3123
5095,5021
5095,5022
5095,5032
5095,5041
5095,5046
5095,5098
5096,5022
5096,5026
5097,5021
5097,5041
5097,5112
5098,4998
5098,5022
5098,5032
5098,5066
5098,5068
5098,5099
5098,5105
5098,5106
5098,5108
5098,5109
5098,5112
5098,5113
5098,5137
5098,3475
5098,3098
5098,5144
5098,3538
5098,1167
5098,2599
5098,3764
5098,2924
5098,5165
5099,4996
5099,5011
5099,5021
5099,5022
5099,5026
5099,5098
5099,2240
5099,2035
5099,2047
5099,2763
5099,3335
5099,2286
5099,3571
5100,5022
5100,5041
5100,5098
5100,5099
5100,5111
5101,5066
5101,5098
5101,5112
5102,3848
5103,5015
5103,5049
5103,5066
5103,5098
5103,5104
5103,5105
5104,5066
5104,5103
5104,5105
5104,2600
5104,92
5105,5022
5105,5098
5105,5104
5105,5123
5105,68
5106,5098
5106,5099
5106,5102
5106,5105
5106,5107
5106,5113
5106,3098
5106,5152
5107,5098
5107,5106
5107,2600
5108,5026
5108,5049
5108,5068
5108,5098
5108,5109
5108,4813
5108,73
5109,2347
5109,5022
5109,5098
5109,5108
5110,5022
5110,5049
3082,3030
3082,3060
3082,3079
3082,3080
3082,3091
3082,3400
3082,186
3082,1438
3082,1575
3082,3123
3082,3154
1659,5068
1659,3073
1659,5075
1659,1706
1659,1172
1659,1738
1659,1739
1659,1741
1659,1767
1659,3113
1659,3123
1659,1770
5111,5022
5111,5098
5111,5100
5111,5133
5112,5022
5112,5033
5112,5041
5112,5098
5112,5101
5112,5133
5112,849
5112,3781
5112,5158
5113,5049
5113,5098
5114,2347
5114,5022
5114,5098
5114,5134
5114,66
5114,68
5114,2609
5114,1584
5115,5022
5115,5026
5115,5095
5115,5271
3083,3058
3083,1172
3083,1183
3083,3400
3083,3411
3083,3232
3083,1572
3083,1324
3083,3141
1539,1533
5116,4992
4072,4709
4072,4297
4072,4738
4072,103
4072,4333
4072,4758
1903,3528
1903,2615
1903,1936
1903,1743
3612,3485
3612,1464
5117,5047
5117,186
5117,1300
1660,2279
1660,1846
1660,1743
1660,1767
4073,2347
4073,103
4073,2490
3375,1438
2415,4726
2415,3387
2415,4321
2415,936
4074,2347
4074,4090
2416,2376
2416,2278
2417,2354
2417,2379
2417,5239
2417,3513
2417,96
2417,103
3084,3120
3084,3123
2986,2910
1540,4931
1540,2106
1540,390
1540,1573
2987,2848
2987,2988
2987,92
2987,2644
2987,3141
2988,2848
2988,2960
2988,2987
2988,1438
2988,2644
2988,2910
2988,3141
2989,2878
2989,2884
2989,2999
2989,1464
2989,3141
2989,3012
2989,3014
2881,2989
2881,3009
2881,3141
2882,3087
2882,3010
3085,3079
3085,3080
3085,3081
3085,3091
3085,3157
2746,2762
3086,2615
3087,2854
3087,5022
3087,3058
3087,5027
3087,5039
3087,2410
3087,3066
3087,1255
3087,3092
3087,3094
3087,1550
3087,1424
3087,3400
3087,606
3087,2609
3087,97
3087,1742
3087,1856
3087,4405
3087,123
3087,3126
3087,3130
2990,2955
2990,2873
2990,2878
2990,2991
2990,3009
2990,3141
3088,2873
3088,3066
3088,2990
3088,3123
3088,1324
3088,1463
3089,3066
3089,3087
3089,3092
3089,4271
3089,68
3089,1742
3089,1305
3089,123
3089,3123
2991,3087
2991,5118
2991,1580
2991,2921
2883,5293
5118,5078
5118,2990
5118,5119
5118,5146
5118,4715
3090,3044
3090,3050
3090,3079
3090,3082
3090,3131
3091,3079
3091,3080
3091,3082
3091,3084
3091,3123
3092,3087
3092,123
3092,3123
3093,3159
3094,2971
3094,1942
2884,2880
2884,5052
2884,2990
2885,4896
2885,3758
2885,2906
2885,3794
3749,5144
5119,5094
5119,5146
5120,5022
5120,5121
5121,5012
5121,5021
5121,5032
5121,5120
5121,1393
2992,2993
2992,4271
2992,3123
2992,1463
2992,1464
2992,3141
2993,2343
2993,1724
2993,2286
2993,2999
2993,3014
2993,3019
5122,5022
5122,2593
5123,5042
5124,5022
5124,3500
5124,5167
5125,5022
5125,5126
5125,5167
5125,5168
5126,5022
5126,5167
5126,5168
5127,5022
5127,5167
5128,5022
5129,5022
5129,5098
5130,5042
5130,5049
5131,5022
5131,5026
5131,5098
5131,5132
5131,5137
5132,5022
5133,5112
5134,5022
5134,5041
5134,5098
5134,5139
5135,5022
5135,5098
5135,5136
5135,5138
5136,5022
5137,5022
5137,5098
5137,5136
5137,5138
5137,2609
5138,5021
5138,5022
5138,5041
5138,2924
241,5022
241,1183
241,289
241,293
5139,5022
5139,5026
5139,5114
5139,5134
5139,849
5140,5022
5140,3575
5140,5151
5140,5165
4796,4809
4796,1319
4796,4964
4075,1912
4075,1667
4075,1707
4075,1846
4075,2124
4075,1964
1904,1653
1904,1938
1904,1944
1904,1945
1904,1956
1904,1964
1904,1801
1904,1966
2418,63
2418,2600
2418,1436
3095,3123
1905,1932
1905,1773
1905,1804
2561,623
2561,3264
3827,3844
3827,1452
3827,1467
4076,1179
4076,4738
4076,1184
1091,1421
1091,1167
1091,1168
1091,1183
1091,1582
1091,3122
161,190
161,212
3750,3748
3750,1437
344,2448
344,366
344,1747
820,850
4077,4505
4077,4509
554,2265
4078,600
4078,407
4079,4086
4079,5834
4079,1180
4079,4738
4079,4303
4079,2762
4079,4307
4079,4317
4079,1436
4079,4367
4079,4758
4079,4446
4079,4451
4079,4621
2419,2458
2181,4233
2181,2242
2092,1427
2092,2117
2092,1955
2092,4481
2747,593
2747,88
2747,408
2747,2126
8,821
8,3395
2093,2094
2093,648
2093,1479
2182,2241
2182,96
2182,2279
2182,1437
2182,2280
2094,2093
2094,2182
2094,648
2183,2184
2183,648
2183,2139
2183,3262
2183,3263
2184,2183
2184,648
2184,2139
2184,3262
2184,3263
821,648
4080,1932
4080,1966
4080,1971
822,849
822,977
1258,3849
1258,1290
1258,2603
1258,2511
2185,2245
2185,2248
2185,2038
5141,5012
5141,5098
5141,5144
1983,2239
5206,5237
5206,4813
3469,3510
693,713
693,719
693,2313
3310,1111
3096,5022
1380,1381
1380,1171
1380,1433
1380,1184
1380,1438
1380,2903
1380,3679
1380,1507
1381,3237
1381,932
1381,964
1382,4081
1382,1433
1382,2903
1382,1313
1382,1591
4081,1382
4081,2903
4081,1584
4081,1313
4081,1591
2748,2762
2562,66
5142,5022
5142,5049
5207,3459
5207,5266
5207,3510
5207,5269
3470,4713
3470,3557
3470,2239
3470,3571
5208,4813
2563,480
2563,2608
2563,92
9,193
9,195
9,146
9,2685
345,1761
345,408
3311,3336
3192,3646
3192,3394
3192,3227
2749,3948
4082,1173
2186,589
2186,2241
2186,2106
2187,2186
2187,2241
2187,2242
2187,2105
2187,2279
2564,2572
2564,2608
5209,2893
5209,4813
5209,5238
5209,5382
5209,4820
5209,4714
5210,4940
5210,3511
5211,1412
5333,2358
5333,4826
5333,190
5333,2609
5333,123
3097,2878
3097,4887
3097,3123
3097,3141
4887,3097
4887,4904
4887,4931
5212,4876
5212,5213
5212,5230
5213,5230
5213,5266
3471,3511
3471,3541
5334,5371
5334,5252
5334,5253
5334,5254
5334,4822
5335,5407
4710,4941
4710,5293
4797,4844
5336,5246
5336,5249
5336,5376
5336,5252
5336,4826
5336,5271
4888,4875
4888,4928
4888,4942
5214,4904
5215,4892
5216,5382
5217,5377
5217,5384
3472,5038
3472,5217
3472,3494
3472,5264
3472,4830
3473,3487
3473,3619
3473,3507
3473,190
3474,3507
3474,480
4798,4822
4083,3510
3613,3640
5337,5342
5337,4812
5218,3510
4799,5231
2565,1286
2565,1290
2565,2603
2565,1292
4889,4932
4889,5266
4889,5269
3475,3510
4084,4738
3614,3510
3614,3544
3614,3849
3614,1290
5143,5027
5143,5029
5143,5144
4085,1168
4085,1171
4085,4291
4085,3400
4085,1582
242,254
242,277
242,293
243,260
244,260
244,293
4086,4254
4086,49
4086,50
2188,3722
2188,3782
2095,603
2095,648
2095,649
1906,1912
1906,1720
1906,1932
1906,1857
1906,1743
1906,1947
1907,1912
1907,1932
1907,1857
1907,1743
1907,1947
1907,1882
1907,1790
1907,1964
4087,2347
1541,1542
1542,1541
1542,1548
1542,1549
1542,1283
1542,1568
1092,1114
1092,1151
1092,1158
1092,1283
1092,4747
1092,1447
1093,1092
1093,1151
1661,1924
1661,4291
1661,1846
4088,3400
4088,4591
4089,4168
4711,4719
4711,4736
5790,4173
5790,4740
162,183
162,73
162,188
3376,3377
3376,39
3377,3376
3377,39
3377,186
5624,5574
5624,5576
5624,4740
2566,2676
245,296
1016,1028
1016,1031
1016,103
1016,1042
1016,1050
246,1695
246,373
246,3848
246,376
246,2601
246,296
246,314
1383,2447
1383,2275
1383,3411
1383,2489
163,4161
163,1021
163,506
4090,4074
4090,4736
4090,4738
1017,1028
1018,1031
1018,1042
1019,2051
1019,1028
1019,1031
1020,1028
1020,376
10,49
10,1042
2096,2101
555,2265
555,601
3312,1119
3312,1171
2189,2227
2189,4291
2189,2239
2189,2276
2189,1743
247,260
247,1424
247,293
248,4713
248,260
248,2103
248,293
249,2103
249,293
249,2280
5791,3411
4091,798
4091,811
4091,480
4091,2762
556,2265
556,2281
556,2295
2886,1450
3378,2575
3378,3398
3378,67
3378,1300
3378,2623
1908,1932
1908,1945
1908,1765
1908,1967
4092,4728
4092,2762
1831,1832
1831,709
1831,67
1831,1850
1831,1856
1831,1857
1831,1743
1832,1831
1832,374
3313,3307
3313,3314
3314,3313
3314,3336
2750,2762
2750,854
2750,936
823,849
823,2479
823,631
1984,4717
1984,2241
1984,2037
1984,2038
1984,38
1985,4717
1985,2241
1985,2037
1985,2038
1986,4717
1986,2024
1986,2241
1986,2037
1986,2038
1384,3562
1384,1433
1987,2242
2190,2025
2190,2241
1988,2236
1988,2239
1988,2241
1988,2242
1988,2028
2191,2238
2191,2241
2191,2242
2191,2248
5792,2022
5792,2038
5792,2048
5792,2261
1989,2027
1385,1557
1385,4291
1385,1433
1385,1575
1990,2235
1990,2038
1990,2059
2192,2241
2192,2242
2192,2037
2192,38
1991,2009
1991,2242
1259,1282
1259,1290
1259,1294
1992,4290
1992,2242
1992,4347
1993,1992
1993,2014
1993,4290
1993,2242
1993,2248
1993,2250
1993,2254
1993,2038
1993,2041
4093,4094
4093,4280
4093,2238
4093,2241
4093,2242
4093,2247
4094,4280
4094,2241
4094,2242
4094,2247
1994,2011
1994,2242
1994,2252
1994,2056
1995,1996
1995,2238
1995,2242
1996,1995
1996,2017
1996,2242
1996,2276
1997,2241
1997,2242
1997,2027
1997,2250
2193,1997
2193,4291
2193,2241
2194,2242
2194,3398
2195,2193
2195,2194
2195,2010
2195,2241
2195,2292
1998,4717
1998,4261
1998,2238
1998,2241
1998,2247
1998,2037
1998,2038
1998,480
3828,3837
3828,4275
3828,3852
3828,3855
3828,3877
2196,2022
2196,4290
2196,2241
2196,2242
2197,2210
2197,2242
2197,2247
2197,2035
557,3388
557,4291
557,2241
557,2242
557,2279
557,2113
2198,2021
2198,2275
4095,2261
4095,2075
1999,2022
1999,38
346,3395
346,376
346,83
346,3234
11,726
11,480
11,2774
4096,480
4096,4342
347,40
347,44
347,376
347,381
12,4736
12,57
4097,4270
4097,4734
2199,1873
2199,2117
2199,2128
2567,2606
2567,2608
2567,92
2567,93
824,846
824,849
4098,2615
4098,2279
4098,1854
4098,1860
4098,4336
4098,2473
1833,1855
1833,1883
13,68
1834,593
1834,2279
3751,4319
3751,3790
14,49
14,52
14,57
4099,1396
4099,4734
4099,4583
2420,2347
2420,78
2420,2613
2568,2580
2568,66
2568,2619
15,1684
15,2242
15,2265
15,601
15,634
5529,5417
5529,5466
5529,5487
5529,5497
5529,5146
5529,3571
164,185
164,3239
5793,5796
5793,5863
1662,3373
1662,1937
1662,1857
1662,645
2751,2700
2751,480
4100,3852
4100,1290
2421,1852
2421,1869
1909,1896
1909,4291
1909,2279
4101,85
4101,89
4101,95
4101,1294
4101,4419
250,2701
250,2733
250,480
250,185
474,3990
474,4217
474,514
474,310
474,4568
1663,1929
1663,1194
1260,1663
1260,1172
1260,186
1260,2609
1260,1308
4102,2766
4102,2776
475,295
475,499
475,523
1543,1517
1543,1551
1543,1573
1543,1579
1543,1613
1543,1617
2887,2888
2887,5144
2887,2894
2887,480
2887,5627
2887,223
2888,5547
2888,5607
2888,2869
2888,2907
2888,5650
3379,4742
3379,190
3379,2630
1386,1283
1386,1433
1386,2274
1386,1580
1386,1581
1386,4454
1386,1604
694,689
694,712
694,713
694,714
4103,2025
4103,2239
4103,2241
4103,2034
4103,2278
4103,2280
2097,2106
2097,617
2097,2124
2097,2079
5794,2183
5794,2184
5794,2201
5794,2202
5794,2203
5794,2098
5794,2204
5794,2205
5794,5868
5794,647
5794,2137
5794,2138
5794,2139
5794,649
2200,2241
2200,73
2200,2138
2200,648
2200,2139
2200,2301
2201,2200
2201,2202
2201,2203
2201,3225
2201,2296
2201,2138
2201,648
2201,3262
2201,3263
2202,2200
2202,2201
2202,2203
2202,648
2202,3262
2202,3263
2203,2200
2203,2201
2203,2202
2203,2138
2203,648
2203,3262
2203,3263
2098,2200
2098,2204
2098,2205
2098,648
2098,2139
2098,3262
2098,3263
2098,649
2098,3270
2204,2200
2204,2098
2204,3225
2204,648
2204,3262
2204,3263
2205,2200
2205,2098
2205,648
2205,2139
2205,3262
2205,3263
2205,649
5795,5794
5795,2201
5795,2202
5795,2203
5795,2098
5795,2204
5795,2205
5795,2138
5795,648
5795,2139
558,2221
558,2581
558,4234
558,580
558,3395
558,3398
558,709
558,2266
4104,1740
4104,1857
918,932
918,4543
3098,3066
3615,3510
919,849
3829,3830
3829,1168
3829,1432
3829,3852
3829,1567
3829,3855
3829,1200
3829,3872
3830,3829
3830,3838
3830,3850
3830,3852
3830,1433
3830,3400
3830,1445
4105,2465
4105,2279
4105,1854
4105,1858
1664,1651
1664,1726
1387,4734
1387,4553
4106,1433
4106,1290
4106,1583
5796,5793
5796,5863
2569,66
2569,2604
2569,2608
2569,92
2569,123
348,432
348,450
3752,3400
3753,3696
3753,848
3753,851
1261,1268
1261,1290
1261,1207
4107,1261
4107,1270
4107,2600
4107,4346
2570,1654
2570,2641
2206,3398
2206,2267
2206,2318
2994,5717
2994,2965
2994,1464
2994,3126
4108,4738
4108,1870
3754,2599
3754,3790
2422,2242
2422,66
2422,2608
2422,2479
165,1184
165,213
3476,3510
3476,3544
3476,3564
3476,3571
3099,3395
3099,3123
3831,3837
3831,1464
3831,3869
5625,5573
5625,5651
4109,3943
4109,1931
4109,1932
4109,1935
4109,1936
4109,1945
4109,4565
4109,4652
4109,4653
3193,3165
3193,1388
3193,4110
3193,3194
3193,4206
3193,1180
3193,1184
3193,3219
3193,190
3193,3277
1388,480
1388,1433
1388,1187
1388,3237
4110,3165
4110,1388
4110,3194
4110,4206
4110,1171
4110,1183
4110,1184
349,2450
349,2022
349,718
349,376
349,3402
349,1035
3315,2255
3315,480
3315,1433
3315,3400
3315,2610
2889,2841
2889,5717
2889,5144
2889,1428
2889,3411
2889,2910
2889,5737
4111,2889
4111,2255
4111,3853
4111,4751
4111,2771
4111,3673
2890,1255
2890,2898
2890,3840
2890,190
2890,1464
2890,1466
2890,2917
2890,2918
2890,2920
2890,2922
4112,3557
4112,2238
4112,2242
4112,4738
4112,3571
1262,1242
1262,3511
1262,3529
1262,845
1262,41
1262,594
1262,4742
1262,849
1262,1298
1389,3201
1389,1151
1389,3848
1389,1432
1389,3852
1389,2762
1389,1438
1389,2904
1389,3859
4113,2226
4113,2600
4113,1440
4113,4405
1910,1921
1910,1929
1910,1932
1910,1936
1910,1941
1910,1743
1910,1437
1910,1582
1910,1595
1910,1809
4114,4032
4114,2752
4114,3636
4114,2762
4114,3654
2752,5802
2752,3636
2752,3567
2752,2762
2752,2766
2752,3654
2752,5872
2752,864
3477,3510
3477,3511
3477,1286
3477,2603
3477,2615
2423,3388
2423,2025
2423,2239
2423,2600
2423,3410
1263,2239
1263,4737
1263,1433
1263,4632
4115,4325
4115,1437
4115,4358
3755,3703
3755,5678
3755,5684
3755,92
3755,1440
3755,3765
3755,5736
3755,3776
3755,3777
3755,3793
1390,3849
1390,709
1390,2457
1390,2600
1390,1579
4116,2025
4117,4290
4117,2615
4117,1438
4117,2640
1094,2187
1094,1095
1094,1135
1094,4239
1094,1141
1094,1925
1094,1149
1094,1167
1094,1168
1094,1169
1094,1183
1094,849
1094,3334
1095,1075
1095,1094
1095,1096
1095,1097
1095,3380
1095,5234
1095,4713
1095,1837
1095,3331
1095,5293
1095,3398
1095,1183
1095,3400
1095,189
1095,3407
1095,1438
1095,3225
1095,3233
1095,1205
1096,1095
1096,3380
1096,1100
1096,3199
1096,1171
1096,3394
1096,3398
1096,1183
1096,4313
1097,1095
1097,1096
1097,3380
1097,1099
1097,3199
1097,28
1097,2018
1097,2021
1097,3394
1097,1183
1098,1094
1098,593
1098,60
825,827
825,185
825,849
826,819
826,825
826,477
826,3565
826,849
826,870
4118,193
4118,3125
3380,3547
3380,4279
3380,3848
3380,3388
3380,3851
3380,4297
3380,3393
3380,3394
3380,3400
3380,194
3380,1338
1099,4116
1099,1100
1099,1101
1100,1099
1100,1101
1100,1129
1100,1171
1100,1177
1100,2835
1101,1094
1101,1099
1101,1170
5797,3028
5797,153
5797,5786
5797,1255
5797,3755
5797,4117
5797,1094
5797,825
5797,4118
5797,5798
5797,4123
5797,827
5797,2571
5797,4142
5797,477
5797,3321
5797,3201
5797,3845
5797,3565
5797,194
5797,1569
5797,4389
5797,1588
5797,2999
5797,5881
5797,4459
5797,4583
5797,3347
2891,2847
2891,2221
2891,4283
2891,3398
2891,97
2891,1324
2891,2533
4119,1167
4119,2022
4119,1428
4119,1437
4119,2771
4120,4291
4120,2106
4120,2279
4121,5022
4121,5043
4121,5044
4121,2238
4121,3565
4122,2279
4122,103
2892,1170
2892,1171
2892,1184
2892,1464
5798,3380
5798,2892
5798,3398
1835,2279
1835,3123
4123,4291
4123,2027
4123,2041
827,825
827,3510
827,49
827,849
3194,3164
3194,3195
3194,2027
3194,4740
3194,3399
3194,1184
3194,3218
1665,2436
1665,2437
1665,4291
1665,4742
1665,1932
1665,1857
1665,1974
2571,153
2571,92
2571,123
3100,5408
3100,3709
3100,3755
3100,4715
3100,4721
3100,2613
3100,5533
3100,3123
3100,3765
3100,3787
3100,3793
3195,1255
3195,3194
3195,2027
3195,1183
3195,1184
3195,92
3195,2275
3195,3786
3478,5044
3478,3544
3478,3547
3478,3565
3478,181
4124,1255
4124,3646
4124,3565
4124,3131
1391,1519
1391,4897
1391,4931
1391,4942
1391,4826
1391,1267
1391,2607
1391,2613
1391,1573
1391,1574
1391,1575
1391,123
1391,4765
1391,3811
1391,1625
2572,2564
2572,5293
2572,2608
2572,213
4125,3511
4125,3513
4125,1179
4125,2026
4125,2261
4125,3571
1544,1517
1544,1534
1544,1551
1544,1555
1544,1573
1544,1574
1544,1575
1544,1589
1544,1604
1544,1613
1544,1621
4890,1544
4890,4803
4890,5229
4890,4813
4890,4930
4890,1414
4890,3391
4890,1184
4890,1572
4890,1575
4890,4970
251,5264
251,281
251,2240
251,2051
251,83
251,293
251,416
3616,3459
3616,5339
3616,3510
4891,4933
4891,4942
4891,92
4891,93
4891,97
4891,2615
4800,4778
4800,4779
4800,4809
4800,4811
4800,4941
4800,4838
4800,4843
4800,4846
5219,5410
5219,5340
5219,3542
3479,5043
3479,5049
3479,3634
3479,3665
4892,5215
4892,5293
4892,3400
4712,2347
4712,1094
4712,1095
4712,4809
4712,4713
4712,1171
4712,3400
4712,2460
4712,3412
4801,4794
4801,5227
4801,4809
4801,5253
4801,5293
4802,4941
4802,3516
4802,4840
4802,3816
5220,2573
1392,5220
1392,2573
1392,4929
1392,4960
1392,1437
1392,935
1392,3812
5221,4914
5221,4828
5221,171
3480,5240
3480,3510
3480,3530
3480,3578
3756,5234
3756,5236
3756,5271
3756,5274
3756,1419
3756,2454
3756,2239
3756,2615
3756,1932
3756,3770
3756,3804
5222,4813
5222,5257
5222,3510
5222,4844
5222,5300
3481,4826
3482,3491
3482,3510
3482,103
3483,3480
3483,3481
3483,3504
3483,3510
3483,3530
3483,30
3484,3507
3484,3510
3484,3511
3484,1432
3484,849
3617,2893
3617,3510
3618,3485
3485,3603
3485,3604
3485,3606
3485,3607
3485,3612
3485,3618
3485,3510
3485,3626
3485,3632
3485,3634
3485,3635
3485,3647
3485,3650
3485,3677
3485,3678
3485,3682
5338,4852
5338,5332
5338,4899
5338,5144
5338,5350
5338,4931
5338,5253
5338,5254
5338,1291
5338,3232
5338,5402
4803,4784
4803,4873
4803,5705
4803,4890
4803,4896
4803,4904
4803,4924
4803,5530
4803,3400
4803,1572
4803,4970
3486,3510
3486,4826
3486,5269
3486,5271
3486,3624
3486,3544
3486,4721
5223,5280
5223,1403
5223,1411
4893,4914
4893,4920
4893,4925
4893,4931
4893,4942
4893,5384
4893,4947
4893,4948
4804,4931
4804,4940
4804,5530
4804,1179
4804,3851
5339,5383
5339,4830
5224,5232
5224,5253
5224,3511
5224,3515
4894,5469
4894,4813
4894,4941
4894,4826
4894,5271
4894,5293
4895,5202
4895,4912
4895,5231
4895,4928
4895,4941
4895,4942
4895,3620
4895,4826
4895,4953
4895,4839
4895,2580
4895,92
5225,5193
5225,3511
4896,5677
4896,5707
4896,4803
4896,4900
4896,4931
4896,4932
4896,4939
4896,4941
4896,1683
4896,3400
4896,1184
4896,1740
4896,2280
4896,5734
4896,3254
5340,5219
5340,5242
5340,5356
5340,5378
5341,5377
5341,5252
5341,4713
5341,3511
5341,3395
5342,5313
5342,5234
5342,4812
5342,4813
5342,5377
5342,4940
5342,5255
5342,1837
5226,3510
5226,3511
5226,3515
5226,3400
4805,4818
4805,5373
4805,4825
4805,4835
5343,5378
5343,92
5344,5254
5344,66
5344,92
5227,4862
5227,4794
5227,3611
5227,4801
5227,4809
5227,2260
4897,1391
4897,4931
4897,4940
4897,5271
4897,1625
4898,5175
4898,5230
4898,4947
4899,4924
4899,4925
4899,4942
4899,92
4900,4877
4900,4902
4900,5233
4900,4922
4900,4931
4900,4940
4900,4942
4900,1319
5345,5363
5345,5379
4901,4898
4901,4921
4901,4934
4901,4942
4901,200
2893,4865
2893,4904
2893,5382
2893,4820
4806,4892
4806,5241
4806,4941
4806,3508
4806,5268
5228,4811
5228,5274
3316,4826
3316,5271
3316,3321
3316,846
3316,867
3487,3499
3487,3507
3487,3510
3487,3521
3487,3544
3487,3646
4902,2351
4902,4896
4902,5229
4902,4931
4902,4940
4902,4826
4902,4962
4902,2221
4902,1414
4902,3848
4902,1319
4902,2907
4902,3772
4902,5737
4902,3790
5229,4922
5229,4932
5229,4934
5229,4936
5229,4942
4903,4865
4903,4892
4903,4912
4903,4807
4903,4920
4903,4929
4903,4941
4903,4942
4903,1550
4903,3386
4904,4807
4904,4939
4904,4941
4904,5530
4904,1184
4905,3756
4905,4923
4905,4942
4905,4948
4905,3849
4905,2908
4905,4964
4905,2687
3757,1392
3757,4931
3757,4932
3757,4941
3757,1414
3757,3400
3757,3232
4906,4907
4906,4908
4906,4932
4906,4937
4906,4940
4906,189
4907,4906
4907,4908
4907,4932
4907,4934
4907,4941
4907,189
4908,4791
4908,4906
4908,4907
4908,4929
4908,5373
4908,5271
4908,92
4909,4906
4909,4907
4909,4908
4909,4813
4909,4931
4909,4937
4909,5255
4909,4826
4909,2600
4909,1564
4909,96
4909,1295
4909,4321
4909,2615
4910,4773
4910,4906
4910,4907
4910,4908
4910,4933
4910,4941
4910,4942
4911,4892
4911,4932
4911,5383
4911,4941
4911,4945
4911,4960
5346,5349
5346,5351
5346,5373
5346,4826
4912,5220
4912,4932
4912,4934
4912,4941
4912,4953
4912,4956
4912,4960
4912,5293
4912,2909
4913,4852
4913,4902
4913,5382
4913,4941
4913,3516
4913,4957
5347,5377
5347,5252
5347,5253
5347,5254
5347,5255
4807,4903
4807,4904
4807,4931
4807,4933
4807,5376
4807,4941
4807,4942
4807,5257
4807,2894
4807,1414
5230,5175
5230,5213
5230,4941
5230,4946
4914,4882
4914,5225
4914,5229
4914,4942
4914,2908
4126,5266
4126,3511
4126,5269
4126,5271
4126,3516
4126,3527
4126,3557
4127,4929
4127,3620
4127,5273
4127,3628
1545,4926
1545,4826
1545,5271
4915,4892
4915,4917
4915,4931
4915,4934
4915,5258
4915,3496
4915,4950
4915,2255
3619,894
3619,5197
3619,3473
3619,3511
3619,1488
4916,4896
4916,5229
4916,5360
4916,4939
4916,4942
4916,5260
4916,3758
4916,4826
4916,5276
4916,925
4916,2454
4916,480
4916,3219
4916,3409
4916,2276
4916,3228
4916,3232
4916,2474
4916,1449
4917,4861
4917,4775
4917,4878
4917,5225
4917,4920
4917,4936
4917,5258
4917,4948
4917,4950
4917,4832
4917,4954
4917,1456
5144,4996
5144,5194
5144,5489
5144,5049
5144,5092
5144,5141
5144,5143
5144,2889
5144,5240
5144,5377
5144,5266
5144,2897
5144,4733
5144,3411
5144,1188
5144,103
5144,2910
5144,3784
5144,3799
5348,4898
5348,5356
5348,5378
5348,5253
3488,3511
3488,3544
3489,3479
3489,3507
3489,3510
3489,3526
3489,3532
3489,3669
4808,5237
4808,4813
4808,3511
4808,4826
4808,3513
4808,5271
4808,2894
4808,1416
4808,3848
4808,2599
4808,92
4808,3411
4808,2906
5231,5202
5231,4837
5231,5293
5232,3493
5232,4713
5232,4830
5232,3564
4809,5712
4809,4789
4809,4794
4809,4800
4809,4801
4809,5227
4809,5144
4809,4811
4809,4812
4809,4925
4809,4820
4809,4825
4809,4948
4809,5283
4809,2895
4809,4839
4809,4850
4809,5545
4918,4869
4918,4932
4918,4941
4918,3513
4918,3523
4918,2897
4918,4837
4918,1403
4918,4728
4918,4740
4918,66
4918,92
4918,2610
4918,2611
4918,98
4918,2640
4919,1392
4919,4905
4919,4912
4919,4920
4919,4941
4919,5261
4919,4954
4919,4959
4919,66
4920,4775
4920,4874
4920,4878
4920,5197
4920,4905
4920,4917
4920,4919
4920,3496
4920,4948
4920,4950
4920,3382
4920,4954
4920,3318
4920,4839
4920,1167
4920,5404
3490,3510
3490,3571
5233,3490
5233,4812
5233,4813
5233,4942
5233,4827
5233,2615
4810,5234
4810,5236
4810,5237
4810,4813
4810,5271
5234,5174
5234,4810
5234,26
5234,5293
5234,3400
5234,1184
5234,97
4811,4776
4811,3609
4811,4800
4811,4809
4811,5370
4811,5377
4811,5261
4811,4839
4811,4850
5235,5196
5235,4812
5235,4813
5235,5258
5235,4826
5235,5270
5235,5274
5235,3564
4812,5313
4812,5411
4812,4696
4812,5453
4812,5337
4812,5342
4812,4809
4812,5237
4812,4813
4812,4923
4812,4941
4812,3503
4812,4825
4812,5271
5236,5228
5236,5234
5236,5237
5236,4825
5236,5269
5236,5274
5236,76
5236,1501
5237,3756
5237,4813
5237,5271
5237,5530
5237,2007
5237,1419
5237,3849
5237,2260
5237,4742
5237,3411
5237,1440
5237,3118
5237,3779
5237,1501
4813,5169
4813,5572
4813,5587
4813,5491
4813,5198
4813,5222
4813,5233
4813,5234
4813,5239
4813,4815
4813,5246
4813,5255
4813,4943
4813,5257
4813,3510
4813,3511
4813,4826
4813,5269
4813,3513
4813,5270
4813,5271
4813,5274
4813,3519
4813,3550
4813,3326
4813,185
4813,197
4813,2907
4813,5295
4813,5300
5238,5209
5238,4813
5238,5373
5238,3511
4814,4797
4814,4813
4814,5239
4814,4815
4814,5257
4814,5269
4814,5271
4814,4832
5239,5209
5239,4813
5239,5238
5239,4940
5239,4826
5239,5271
5239,4844
4815,4813
4815,5239
4815,5374
4815,4940
4815,5256
4815,5257
4815,3511
4815,3326
4815,4844
5240,5198
5240,5022
5240,4813
5240,5257
5240,3510
5240,4826
5240,2894
4816,4809
4816,5275
5241,5265
5241,3508
5241,3510
5241,3511
5241,4826
3491,3510
3491,3511
3491,3535
3491,3544
3491,3559
3491,3852
3491,3400
3491,2600
3491,1326
3491,3580
5242,3512
5242,3544
5242,3571
4817,4819
4817,5382
4817,4820
4817,3511
4817,3564
3492,5144
3492,5259
3492,5261
3492,2910
5243,5244
5243,3524
5243,4830
5244,5181
5244,5243
5244,3498
5244,3510
5244,3511
5244,3521
5244,4830
5244,3398
5244,3400
5349,5324
5349,5346
5349,5144
5349,5351
5349,5253
5349,5384
5349,4825
5349,4826
5350,5322
5350,5338
5350,5346
5350,5349
5350,5351
5350,5254
5350,5384
5350,4826
5350,5269
5351,5346
5351,5349
5351,5373
5351,5376
5351,5253
5351,4826
5351,920
4921,4877
4921,5225
4921,4900
4921,4901
4921,5231
4921,4929
4921,4932
4921,4934
4921,5259
4921,3832
4921,3514
4921,4956
4921,1575
3493,3619
3493,5266
3493,3511
3493,3564
3493,846
2573,2886
2573,1392
2573,4902
2573,5229
2573,4906
2573,5233
2573,4813
2573,4940
2573,5255
2573,3504
2573,4827
2573,2600
2573,2603
2573,123
2573,2640
2573,1319
2573,2909
2573,3664
2573,2682
4922,5038
4922,4890
4922,1392
4922,4900
4922,4902
4922,4905
4922,4812
4922,4813
4922,4921
4922,2573
4922,4922
4922,4924
4922,4930
4922,4931
4922,4932
4922,4935
4922,4940
4922,4941
4922,4942
4922,5255
4922,4713
4922,4826
4922,3317
4922,166
4922,1414
4922,1419
4922,480
4922,76
4922,1183
4922,1184
4922,92
4922,3335
4922,1314
4922,123
4922,2640
4922,1319
4922,2651
4922,2653
4922,2907
4922,2908
4922,2909
4922,2913
3494,3472
3494,3510
3494,5269
3494,3524
3494,4830
3494,3850
3494,3571
5352,5362
5352,5376
5352,3317
5352,3635
5352,3673
5245,5177
5245,5353
5245,3496
5245,3510
5245,5388
5353,5377
5353,3511
5353,4826
5353,5271
5353,5393
5354,5380
5354,5268
5354,3516
5355,5314
5355,5364
5355,5365
5355,5369
4923,3757
4923,4931
4923,4932
4923,4941
4924,4884
4924,4899
4924,5229
4924,4904
4924,4929
4924,4940
4924,4827
4924,2608
4924,2609
4924,2640
4924,2653
5246,4813
5246,5377
5246,4826
5246,5271
4818,4923
4818,4940
4818,4941
4818,2593
4818,1438
4925,4893
4925,4899
4925,5234
4925,4929
4925,4940
4925,4942
4925,5384
4925,4975
4926,1517
4926,5331
4926,1545
4926,5244
4926,5357
4926,4933
4926,4936
4926,4940
4926,4941
4926,4826
4926,5271
4926,1547
4926,480
4926,103
4926,2620
4926,1572
4926,1575
4926,1580
4926,1584
4926,1479
4926,1625
5247,4940
5247,4942
4927,3609
4927,4813
4927,4932
4927,4934
4927,4941
4927,5266
4927,3506
4927,5268
4927,3511
4927,5271
5356,5348
5356,5252
5356,5378
5356,5293
4928,4783
4928,4875
4928,4892
4928,4895
4928,5231
4928,5371
4928,5377
4928,4941
4928,4942
4928,4713
4928,4827
4928,5284
5248,5264
5248,3511
5248,1419
5248,1184
5248,1579
5357,5331
5357,4926
5357,4932
5357,5254
5357,4940
5357,4941
5358,4926
5358,5253
5358,4941
5359,5369
5359,5373
5359,5252
5359,5381
5359,5255
5360,3694
5360,3748
5360,3755
5360,5219
5360,4924
5360,4930
5360,4931
5360,5373
5360,5258
5360,4713
5360,5259
5360,5260
5360,3758
5360,4826
5360,4827
5360,5288
5360,920
5360,3553
5360,1405
5360,925
5360,3759
5360,1419
5360,2607
5360,91
5360,190
5360,2608
5360,92
5360,2609
5360,1438
5360,2904
5360,3237
5360,3571
5360,1314
5360,2639
5360,1324
5360,1487
5360,3770
5360,1488
5360,3774
5360,3779
5360,3668
5360,3798
5360,3579
4929,4931
4929,4942
5361,5345
5361,5366
5361,5371
5361,5255
5361,4822
5249,5375
5249,5377
5249,5254
5362,5249
5362,5375
5362,5381
5362,5274
5362,5389
5363,5366
5363,5252
5363,5378
5363,5253
5363,5379
5363,5254
5363,5382
5363,4821
5363,849
5364,5368
5364,5370
5364,5252
5364,5253
5364,3511
5364,5389
5365,5355
5365,5363
5365,5364
5365,5371
5365,5379
5365,5254
5365,5255
5365,4822
5365,5386
5366,5325
5366,5144
5366,5249
5366,5363
5366,5371
5366,5252
5366,5255
5366,4822
5366,5283
5366,848
5366,851
5367,5359
5367,5364
5367,5365
5367,5366
5367,5368
5367,5369
5367,5371
5367,5373
5367,5377
5367,5381
5367,5389
5368,5345
5368,5361
5368,5249
5368,5363
5368,5252
5368,5379
5369,5314
5369,5355
5369,5252
5369,4833
5370,5364
5370,5253
5370,5379
5371,5316
5371,4926
5371,5356
5371,5358
5371,5361
5371,5365
5371,5366
5371,5252
5371,5378
5371,5379
5371,5255
5371,4822
5372,5321
5372,4798
5372,5377
5372,5254
5372,5380
4819,4817
4819,4941
4819,5255
4819,5257
4819,5269
4930,4803
4930,4916
4930,5360
4930,4931
4930,4932
4930,4941
4930,4942
4930,4713
4930,3758
4930,5265
4930,4826
4930,4957
4930,2896
4930,1550
4930,1184
4930,97
4930,3254
4931,4896
4931,4900
4931,4902
4931,5229
4931,4921
4931,4932
4931,4940
4931,4941
4931,5257
4931,4948
4931,4826
4931,5269
4931,5273
4931,4837
4931,1267
4931,1553
4931,1414
4931,3848
4931,91
4931,4321
4931,1589
4931,1591
4931,2651
4931,4503
4931,4964
4931,3771
4931,3779
4931,3669
4932,5225
4932,4899
4932,4902
4932,4912
4932,4923
4932,4924
4932,4926
4932,5356
4932,5357
4932,4933
4932,4934
4932,4936
4932,5252
4932,4940
4932,5256
4932,5259
4932,5265
4932,5266
4932,5269
4932,5273
4932,166
4932,1294
4932,98
4932,2613
4932,2615
4932,123
4932,1320
4932,4967
4932,4972
4933,4891
4933,4906
4933,4907
4933,4908
4933,4910
4933,4912
4933,4931
4933,4934
4933,4936
4933,4938
4933,5383
4933,4940
4933,4941
4933,4942
4933,5255
4933,5384
4933,4944
4934,4877
4934,4889
4934,4900
4934,4807
4934,5230
4934,4813
4934,4932
4934,4940
4934,5266
4934,5269
4934,3317
4935,4865
4935,4877
4935,4884
4935,4891
4935,4892
4935,5220
4935,4803
4935,4896
4935,4900
4935,4902
4935,4904
4935,3757
4935,4906
4935,4907
4935,4908
4935,4911
4935,4912
4935,4913
4935,4807
4935,4914
4935,4917
4935,4920
4935,4812
4935,4922
4935,4923
4935,4924
4935,4818
4935,4925
4935,4926
4935,5247
4935,5357
4935,4929
4935,4930
4935,4931
4935,4932
4935,4933
4935,4934
4935,4936
4935,4937
4935,4938
4935,4939
4935,5374
4935,5383
4935,4940
4935,4941
4935,4942
4935,5384
4935,4947
4935,5265
4935,4825
4935,4954
4935,4955
4935,4957
4935,4958
4935,5538
4936,4905
4936,5233
4936,4932
4936,4940
4936,4942
4936,5258
4936,4713
4936,4826
4936,4827
4937,4906
4937,4931
4937,5373
4937,5378
4937,4940
4937,4942
4937,5255
4937,5384
4937,4826
4938,4920
4938,4933
4938,4940
4938,5276
4939,4896
4939,4902
4939,4807
4939,4931
4939,4940
4939,4941
4939,4942
4939,5257
4939,4948
4939,3511
4939,5271
4939,91
4939,4965
5250,5377
5250,5257
5250,4713
5250,3504
5250,3516
5250,5282
5373,5324
5373,4813
5373,4929
5373,5369
5373,4937
5373,4939
5373,5253
5373,4940
5373,5255
5373,5384
5373,5385
5373,4826
5373,5271
5373,4833
5373,1450
5374,5453
5374,5339
5374,5371
5374,5377
5374,5379
5374,5254
5374,4940
5374,4942
5374,5256
5374,3511
5374,5390
5374,5393
5251,4826
5375,5144
5375,4813
5375,5362
5375,5376
5375,5377
5375,5252
5375,5254
5375,4713
5375,5259
5375,5269
5375,4844
5376,4872
5376,5196
5376,5336
5376,5346
5376,5237
5376,4813
5376,5349
5376,5351
5376,5352
5376,5249
5376,5362
5376,5373
5376,5374
5376,5377
5376,5252
5376,5253
5376,5254
5376,4940
5376,4942
5376,5255
5376,5384
5376,5256
5376,4826
5376,5269
5376,3317
5376,3516
5376,5389
5377,5196
5377,5208
5377,5347
5377,4811
5377,4813
5377,5363
5377,5367
5377,5375
5377,5252
5377,5253
5377,5254
5377,5255
5377,4820
5377,4821
5377,3550
5377,200
5377,5403
5377,4847
5252,5341
5252,5347
5252,5245
5252,5249
5252,5368
5252,5377
5252,5254
5252,848
5252,4847
5378,5361
5378,5375
5378,5252
5378,5253
5378,5379
5378,5254
5378,5255
5378,5384
5378,3504
5378,3512
5253,5377
5253,4941
5253,5259
5253,5271
5253,5394
5379,5361
5379,5365
5379,5366
5379,5368
5379,5370
5379,5371
5379,5252
5379,5378
5379,5254
5379,5381
5379,5383
5379,5255
5379,4822
5379,5386
5379,3499
5379,5269
5379,3516
5254,5249
5254,5377
5254,5268
5254,5394
5380,4785
5380,5372
5380,5252
5380,3317
5380,1291
5380,4844
5380,5400
5380,5300
5381,5705
5381,4812
5381,5349
5381,5372
5381,5376
5381,5253
5381,5258
5381,4826
5381,5389
5381,5393
5382,4708
5382,5363
5382,5366
5382,5375
5382,5377
5382,5254
5382,4941
5382,4942
5382,5384
5382,4820
5382,5261
5382,4826
5382,5271
5383,5339
5383,4933
5383,4937
5383,5373
5383,5374
5383,5377
5383,5379
5383,4940
5383,4941
5383,5255
5383,4826
5383,5390
5383,5393
5383,5283
5383,4960
4940,5174
4940,5210
4940,3757
4940,4906
4940,4907
4940,4813
4940,5239
4940,4937
4940,4941
4940,4942
4940,5255
4940,5256
4940,5257
4940,3317
4940,5271
4940,3543
4940,5295
4941,4861
4941,4862
4941,3609
4941,4892
4941,4896
4941,4903
4941,4904
4941,3757
4941,4906
4941,4910
4941,4912
4941,4807
4941,4915
4941,4917
4941,4919
4941,4920
4941,4922
4941,4923
4941,4927
4941,4931
4941,4932
4941,4934
4941,5383
4941,4940
4941,4942
4941,5384
4941,4943
4941,5257
4941,4713
4941,4945
4941,4821
4941,4947
4941,5265
4941,3511
4941,5269
4941,5273
4941,5274
4941,4951
4941,4834
4941,4954
4941,4955
4941,5287
4941,4957
4941,3400
4941,91
4941,103
4941,2639
4941,2651
4941,4973
4942,4854
4942,4862
4942,4863
4942,5467
4942,4892
4942,5220
4942,3483
4942,4895
4942,5225
4942,4896
4942,4899
4942,4900
4942,4903
4942,4905
4942,3757
4942,4912
4942,4807
4942,4914
4942,4812
4942,4922
4942,4923
4942,4925
4942,4929
4942,4930
4942,4931
4942,4932
4942,4934
4942,4936
4942,4937
4942,4939
4942,5373
4942,4940
4942,4941
4942,5258
4942,4713
4942,5265
4942,3508
4942,4948
4942,3511
4942,4826
4942,3516
4942,4953
4942,4834
4942,4955
4942,4957
4942,4837
4942,3219
4942,2603
4942,2607
4942,93
4942,3407
5255,5324
5255,5220
5255,4924
5255,4931
5255,5373
5255,4940
5255,4942
5255,3511
5255,480
5255,2609
5255,1295
5255,2612
5255,98
5255,103
5384,4906
5384,5346
5384,5237
5384,4813
5384,5349
5384,5351
5384,4931
5384,4937
5384,5373
5384,5376
5384,5252
5384,5254
5384,4941
5384,5255
5384,4826
5384,3516
4943,3619
4943,4934
4943,4941
4943,5255
4943,5257
4943,4714
4943,4826
4943,3317
4943,5271
4943,4844
5256,4932
5256,4934
5256,5375
5256,5376
5256,5377
5256,4940
5256,4941
5256,5384
5256,4943
5256,4820
5256,5257
5256,4714
5256,3317
5256,5395
4820,4794
4820,5377
4820,5253
4820,5382
4820,4940
4820,4714
4820,4826
4820,5281
5257,5198
5257,4813
5257,5377
5257,5252
5257,4943
5257,4820
5257,4713
5257,5259
5257,4714
5257,3504
5257,3511
5257,4826
5257,5269
5257,3317
5257,5271
5257,2592
5257,5310
5799,3442
5799,5184
5799,5776
5799,5194
5799,2893
5799,5144
5799,4812
5799,5237
5799,4813
5799,4925
5799,5360
5799,4935
5799,5250
5799,5373
5799,5377
5799,5252
5799,5378
5799,5253
5799,4941
5799,5257
5799,5800
5799,5266
5799,3504
5799,3507
5799,3508
5799,4948
5799,3511
5799,4826
5799,5269
5799,5801
5799,3514
5799,5271
5799,5272
5799,5277
5799,4957
5799,5530
5799,4837
5799,4838
5799,849
5258,4812
5258,5360
5258,5377
5258,5253
5258,4826
5258,1449
4713,5380
4713,3510
4713,3511
4713,3512
4713,3513
4713,5271
4713,5276
4713,5293
4713,1433
4713,3400
4713,2458
4713,2280
5259,5378
5259,5257
5259,4713
5259,4714
5259,5262
5259,4826
5259,5271
5800,3591
5800,5319
5800,3694
5800,894
5800,5219
5800,5340
5800,4898
5800,3619
5800,4920
5800,4923
5800,5377
5800,5253
5800,5381
5800,4941
5800,3758
5800,3504
5800,3510
5800,3511
5800,3621
5800,4263
5800,1579
5800,3784
5800,3669
5260,5274
4714,4805
4714,5254
4714,4943
4714,4820
4714,5257
4714,4713
4714,3317
4944,4852
4944,4929
4944,4931
4944,4932
4944,4940
4944,4941
4944,4942
4944,4713
4945,4906
4945,4911
4945,4920
4945,4941
4945,5384
4945,5258
4945,4713
4945,4839
4945,5293
4821,5231
4821,4938
4821,4942
5385,4813
5385,5238
5385,5253
5385,5255
5385,5269
5385,4833
3620,4895
3620,4127
3620,5231
3620,4931
3620,4941
3620,3628
3620,5530
3620,2619
3620,4535
3620,4679
4822,5321
4822,5325
4822,4798
4822,5361
4822,5366
4822,5379
4822,5268
4822,3523
4822,5287
4822,92
5261,5197
5261,4920
5261,5366
5261,5252
5261,5257
5261,4822
5261,3511
5261,4826
5261,3516
5261,5281
5261,3382
4946,5323
4946,4880
4946,4929
4946,5373
4946,4940
4946,4941
4946,3758
4946,3511
3758,3694
3758,2885
3758,4916
3758,5360
3758,4930
3758,4942
3758,5260
3758,5281
3758,925
3758,1184
3758,3234
3758,210
5262,5259
5262,5268
5262,3510
5262,3511
5263,5373
5263,4941
5263,5268
5263,3511
5263,4826
5263,5282
5386,5252
5386,5379
5386,4822
5386,5387
5386,3516
3495,5265
3495,3507
3495,3508
3495,3510
3495,3511
3495,3646
3495,3564
3495,2600
3495,4384
3495,3570
3495,2914
5264,4713
5264,3400
5264,2280
3496,5245
3496,3665
5387,5368
5387,5386
5387,3496
5387,3510
5387,3511
5387,4826
5387,5388
3832,5269
3832,3629
3832,1412
3832,3215
3832,3852
3832,1184
3832,1575
3497,3510
3497,3511
3497,4826
3497,5273
3498,3499
3498,3510
3498,3544
3498,4732
3499,3439
3499,3453
3499,3498
3499,3507
3499,3510
3499,3511
3499,3521
3499,3544
3499,30
3499,3398
4947,5220
4947,4898
4947,4941
4947,4713
4947,4822
4947,4948
4947,4826
4947,3512
4947,4828
4947,4960
4947,4729
4947,3335
4947,3779
3500,4706
3500,5066
3500,5253
3500,3503
3500,4824
3500,3317
3500,3513
3500,3519
3500,2227
3500,1184
3501,2180
3501,3619
3501,3510
3501,3511
3501,3527
3501,2592
3501,845
3501,480
3501,1188
3502,3510
3502,3511
3502,3512
3502,3400
3381,3735
3381,3317
3381,3512
3381,3514
3381,1419
3381,3400
3381,2615
3381,3233
3381,1456
3381,1488
3381,2926
5265,3495
5265,3507
5265,3508
5265,3510
5265,3511
5265,3543
5265,3544
5265,3640
5265,1393
5265,3646
5265,1419
5265,3564
5265,721
5265,3403
5265,4338
5265,4384
5265,3571
5266,3611
5266,5237
5266,5243
5266,5245
5266,3496
5266,3506
5266,3510
5266,4826
5266,5269
5266,3514
5266,3515
5266,3543
5266,3550
5266,3645
5266,3646
5266,3560
5266,4738
5266,3400
5266,4319
5266,3652
5266,3655
5266,3665
3503,5413
3503,4812
3503,3510
3503,3511
3503,4826
3503,3564
3503,1572
3504,5197
3504,3483
3504,4713
3504,3507
3504,3508
3504,5268
3504,3510
3504,3519
3504,3526
3504,3621
3504,3536
3504,845
3504,3669
3505,5242
3505,5270
3505,5274
3505,5275
3505,271
3505,1437
5267,5174
5267,3441
5267,3501
5267,3510
5267,3511
5267,5270
5267,5274
5267,3527
5267,1572
4823,4813
4823,5257
4823,3507
4823,3512
4823,4829
4823,3852
4823,848
4823,2773
4823,3857
4824,5376
4824,5257
4824,3510
4824,5272
3506,3619
3506,3493
3506,5375
3506,3510
3506,3511
3506,4826
3506,5269
3506,5271
3506,3516
3506,5532
3506,846
3507,3495
3507,3498
3507,3499
3507,5265
3507,3504
3507,3508
3507,3511
3507,3544
3507,3411
3508,5241
3508,3495
3508,3507
3508,3511
3508,3570
4825,4892
4825,4805
4825,4818
4825,4931
4825,4940
4825,4942
4825,5257
4825,5268
4825,3511
4825,4826
4825,5269
4825,4827
4825,3382
4825,4835
4825,2255
4825,76
4825,3400
4825,3401
4825,123
4825,1463
4825,5301
4948,4857
4948,4858
4948,4865
4948,5221
4948,4803
4948,4893
4948,4805
4948,4905
4948,4914
4948,4915
4948,4917
4948,4919
4948,4920
4948,4925
4948,4931
4948,4942
4948,4947
4948,3512
4948,5273
4948,4828
4948,3382
4948,4954
4948,76
4948,193
4948,3335
4948,2908
4948,4974
5268,4809
5268,3510
5268,3511
5268,3512
5268,3558
3509,5268
3509,3510
3509,3511
3509,4826
3509,5271
3509,5275
3509,3519
3509,5279
3509,2274
3510,3436
3510,3596
3510,3467
3510,5022
3510,3616
3510,3481
3510,3618
3510,3487
3510,3619
3510,5237
3510,3498
3510,3499
3510,5266
3510,3511
3510,4826
3510,5269
3510,3512
3510,5802
3510,5803
3510,5271
3510,3515
3510,3526
3510,5146
3510,3543
3510,3544
3510,3643
3510,30
3510,1433
3510,3400
3510,1291
3510,103
3510,849
3510,1580
3510,3578
3511,3467
3511,5202
3511,3618
3511,4813
3511,3491
3511,3499
3511,5266
3511,3510
3511,4826
3511,5269
3511,3512
3511,3513
3511,3515
3511,3517
3511,4827
3511,5282
3511,3529
3511,3535
3511,4715
3511,3544
3511,2242
3511,5293
3511,3393
3511,480
3511,3403
3511,3580
4826,3447
4826,4812
4826,4813
4826,5241
4826,5373
4826,4942
4826,3498
4826,5265
4826,5266
4826,3503
4826,3510
4826,3511
4826,5269
4826,3512
4826,3513
4826,5271
4826,5273
4826,3516
4826,5274
4826,4827
4826,3550
4826,66
4826,4742
4826,1183
4826,2642
4826,5295
5269,3445
5269,3451
5269,3609
5269,3616
5269,4929
5269,5379
5269,3497
5269,3500
5269,5266
5269,3510
5269,4826
5269,3513
5269,3514
5269,5271
5269,5273
5269,3516
5269,4827
5269,3522
5269,3525
5269,3622
5269,3624
5269,3631
5269,5530
5269,3642
5269,3645
5269,842
5269,1559
5269,3564
5269,3850
5269,4738
5269,1291
5269,4319
5269,3652
5269,1572
5269,1575
5269,932
5269,1479
5269,3669
5269,1497
5269,3679
3317,5178
3317,4813
3317,5249
3317,5376
3317,5252
3317,5253
3317,5380
3317,4940
3317,4941
3317,5255
3317,4943
3317,5257
3317,4714
3317,3511
3317,4826
3317,3512
3317,5270
3317,5271
3317,5274
3317,5279
3317,2897
3317,3845
3317,3219
3317,1588
3317,4844
3512,3498
3512,3510
3512,3511
3512,3517
3513,4813
3513,3511
3513,4826
3513,5272
3513,3544
3513,3552
3513,3553
3513,3554
3513,3555
3513,2454
3513,1283
3513,2239
3513,2026
3513,2027
3513,2276
3513,3226
5801,4926
5801,3498
5801,3499
5801,5265
5801,5266
5801,3504
5801,3507
5801,5268
5801,3510
5801,3511
5801,4826
5801,5269
5801,3317
5801,3512
5801,5802
5801,5803
5801,5271
5801,5273
5801,5277
5801,3519
5801,3521
5801,3522
5801,3525
5801,3533
5801,5146
5801,5532
5801,3543
5801,3544
5801,3547
5801,3550
5801,1393
5801,4274
5801,4275
5801,1448
5801,1579
5801,3571
5801,1483
5802,3437
5802,3438
5802,3439
5802,3440
5802,4983
5802,2341
5802,3453
5802,3454
5802,3456
5802,3457
5802,3462
5802,3463
5802,5454
5802,5491
5802,5497
5802,5197
5802,3467
5802,5011
5802,5012
5802,5013
5802,5041
5802,5049
5802,5090
5802,5207
5802,3470
5802,3473
5802,3475
5802,4112
5802,1262
5802,3479
5802,3480
5802,5222
5802,3484
5802,3487
5802,4126
5802,5144
5802,3488
5802,3490
5802,5236
5802,5237
5802,4813
5802,5240
5802,3491
5802,5242
5802,3493
5802,3494
5802,3495
5802,3496
5802,5387
5802,3832
5802,3497
5802,3498
5802,3499
5802,3500
5802,3501
5802,3502
5802,5265
5802,5266
5802,3503
5802,3504
5802,5267
5802,3507
5802,3508
5802,5268
5802,3510
5802,3511
5802,4826
5802,5269
5802,3317
5802,3512
5802,3513
5802,3514
5802,5803
5802,3515
5802,5273
5802,5274
5802,3517
5802,3518
5802,4827
5802,3519
5802,3521
5802,3522
5802,3523
5802,3524
5802,3525
5802,3526
5802,3527
5802,3528
5802,3531
5802,4128
5802,4129
5802,3535
5802,3537
5802,3540
5802,5146
5802,5531
5802,5532
5802,4134
5802,3542
5802,3543
5802,3544
5802,3546
5802,3547
5802,3548
5802,4140
5802,3549
5802,3550
5802,3551
5802,1393
5802,3552
5802,3553
5802,3554
5802,3555
5802,3556
5802,5149
5802,3557
5802,3558
5802,3560
5802,3562
5802,1123
5802,4175
5802,2447
5802,3326
5802,3565
5802,3566
5802,4384
5802,3569
5802,3570
5802,3572
5802,3574
5802,3774
5802,4581
5802,3575
5802,3576
5802,3577
5802,3581
5802,3584
3514,3491
3514,3510
3514,3511
3514,5269
3514,3513
3514,3527
3514,3529
3514,3642
3514,1411
3514,3215
3514,1419
3514,1172
3514,3564
3514,3395
3514,2609
3514,93
3514,1575
3514,2642
3514,1345
5803,3436
5803,3437
5803,3438
5803,3439
5803,3440
5803,5176
5803,3442
5803,3443
5803,3444
5803,3889
5803,4983
5803,3890
5803,3891
5803,3892
5803,3445
5803,3446
5803,3447
5803,3448
5803,3449
5803,3450
5803,3453
5803,776
5803,3454
5803,3456
5803,3457
5803,3460
5803,3461
5803,3462
5803,3995
5803,3463
5803,5414
5803,3464
5803,5454
5803,5476
5803,5491
5803,5493
5803,5497
5803,5499
5803,5506
5803,5511
5803,5197
5803,3467
5803,804
5803,3468
5803,5011
5803,5012
5803,5013
5803,5022
5803,5041
5803,5049
5803,5090
5803,5207
5803,3470
5803,3472
5803,3473
5803,3476
5803,4112
5803,1262
5803,3477
5803,3479
5803,3480
5803,5222
5803,3481
5803,3483
5803,3484
5803,3486
5803,5226
5803,3316
5803,3487
5803,4126
5803,5144
5803,3488
5803,3489
5803,3490
5803,5237
5803,4813
5803,5240
5803,3491
5803,5242
5803,3492
5803,3493
5803,3494
5803,5262
5803,3495
5803,3496
5803,5387
5803,3832
5803,3497
5803,3498
5803,3499
5803,3500
5803,3502
5803,5265
5803,5266
5803,3503
5803,3504
5803,3505
5803,5267
5803,3507
5803,3508
5803,5268
5803,3510
5803,3511
5803,4826
5803,5269
5803,3317
5803,3512
5803,3513
5803,3514
5803,5270
5803,3515
5803,5273
5803,3516
5803,5274
5803,3517
5803,3518
5803,4827
5803,3519
5803,3520
5803,3521
5803,3522
5803,3523
5803,3524
5803,3525
5803,4830
5803,3526
5803,3527
5803,3528
5803,3529
5803,3530
5803,4835
5803,3531
5803,3532
5803,4128
5803,3533
5803,4129
5803,3535
5803,3536
5803,3537
5803,3538
5803,3539
5803,3540
5803,5146
5803,2995
5803,4130
5803,4131
5803,5531
5803,4132
5803,4133
5803,5532
5803,5147
5803,2996
5803,2997
5803,4134
5803,3101
5803,4135
5803,4136
5803,4137
5803,4138
5803,4139
5803,3542
5803,3543
5803,3544
5803,3545
5803,3546
5803,3547
5803,3548
5803,4140
5803,3549
5803,3550
5803,3551
5803,1393
5803,3552
5803,3553
5803,3554
5803,3555
5803,3556
5803,5149
5803,3557
5803,3558
5803,3559
5803,3560
5803,3562
5803,1123
5803,2447
5803,3326
5803,3564
5803,3565
5803,4384
5803,3569
5803,3570
5803,3114
5803,4459
5803,3572
5803,4489
5803,869
5803,4528
5803,4559
5803,3574
5803,3774
5803,4581
5803,3575
5803,3576
5803,3577
5803,3581
5803,4674
5803,3584
5803,3585
5803,3586
5270,5236
5270,4813
5270,5260
5270,5264
5270,3510
5270,4826
5270,5274
5271,1372
5271,5237
5271,4813
5271,5255
5271,5266
5271,3510
5271,3511
5271,4826
5271,5530
5271,1393
5271,2593
5271,845
5271,846
5271,3403
5271,1291
5271,2607
5271,4317
5271,2106
5271,2615
5271,1932
5271,1438
5271,3118
5271,3341
5271,3866
5271,1501
5272,4813
5272,5255
5272,3317
5272,3513
5272,5271
5272,848
4949,4865
4949,4948
4949,5270
4949,5271
4949,5274
4949,5275
3515,5226
3515,3491
3515,3494
3515,3498
3515,5266
3515,3510
3515,3511
3515,4826
3515,5269
3515,3514
3515,5271
3515,5273
3515,3543
3515,3544
3515,4274
3515,1423
3515,3849
3515,2239
3515,2241
3515,2027
3515,2028
3515,1430
3515,3572
3515,4768
5273,3510
5273,3511
5273,4826
5273,3518
5273,4740
5273,96
3516,3497
3516,3499
3516,3506
3516,3507
3516,3510
3516,3511
3516,3514
3516,5273
3516,3523
3516,3543
3516,28
3516,2242
3516,2255
3516,37
3516,4740
5274,5362
5274,5260
5274,3512
5274,5270
5274,5276
5275,3510
5275,5270
5275,5274
3517,4932
3517,4942
3517,3498
3517,3508
3517,5268
3517,3510
3517,3511
3517,4827
3517,3544
3517,2590
3517,5293
3517,66
3517,2606
3517,92
3517,2609
3517,93
3517,97
3517,2613
3517,3571
5276,4892
5276,5255
5276,5264
5276,3508
5276,4826
5276,5270
5276,5271
5276,5274
5276,5275
5276,5278
5276,5279
5277,5255
5277,3506
5277,3510
5277,3511
5277,4826
5277,3512
5277,3543
5277,1837
5277,2590
5277,4734
5277,2606
5277,92
5277,93
3518,3497
3518,3510
3518,3511
3518,4333
4827,5233
4827,3510
4827,3511
4827,4826
4827,3640
4827,1183
4827,2606
4827,92
4827,97
4827,102
4827,4443
4827,2642
4827,2656
4827,2660
5388,5245
5388,5368
5388,5257
5388,3496
5388,3504
5388,3510
5388,851
5388,4844
3519,5022
3519,5032
3519,3504
3519,3507
3519,3510
3519,4826
3519,3512
3519,3201
3519,76
3519,96
4950,4915
4950,4917
4950,4920
4950,3496
4950,4947
4950,4948
4950,3318
4950,3564
5278,5264
5278,3510
5278,5270
5278,5274
5278,1580
5279,4826
5279,4827
3520,5268
3520,3510
3520,3517
3520,2255
3520,1291
3520,2615
3520,3571
3520,1343
3521,3498
3521,3499
3521,3510
3521,3511
3521,3544
5280,5223
5280,5264
4828,4920
4828,5383
4828,4947
4828,4826
4828,3513
4828,4829
4829,5377
4829,3510
4829,4826
4829,5271
4829,4828
4829,5146
3522,5144
3522,5387
3522,5269
3522,3512
3522,3386
3522,1184
3522,1572
3522,1573
3523,5265
3523,3510
3523,3511
3523,3564
4951,5220
4951,4899
4951,3492
4951,4940
4951,4942
4951,3507
4951,4975
5389,5364
5389,5376
5389,5377
5389,3564
3524,3488
3524,3494
3524,5266
3524,3510
3524,3511
3524,3543
3524,3564
3524,3571
5390,5339
5390,5254
5390,5383
5390,5391
5390,4830
5390,5393
5391,5339
5391,5390
5391,4830
5281,5377
5281,4944
5281,5276
3525,5266
3525,3510
3525,5269
3525,3543
3525,3646
3525,3673
4830,3442
4830,5339
4830,5243
4830,3494
4830,3499
4830,4826
4830,5269
4830,5271
4830,3524
4830,3525
4830,5393
4830,3564
4830,2603
2894,2855
2894,2887
2894,4808
2894,4813
2894,5240
2894,4940
2894,4942
2894,4826
2894,3848
2894,5293
2894,3400
5282,3510
5282,3511
5282,3543
5282,3544
5282,5650
4831,5227
4831,4917
4831,4931
4831,4940
4831,4941
4831,4942
4831,3511
4831,5281
4831,4832
4831,3382
4831,200
4831,4973
4832,5705
4832,4917
4832,4920
4832,4941
4832,4948
4832,3510
4832,3382
4832,3326
4832,3401
4832,1291
3382,4775
3382,5197
3382,4919
3382,4920
3382,5261
3382,4948
3382,4832
3382,4954
3382,3318
3382,3401
3382,1438
4952,4775
4952,4862
4952,4863
4952,5224
4952,5231
4952,4929
4952,4931
4952,4940
4952,102
5392,5353
5392,4926
5392,5358
5392,4940
5392,5297
5392,5405
3526,894
3526,3487
3526,3619
3526,3489
3526,5377
3526,5266
3526,3510
3526,3669
3621,3504
3621,3622
5393,5312
5393,5217
5393,5339
5393,5144
5393,5253
5393,5383
5393,3506
5393,3511
5393,3515
5393,5390
5393,5391
5393,4830
5393,3543
5393,3646
5393,3564
5393,2276
3527,4126
3527,3510
3527,3511
5283,4772
5283,4798
5283,4822
5804,3510
5804,3511
5804,3512
5804,1572
3528,4982
3528,2347
3528,1903
3528,3510
3528,3511
3528,3629
3528,1666
3528,4746
3528,2276
3528,2279
3528,1737
3528,1740
3528,1932
3528,1937
3528,1855
3528,1857
3528,3672
3528,3687
3529,4977
3529,5028
3529,1262
3529,3316
3529,3510
3529,3511
3529,2021
3529,2762
3529,92
3529,1298
3529,3109
3529,1464
3529,5540
4953,1392
4953,4895
4953,4908
4953,4932
4953,4941
4953,4942
4953,4837
4833,4771
4833,5311
4833,5369
4833,5377
4833,5252
4833,5385
4834,4994
4834,4804
4834,5240
4834,4941
4834,4943
4834,5257
4834,5530
4834,4963
3530,894
3530,3480
3530,3619
3530,3510
3530,3526
3530,3646
3530,3422
3530,1343
3530,3669
5284,480
5284,66
5285,4811
5285,3504
5285,2762
4835,4805
4835,4813
4835,3511
4835,67
4835,3401
4835,3335
4835,5296
3622,3510
3622,5286
3622,4199
3622,1183
3622,1189
3622,1202
5286,4813
5286,5270
4954,5227
4954,4920
4954,4932
4954,4941
4955,5236
4955,4941
4955,5260
4955,4746
5287,5231
4956,4912
4956,4933
4956,4941
4956,5255
4956,3235
3531,3510
3531,3511
3531,3516
3531,4140
3531,4721
3531,3835
3531,4274
3531,4754
3531,1458
3531,2774
3532,3479
3532,3499
5394,5377
5394,5378
5394,5253
5394,4758
5288,4914
5288,5237
5288,5373
5288,4941
5288,3511
5288,5273
5288,96
3623,3494
3623,3510
3623,4135
4957,4903
4957,4913
4957,4941
4957,4958
4957,1572
4128,804
4128,3613
4128,3510
4128,3511
4128,2764
4128,2773
4128,3654
4128,983
4128,3676
3624,5257
3624,5269
3624,3317
3624,3514
3624,3630
3624,1440
3624,1572
3624,3123
3625,4801
3625,3510
3625,3784
3626,3604
3626,3485
3626,3627
3626,3643
3627,3626
3627,3628
3627,3633
3627,3546
3628,3755
3628,5360
3628,5377
3628,3620
3628,3627
3628,4535
3628,3579
3629,5483
3629,3528
3629,1413
3630,3486
3630,5360
3630,4931
3630,3510
3630,5269
3630,3624
3630,3640
3630,1112
3630,1168
3630,1170
3630,96
3630,4328
3630,3784
3631,3534
3632,3485
3632,3510
3632,3529
3632,3624
3632,3634
3632,3637
920,2576
920,2608
921,849
3633,3448
3633,3485
3633,3510
3633,3627
3634,3632
3634,3640
3634,3566
3533,3588
3533,3594
3533,3596
3533,894
3533,3599
3533,3603
3533,3616
3533,3618
3533,3619
3533,3504
3533,3510
3533,3621
3533,3622
3533,3624
3533,3626
3533,3631
3533,3634
3533,3636
3533,3637
3533,3639
3533,3640
3533,3641
3533,3642
3533,3643
3533,3645
3533,3646
3533,3648
3533,3649
3533,3650
3533,3653
3533,3654
3533,3655
3533,3656
3533,3664
3533,3669
3533,3670
3533,3671
3533,3673
3533,3674
3533,3675
3533,3676
3533,3677
3533,3685
3635,3603
3635,802
3635,3618
3635,3485
3635,5352
3635,5374
3635,3516
3635,3632
3635,3634
3635,3646
3635,3647
3635,3650
3635,3654
3635,3676
3635,3677
5289,5377
5289,5378
5145,5010
5145,5022
5145,5032
5145,5098
5145,3510
5145,3511
5145,3519
5145,3538
5145,3544
5145,2047
5145,2286
5145,3571
1546,1513
1546,4926
1546,1575
1546,1576
3534,3510
3534,3544
3534,1413
3534,4338
3534,3571
3534,3582
3636,928
3636,2618
3636,3116
3636,3659
4129,3892
4129,3510
4129,3849
4129,1433
4129,3673
3637,5022
3637,3510
3637,3529
3637,1290
2895,5229
2895,2897
2895,4838
2895,3849
2895,2239
2895,2615
2895,1319
2895,957
4958,1414
4958,2061
4958,2615
4958,1464
4958,3771
3318,5197
3318,4920
3318,4812
3318,3382
3318,1179
3318,3403
3318,91
3318,4764
5530,4784
5530,4804
5530,5237
5530,3848
5530,1432
5530,3852
5530,1572
1666,3528
1666,3544
1666,3571
3638,5269
3638,3671
3535,3511
3535,3543
3535,3544
3535,4291
3535,2239
3535,2026
4959,4919
4959,2897
2896,5229
2896,4291
2896,2909
2897,4781
2897,3709
2897,5229
2897,2895
2897,4837
2897,4838
2897,2255
2897,4732
2897,1319
2897,3765
2897,3793
2897,889
4836,4838
4836,2276
4837,4778
4837,4780
4837,4785
4837,4786
4837,5688
4837,5705
4837,4811
4837,4812
4837,4813
4837,4826
4837,5271
4837,4827
4837,4953
4837,4839
4837,4841
4837,4746
4837,92
4837,93
4837,2610
4837,1564
4837,2615
4837,2279
4837,2280
4837,2904
4837,1319
4837,2642
4837,2643
4837,4763
4837,1615
4837,4844
4837,4845
4838,4780
4838,4781
4838,4787
4838,4800
4838,4806
4838,4809
4838,5233
4838,2895
4838,2897
4838,4836
4838,4839
4838,2258
4838,845
4838,2603
4838,2607
4838,2276
4838,4848
4839,4788
4839,4800
4839,4801
4839,4802
4839,4912
4839,4809
4839,4811
4839,4941
4839,3504
4839,4838
4839,4839
4839,4840
4839,4960
4839,5545
4840,4802
4840,4920
4840,4941
4840,4942
4840,4713
4840,4960
4840,3400
4840,3816
4960,1392
4960,4933
4961,4869
4961,4920
4961,4942
4961,4958
4962,4931
4962,4941
4962,2896
4962,2580
4962,1184
4962,123
4962,3771
2574,4788
2574,1392
2574,4837
2574,846
2574,2608
2574,92
2574,1319
2574,3771
4841,4982
4841,5269
4841,4837
4841,2574
4841,2640
4841,1319
3536,3523
3537,5030
3537,5144
3537,5268
3537,3511
3537,3512
3537,3538
3537,3764
3537,2927
3538,5098
3538,3511
3538,3523
3538,3537
3538,3547
3538,1419
3539,3510
3539,3511
3539,3544
3539,3640
3539,1411
3539,1179
3539,1282
3539,28
3539,3564
3539,37
3539,3394
3539,66
3539,1183
3539,92
3539,93
3539,848
3539,2615
3539,4331
3539,123
5290,5271
5290,92
5290,1294
5290,123
5290,2650
166,4932
166,4941
166,4826
166,5281
166,34
166,185
166,92
166,2609
166,93
166,123
166,2640
166,1320
4842,4774
4842,5548
4842,4809
4842,4811
4842,4736
4842,185
4842,92
2424,3756
2424,2615
3540,3511
3540,3642
3540,3558
3540,2276
3540,3572
5146,4989
5146,5059
5146,5060
5146,5078
5146,5119
5146,4931
5146,4826
5146,5147
5146,3543
5146,3544
5146,3642
5146,3102
5146,1123
5146,1421
5146,2273
5146,1929
5146,1932
5146,1581
5146,2639
5146,3664
5146,5160
2995,4826
2995,3547
2995,1464
2995,3001
4130,5146
4130,3543
4130,1426
4130,2021
4130,480
4130,4317
4130,3671
4131,5265
4131,5271
4131,5146
4131,5531
4131,4132
4131,1423
4131,4738
4131,3400
4131,1852
4131,1438
5531,3598
5531,3096
5531,3511
5531,4133
5531,5532
5531,4134
5531,4285
5531,1438
5531,3114
5531,3123
4132,5146
4132,5531
4132,3544
4132,3400
4133,5497
4133,5521
4133,3510
4133,3544
4133,4242
4133,4338
5532,5146
5532,5531
5532,4274
5532,3664
5147,5146
5147,3642
5147,3102
5147,1580
2996,3511
2996,4826
2996,2997
2996,3547
2996,1464
2996,3005
2997,3511
2997,4826
2997,2996
2997,3547
2997,1438
2997,1464
4134,3510
4134,5146
4134,5531
4134,3547
3639,5493
3101,5146
3101,3543
3101,1423
3101,2018
3101,2025
3101,2027
3101,92
3101,1856
3101,1581
3101,3126
3101,1596
3101,3142
4135,3510
4135,3623
4136,5146
4136,4137
4136,3557
4136,2027
4136,2028
4136,2615
4136,103
4136,3571
4137,5146
4137,4136
4137,3557
4137,2027
4137,2028
4137,1852
4137,1583
4138,5146
4138,3544
4138,5291
4138,1852
4138,103
4138,4753
4139,3498
4139,5265
4139,3511
4139,3515
4139,3543
4139,3544
4139,3641
4139,3550
4139,3849
4139,2273
4139,4751
4715,5144
4715,3510
4715,5146
4715,3547
4715,92
4715,3784
4715,3579
4715,3816
3541,3471
3541,3510
3541,3511
3541,4838
3542,3547
3542,4722
3542,4738
3543,5245
3543,3499
3543,5266
3543,3510
3543,3515
3543,5146
3543,3544
3543,3560
3543,4734
3543,2762
3543,103
3543,4340
3543,4751
3544,1262
3544,3480
3544,3498
3544,3499
3544,3507
3544,3510
3544,3511
3544,3512
3544,3526
3544,3543
3544,3646
3544,28
3544,2047
3544,4732
3544,2261
3544,30
3544,845
3544,38
3544,4310
3544,3569
3544,3571
3544,3578
3545,3507
3545,3511
3545,4826
3545,3547
3546,3916
3546,3464
3546,5266
3546,3510
3546,3511
3546,3543
3546,3560
3547,3693
3547,3444
3547,5012
3547,5022
3547,5044
3547,5266
3547,3508
3547,5268
3547,3511
3547,3536
3547,3537
3547,5146
3547,3545
3547,3559
3547,3645
3547,2221
3547,3565
3547,4739
3547,4740
3547,92
3547,4748
3547,1584
3547,123
3547,2644
3547,4444
3547,3672
5148,5022
5148,3510
5148,4826
5148,3529
5148,5145
5148,3547
5148,1283
5148,2600
5148,1564
5148,1582
5148,1583
5148,3250
5148,5150
5805,3538
5805,5146
5805,5531
5805,5532
5805,5147
5805,3547
5805,3400
3548,4813
3548,3543
3548,589
3548,2025
3548,2278
3548,1733
5291,5268
4963,5188
4963,4929
4963,4939
4963,3543
4963,3400
4963,3410
4140,3510
4140,3547
4140,4274
3640,2347
3640,3613
3640,3510
3640,5269
3640,3525
3640,3546
3640,3547
3640,928
3640,1433
3640,1290
3641,3889
3641,5266
3641,3510
3641,4139
3641,3646
3641,1433
3641,3109
3641,3653
3549,3510
3549,3511
3549,4826
3549,3544
3549,3550
3549,3551
3549,3646
3549,4728
3549,4739
3550,4813
3550,3510
3550,3511
3550,4826
3550,1393
3550,4726
3550,1422
3550,3564
3550,957
3550,3677
3551,3510
3551,3550
5806,3892
5806,3447
5806,2347
5806,3915
5806,3943
5806,1367
5806,4999
5806,1371
5806,1248
5806,1894
5806,1895
5806,4031
5806,5096
5806,5140
5806,4075
5806,3310
5806,1380
5806,1381
5806,2748
5806,2562
5806,4087
5806,824
5806,4106
5806,4109
5806,3510
5806,5271
5806,4129
5806,3549
5806,3550
5806,3551
5806,1393
5806,1669
5806,1671
5806,265
5806,4208
5806,1690
5806,2438
5806,2441
5806,1693
5806,4219
5806,5824
5806,2241
5806,2594
5806,1433
5806,2762
5806,2608
5806,849
5806,2620
5806,1303
5806,1472
5806,2494
5806,4565
5806,4578
5806,1963
5806,2508
5806,4599
5806,5151
5806,1349
5806,2680
5806,2512
5806,1618
5806,4653
5806,884
5806,1505
5806,1620
5806,2688
5806,1507
5806,3583
5806,5165
1393,5265
1393,3510
1393,3511
1393,3544
1393,3759
1393,1411
1393,1419
1393,2234
1393,1286
1393,2022
1393,3411
1393,1456
3552,3454
3552,3513
3552,3553
3552,3554
3552,3555
3552,2600
3552,1186
3552,1318
3552,1335
3553,3454
3553,3953
3553,1371
3553,3510
3553,4826
3553,3513
3553,5271
3553,3552
3553,3554
3553,3555
3553,4728
3553,2022
3553,1184
3553,2274
3553,1297
3553,3571
3553,4533
3554,3454
3554,3552
3554,3553
3554,3555
3555,3511
3555,3513
3555,3552
3555,3554
3642,4989
3642,3601
3642,3510
3642,3540
3642,3644
3642,2227
3642,3572
3556,3544
3556,3557
3556,1423
3556,1179
3556,2026
3556,2242
3556,3411
3556,2075
5149,5022
5149,3511
5149,4738
5149,2615
5149,103
5149,3571
3557,3470
3557,4112
3557,3556
3557,1422
3557,2021
3557,4291
3557,2238
3557,2242
3557,2027
3557,2028
3557,2031
3557,3571
3558,3507
3558,3511
3558,3540
3558,4717
3558,1426
3558,2239
3558,2026
3558,2276
3558,3571
3558,3572
3558,3658
3559,3512
3559,3517
3559,2221
3559,2580
3559,66
3643,3606
3643,3510
3644,3595
3644,3510
3644,3642
3645,3444
3645,1371
3645,3536
3645,3547
3645,1507
3646,3890
3646,3192
3646,4124
3646,3487
3646,3510
3646,5393
3646,3549
3646,2241
3646,2249
3646,4734
3646,1433
3646,4559
3646,3658
3646,4573
3646,3671
3646,3674
3646,3685
3560,3596
3560,5022
3560,3499
3560,3543
3560,3655
3560,5401
4141,853
4141,3654
4141,4515
4141,4517
4141,968
1911,4291
1911,1932
1911,1936
1911,2107
1911,390
1911,1945
3561,796
3561,3547
3561,1911
3561,1674
1547,1545
1547,4926
1547,3646
1547,1575
1547,3664
828,4738
828,4520
252,253
252,271
252,275
252,276
252,2041
252,293
252,2280
253,252
253,271
253,275
253,276
253,1437
253,2280
254,252
254,253
254,274
254,278
254,2280
254,1449
255,2347
255,238
255,1698
255,279
255,1740
255,1793
256,224
256,3596
256,2347
256,252
256,255
256,262
256,271
256,1698
256,1171
256,591
256,293
256,1740
257,2347
257,256
257,271
257,277
257,293
257,936
258,226
258,259
258,261
258,2442
258,2443
258,279
258,2455
258,294
259,238
259,253
259,2443
259,279
259,175
259,314
260,226
260,230
260,237
260,239
260,240
260,243
260,244
260,247
260,248
260,257
260,258
260,259
260,261
260,262
260,270
260,2443
260,279
260,280
260,284
260,620
260,2473
261,226
261,2347
261,258
261,259
261,2443
261,279
261,1187
262,2347
262,256
262,260
262,1696
262,2502
4142,1167
4142,2236
1264,1271
1264,4291
1264,1583
1264,2073
1264,3123
1102,1110
1102,1152
1102,1157
1102,1168
1102,1183
1102,1445
1102,1456
695,671
695,37
695,38
695,713
695,714
695,728
1394,1171
1394,3848
1394,1433
1394,3411
4143,4252
4143,4321
3647,3485
3647,3510
3647,3650
3647,3123
4144,1426
4144,2239
4144,2028
4144,1430
4145,28
4145,2260
4145,30
2207,4717
2207,2031
2207,2037
2207,2038
3833,3847
3833,1170
3833,1173
3833,3852
3833,2762
2425,3388
2425,3400
2425,1926
2425,2615
2425,1305
2425,1583
2425,2496
1395,2012
1395,2021
1395,2027
1395,1433
1395,2615
1395,2279
2000,4717
2000,4261
2000,3844
2000,2241
2000,2027
2000,2035
2000,2037
2000,2038
2000,2042
2000,480
2001,2207
2001,4717
2001,2037
2001,2038
2002,4717
2002,2238
2002,2241
2002,2035
2002,2037
2002,2038
2002,2040
2002,4748
4146,1043
4146,4373
1103,1168
1103,1169
1103,592
1103,2274
2003,4717
2003,4291
2003,2025
2003,2250
2003,2031
2003,2037
2003,2038
3196,3194
3196,4740
3196,1184
3196,190
3196,3222
3196,3277
476,290
476,295
476,496
476,388
4147,3400
4147,1459
2099,2105
2099,3393
2099,847
2099,2106
2099,2061
2099,2117
2099,2118
1104,1168
1104,1169
1104,1171
2898,3840
2898,928
2898,4319
2898,194
2898,1464
2898,1466
2898,1479
2898,2920
2898,2922
2898,2927
4148,4356
4148,3866
559,45
559,48
559,2265
3102,3066
3102,1572
3102,3123
3102,1463
350,370
350,1176
350,376
350,89
350,383
16,4713
16,175
16,5293
16,1184
16,185
16,2774
16,4445
560,2241
560,3390
560,593
560,2265
4149,4230
4149,3849
4149,1290
4149,2600
4149,4347
3834,3411
3834,3857
3834,1463
4716,4215
4716,589
4716,4742
4716,289
4716,1861
4716,2641
2004,587
2004,2239
2004,2242
2004,2255
2004,2477
1105,2393
1105,1118
1105,1159
1105,1167
1105,1168
1105,2594
1105,3655
2575,66
2575,1183
2575,2602
3197,3207
3197,1421
3197,2761
3197,1184
3197,84
3197,3221
2576,920
2576,846
2576,66
922,1433
922,936
4150,1420
4150,3564
4150,1433
4150,2275
4150,2615
2426,2342
2426,2383
2426,1173
2426,1177
2426,1183
2426,2459
2426,1187
1912,1906
1912,1907
1912,4712
1912,1667
1912,1668
1912,1707
1912,2279
1912,1740
1912,1857
1912,4328
1912,1440
1912,1947
1912,4483
1912,1887
1667,1889
1667,4075
1667,1668
1667,1711
1667,2278
1667,2615
1667,1932
1667,1857
1667,620
1667,390
1667,1882
1667,1964
1668,1912
1668,1667
1668,1707
1668,1711
1668,1424
1668,2278
1668,2615
1668,1932
1668,1857
829,3395
829,849
829,733
3383,60
3383,2457
3383,190
3383,3406
3383,2615
4151,1152
4151,1153
4151,1167
4151,1291
4151,4340
4151,3859
4151,3664
4152,1179
4152,3394
4152,1188
4152,983
2208,2216
2208,2238
2208,2241
2208,2242
2208,2027
2208,2250
2208,2256
2208,1560
2208,592
2209,2208
2209,2210
2209,3388
2209,2238
2209,2241
2209,2242
2209,2245
2209,2250
2209,2033
2209,2256
2209,2040
2209,4740
2210,2208
2210,2209
2210,3388
2210,2238
2210,2241
2210,2242
2210,2245
2210,2247
2210,2250
2210,2033
2210,2256
2210,4740
1669,589
1669,4291
1669,1782
830,4141
830,367
830,846
830,849
830,931
830,957
830,958
830,977
830,982
830,4667
3562,3510
3562,3515
3562,4155
3562,4274
3562,2234
3562,1290
3562,3675
1265,3543
1265,4740
1265,3400
1265,1290
1265,1310
1265,1346
1106,3331
1106,1167
1106,1168
1106,848
1106,1610
1106,1230
4153,1106
4153,3212
4153,2763
1107,1167
1107,1168
1107,1169
1107,1171
1107,2025
1107,3397
1913,564
1913,1175
1913,2615
1913,1740
1913,1936
1913,1860
1913,1750
1913,3411
1913,1756
1913,4362
1913,4541
2427,2436
2427,1693
2427,2615
1670,2436
1670,2438
1670,1932
1670,1857
1836,2279
1836,1846
1836,1854
1836,192
1671,2436
1671,2441
4154,3390
4154,709
4154,593
4154,1846
4154,2124
4155,4274
4155,3849
4155,4740
4155,2774
351,42
351,1030
351,376
351,498
4156,4221
4156,1428
4156,3852
4156,1433
4156,3411
4156,4340
17,2585
17,2599
17,2608
17,2610
17,146
17,2685
3198,773
3198,373
3198,1028
3198,74
3198,3217
3198,1184
3198,185
3198,98
3198,3242
3198,931
352,50
352,616
352,735
352,3247
263,2347
263,3407
263,293
263,1449
353,365
353,376
354,365
354,376
354,2265
354,731
2211,2241
2211,2242
2211,381
2211,2615
2211,103
2211,400
561,619
561,1864
561,2109
561,1872
561,2110
2212,2221
2212,2241
2212,2242
2212,2027
2212,37
2212,2271
2212,631
1108,1109
1108,1168
1108,1169
1108,1171
1108,3850
1108,1184
1109,1108
1109,4722
1109,1153
1109,1168
1109,1169
1109,1426
1109,3850
1109,1184
1110,2393
1110,1102
1110,1119
1110,2449
1110,1414
1110,2594
1110,1183
1110,4758
1111,3310
1111,1123
1111,1149
1111,3331
1111,1168
1111,1169
1111,1171
1111,3848
1111,2600
1112,1122
1112,1158
1112,1163
1112,1167
1112,1170
1112,1173
1112,1433
1548,1517
1548,1541
1548,1542
1548,1551
1548,1568
1548,1575
1548,1344
1549,1542
1549,1548
1549,1551
1549,64
1549,1575
1549,1448
1549,1579
3319,3411
3319,1445
3319,1233
3103,2027
3103,1572
3103,1581
3103,1583
3103,1307
1113,1116
1113,1168
1113,1169
1113,2025
1113,2027
1113,2028
1113,1200
1396,3380
1396,1438
1396,3411
1396,3412
1396,1572
1396,1575
1396,1579
1396,3425
4157,2007
4157,1423
4157,2026
4157,67
1114,1109
1114,1125
1114,1277
1114,1143
1114,1152
1114,1153
1114,1168
1114,1169
1114,1170
1114,2027
1114,2028
1114,2248
1114,1490
1397,3321
1397,1407
1397,3848
1397,1437
1397,4337
1115,1168
1115,1171
1115,2027
1115,1183
1116,1113
1116,1277
1116,3331
1116,1156
1116,1167
1116,1168
1116,1169
1116,1424
1116,3848
1116,1432
1116,1183
1116,3400
1116,1200
1117,1171
1117,1424
1117,1174
1117,1437
1117,1579
1118,1105
1118,1168
1118,1169
1118,1171
1118,1180
1118,2018
1118,2027
1118,3409
1118,1582
1118,1203
1118,3122
1118,1238
1119,3510
1119,3514
1119,1110
1119,3331
1119,1151
1119,1152
1119,1157
1119,1168
1119,1424
1119,1183
1119,3411
1119,1187
1119,1447
1119,3358
3104,3102
3104,2644
3104,1463
3104,1464
3104,1608
3104,5534
1398,3067
1398,3412
1398,3109
1398,3115
1120,1125
1120,1153
1120,1168
1120,1439
1120,1582
1120,3125
1121,1148
1121,1155
1121,1167
1121,1170
1121,1171
1121,1172
1121,1582
1122,1112
1122,1118
1122,1168
1122,1170
1123,3605
1123,5022
1123,5098
1123,3510
1123,5146
1123,1111
1123,3650
1123,1149
1123,2027
1123,593
1123,3659
1123,3575
1914,3642
1914,2436
1914,1690
1914,1691
1914,1693
1914,588
1914,2278
1914,623
1914,1945
4158,3384
4158,4510
4158,3347
1672,1932
1672,1857
1672,1858
1672,1870
1672,398
1672,3123
1124,1148
1124,1183
1399,1400
1399,1403
1399,1419
1399,1420
1399,2028
1399,3400
1399,3410
1400,1399
1400,1403
1400,1420
1400,2028
1400,3400
1400,3410
1400,1456
4159,2230
4159,4291
4159,2238
4159,2239
4159,2241
2005,1979
2005,2017
2005,3388
2005,4291
2005,2238
2005,2241
2005,2242
2005,2243
2005,2245
2005,2065
4160,370
4160,179
4160,480
4160,74
4160,207
167,5293
167,3394
167,722
167,1184
167,185
167,207
4161,1008
4161,163
4161,1021
4161,3217
4161,4303
4161,4374
1021,1017
1021,4161
1021,563
1021,1028
1021,1031
1021,498
2577,2593
2577,1289
2577,2594
2577,4740
2577,66
2577,3400
2577,2603
2577,1208
4162,851
4162,4602
4163,4164
4163,4170
4163,1291
3384,3384
3384,4717
3384,20
3384,1179
3384,3564
3384,4294
3384,39
3384,4740
3384,3393
3384,3394
3384,3400
3384,2762
3384,3402
3384,3235
3384,851
3384,2774
3384,4549
3384,3347
3384,3361
4164,4166
4164,4168
4164,20
4164,30
4164,3402
4164,4691
2213,2347
2213,5807
2213,2214
2213,2241
2213,3393
2213,2058
5807,4163
5807,3385
5807,4167
5807,4168
5807,4170
5807,4217
5807,3397
5807,1028
5807,183
5807,60
5807,82
5807,2459
5807,188
5807,2462
5807,2466
5807,5851
5807,2482
5807,115
5807,3425
2214,2213
2214,2018
2214,2021
2214,2025
2214,2241
2214,2242
2214,34
2214,2058
2214,1752
4717,2347
4717,2355
4717,3510
4717,5810
4717,4166
4717,696
4717,4722
4717,2431
4717,2592
4717,1168
4717,2242
4717,3565
4717,1430
4717,4736
4717,4738
4717,709
4717,49
4717,480
4717,60
4717,598
4717,2265
4717,2762
4717,2466
4717,1854
4717,1857
4717,849
4717,2765
4717,2774
4717,1459
4717,3425
2215,4696
2215,4718
2215,1167
2215,1179
2215,2260
2215,38
2215,3423
2215,4527
831,4713
831,20
831,3394
831,57
831,3400
831,103
4165,2774
4165,4549
4165,3347
5808,4289
5808,4291
5808,2238
5808,3564
5808,1290
5808,1563
5808,4337
5809,5792
5809,28
5809,4294
5809,30
5809,4295
5809,37
5809,38
5809,4746
5809,2075
5809,4398
5809,954
5809,2083
5810,2347
5810,3487
5810,4717
5810,2241
5810,2246
5810,1430
5810,2057
5810,4311
5810,2067
4718,5194
4718,2242
4718,845
3385,5293
3385,3400
5811,4696
5811,4698
5811,3366
5811,5790
5811,3510
5811,3384
5811,4164
5811,5807
5811,4717
5811,5809
5811,3385
5811,5812
5811,4166
5811,168
5811,4720
5811,4721
5811,4726
5811,28
5811,4294
5811,30
5811,4295
5811,4737
5811,4738
5811,5293
5811,34
5811,845
5811,3391
5811,37
5811,38
5811,4739
5811,5837
5811,3392
5811,182
5811,3394
5811,3395
5811,3396
5811,3398
5811,3400
5811,3401
5811,3402
5811,3403
5811,2060
5811,847
5811,3412
5811,104
5811,3414
5811,115
5811,5894
5811,2319
5812,5769
5812,3923
5812,3924
5812,3954
5812,693
5812,2422
5812,251
5812,4162
5812,4163
5812,3384
5812,5807
5812,2215
5812,4166
5812,4167
5812,4168
5812,4169
5812,4170
5812,4173
5812,28
5812,4294
5812,30
5812,4295
5812,31
5812,4736
5812,37
5812,38
5812,1434
5812,3414
5812,1459
5812,2075
5812,4398
5812,4405
5812,1461
5812,5887
5812,3764
5812,4527
5812,214
5812,4591
5812,3347
5812,4634
4166,4167
4166,4168
4166,4169
4166,4740
4166,4691
4167,4158
4167,4717
4167,4165
4167,4166
4167,4719
4167,4722
4167,4294
4167,4738
4167,2762
4168,4089
4168,4164
4168,4166
4168,5813
4168,4291
4168,4311
4168,4323
4168,2076
4168,4634
4168,4691
4169,4166
4169,4311
4169,2774
168,4698
168,2
168,2214
168,4717
168,5813
168,4736
168,4737
168,4738
168,5293
168,845
168,40
168,4740
168,43
168,44
168,709
168,713
168,724
168,52
168,53
168,54
168,726
168,57
168,60
168,185
168,4355
168,115
168,223
5813,4774
5813,4168
5813,168
5813,3564
5813,31
5813,4298
5813,181
5813,4311
5813,4312
5813,2319
4719,4711
4719,4726
4719,4294
4719,4736
4719,38
4719,96
4719,4321
4170,4163
4170,4164
4170,66
4170,83
4170,2774
696,30
696,376
4171,4170
4171,709
4171,4741
2006,2027
2006,2028
2006,1430
2006,2075
4172,4290
4172,2240
4172,2241
4172,2027
4172,2028
4172,2261
4172,2075
4720,4717
4720,4173
4173,4720
4174,4758
4721,4740
4721,57
4721,60
4721,185
4721,190
4721,92
4722,4738
4722,4758
697,1430
697,724
2216,1172
2216,2238
2216,2252
2216,2038
2216,592
2216,2615
2216,2279
2216,2472
2217,2027
2217,2028
2217,38
562,1138
562,2265
562,613
562,646
562,656
2578,3849
2578,2237
2578,3564
2578,4740
2578,3400
2578,1290
2578,2600
2578,2618
2578,1302
2578,124
3199,1074
3199,1080
3199,5565
3199,1094
3199,1095
3199,1096
3199,1097
3199,4239
3199,1144
3199,1149
3199,1151
3199,1158
3199,1168
3199,1171
3199,28
3199,4291
3199,2025
3199,709
3199,2280
3199,4328
3199,1567
3199,2081
5814,3318
5814,5146
5814,3649
5814,3650
5814,2227
5814,2048
5814,3407
5814,3575
477,826
477,3380
477,1171
477,1432
477,1184
477,2762
477,2763
477,295
477,306
477,2805
5815,2165
5815,5004
5815,2179
5815,5042
5815,2188
5815,1992
5815,2214
5815,2220
5815,570
5815,585
5815,2241
5815,2029
5815,2037
5815,599
5815,607
5815,2058
5815,1854
5815,5868
5815,2117
5815,2298
5815,2303
5815,868
5815,2310
5815,4843
5815,2083
5815,2327
3320,2373
3320,3326
3320,3330
3320,3331
3320,1167
3320,1168
3320,1171
3320,1183
3320,2614
3320,1740
3320,3411
3320,3335
5292,5548
5292,185
5292,3764
4175,2347
4175,3510
4175,3511
4175,3544
4175,1403
4175,1430
4175,3410
4175,2615
4175,3411
4175,103
4175,1456
4175,2490
4176,2455
4176,2614
4176,2615
4176,1739
4176,1740
4176,1857
4176,2280
1673,1737
1673,1930
1673,1932
1673,1934
1673,1935
1673,1857
1673,1944
1673,1953
1673,1800
1837,1435
1837,1854
1837,1855
355,592
355,376
355,1848
355,1851
355,1853
355,1762
3321,3305
3321,3331
3321,1419
3321,95
3321,1445
3321,1575
3321,1588
1550,2896
1550,2585
1550,66
1550,1290
1550,91
1550,2610
1550,1564
1550,1293
1550,1439
1550,2903
1550,1574
1550,3256
1550,1464
1550,2914
1550,3573
169,185
1401,2241
1401,1932
1401,1857
1401,1440
1401,3123
923,2762
923,849
923,1443
923,4415
923,859
4177,4180
4177,1403
4177,4201
4177,4263
4177,4264
4177,4287
4177,4291
4177,37
4177,2076
2218,2241
2218,2242
2218,2256
2218,3390
2218,37
2218,38
2753,2769
2753,2771
2753,1443
1402,1911
1402,60
1402,2466
1402,2615
1402,2279
1402,1932
1402,1567
1674,3636
1674,1911
1674,1679
1674,2615
1674,2279
1674,1929
1674,1581
1674,3116
4178,4738
4178,1561
4178,1029
4178,602
4178,603
4178,3412
4179,480
4179,62
4179,64
4179,503
1266,1361
1266,4284
1266,1433
1266,1183
1266,1292
5816,787
5816,5792
5816,3543
5816,2014
5816,28
5816,2022
5816,2048
5816,4734
5816,1429
5816,1433
5816,4751
5816,2774
5816,852
5816,858
5816,1212
832,4210
832,3844
832,3565
832,2762
832,849
832,1574
832,934
832,3654
832,3861
832,949
832,953
832,4546
2754,2709
2754,480
2754,594
2754,76
2754,2762
2754,936
2754,2794
2754,3860
2754,2804
2754,1470
4180,2347
4180,3968
4180,3756
4180,4177
4180,1403
4180,2221
4180,4201
4180,835
4180,1411
4180,2592
4180,2241
4180,845
4180,2644
833,2347
833,3719
833,4705
833,1016
833,4177
833,4180
833,4201
833,4264
833,843
833,4284
833,66
833,95
833,2611
833,849
833,2479
833,1314
833,2640
833,3771
833,2676
833,3663
834,924
834,3654
4181,1149
4181,1419
4181,3388
4181,4291
4181,4297
4181,4741
4181,3399
4181,2457
4181,2266
4181,289
4181,1740
4181,1932
4181,3122
4181,1596
4181,4480
4181,4512
4181,4514
5817,3323
5817,5825
5817,1841
5817,3400
5817,3411
5817,5863
4182,4739
4182,4580
3835,3841
3835,3852
3835,2273
3835,3855
3835,1200
3835,1458
3835,1473
1267,3315
1267,3201
1267,3215
1267,3400
1267,2600
1267,94
1267,1564
1267,1566
1267,3411
1267,3237
1267,1306
3322,3287
3322,3168
3322,3291
3322,3822
3322,3309
3322,3321
3322,3200
3322,3201
3322,3204
3322,3325
3322,3326
3322,3210
3322,3215
3322,3332
3322,3237
3322,3240
3322,1588
3322,937
3322,205
3322,1470
3322,3340
3322,3665
3322,3346
3322,3349
3322,3350
3322,3351
3322,3284
3322,3286
3200,3060
3200,3212
3200,3213
3200,3845
3200,3849
3200,2260
3200,4740
3200,2600
3200,189
3200,848
3200,195
3200,3235
3200,3339
3200,1588
3200,2913
3200,2919
3201,1247
3201,3212
3201,3848
3201,3849
3201,1432
3201,3395
3201,3407
3201,1444
3201,1306
3201,851
3201,3119
3201,3123
3201,1595
3201,3128
3201,1213
4183,1423
4183,480
4183,3401
4183,1291
4183,854
1125,1087
1125,1127
1125,1128
1125,1143
1125,1153
1125,1421
1125,1168
1125,1169
1125,1171
1125,1180
1125,1183
1125,1184
3323,2373
3323,3319
3323,3320
3323,5817
3323,3328
3323,3411
4184,4291
4184,3396
4184,709
4184,60
4184,2265
3648,4931
3648,3510
3648,2762
3648,1857
3648,4439
3648,4528
924,896
924,2762
924,3654
924,959
1915,709
1915,713
1915,1850
1915,1730
1915,1932
1915,1936
1915,1938
1915,1743
1675,1687
1675,291
1675,1936
1675,1857
1675,2280
1675,1760
1675,1205
1675,1781
3202,3217
3202,1184
3202,84
3202,1034
3202,487
1916,1403
1916,2457
1916,2275
1916,2278
1916,1932
1916,1935
1916,1936
1916,1937
1916,1858
1916,1743
1916,1953
1126,2393
1126,3387
1126,1171
1126,3399
1126,189
1126,2278
1126,2639
698,699
698,30
698,4739
698,40
698,713
698,719
698,54
699,677
699,678
699,698
699,4739
699,44
699,713
699,719
699,2774
699,3347
2899,5548
2899,2858
2899,1179
2899,1432
2899,1183
2899,1567
2899,5649
2899,5657
1127,4722
1127,1125
1127,1128
1127,1403
1127,1168
1127,1169
1127,1171
1127,1426
1127,2018
1127,2027
1127,3850
1127,2774
4185,2347
4185,4186
4185,2444
4185,1841
4185,1183
4185,92
4185,2615
4185,1740
4186,2347
4186,4185
4186,3387
4186,4738
4186,2278
4186,1758
1676,1726
1676,617
1676,1754
3203,4245
3203,1140
3203,1180
3203,1028
3203,1032
3203,1184
3203,185
3203,3241
3203,2627
3203,1462
3203,218
2579,66
2579,2457
2579,97
2579,2615
2579,103
2579,2619
2579,2124
4187,2051
4187,376
4187,2762
4187,185
4187,84
4187,295
4187,203
2007,4285
2007,4291
2007,2242
2007,3394
2007,3395
2007,2600
2007,2603
2007,2613
3563,3510
3563,3511
3563,3513
3563,927
3563,928
3563,845
3563,2268
3563,849
3649,796
3649,5022
3649,3510
3649,1123
3649,3650
3649,1168
3649,2466
3649,1751
3649,1582
3649,935
3649,3575
3650,3510
3650,3647
3650,3649
356,477
356,60
356,2762
356,381
356,4308
356,290
356,388
4188,4719
4188,4728
4188,4738
4188,4740
4188,480
4188,957
2428,2448
2428,55
2428,67
2428,376
2428,185
2428,296
2428,2108
2428,411
2900,175
2900,1171
2900,92
2900,3411
2900,3855
2900,5734
2900,5737
2900,5650
3324,1148
3324,3847
3324,1172
3324,2766
3324,1581
3324,1306
18,74
18,3217
18,1033
18,2273
18,1438
357,376
357,83
357,378
357,381
357,2061
264,3894
264,281
264,286
264,183
264,289
264,293
1677,2393
1677,2399
1677,4176
1677,1683
1677,1711
1677,96
1677,3410
1677,2278
1677,1738
1677,1740
1677,1857
1677,2280
2429,2347
2429,1287
2429,717
2429,184
2429,2608
2429,2465
2429,617
5818,2464
5818,2469
5818,2618
5818,395
5818,1461
1917,2252
1917,2457
1917,606
1917,617
1917,1932
1917,1857
563,1017
563,1021
563,2051
563,1028
563,376
563,83
563,2061
563,1036
563,3246
265,266
265,1170
265,1177
265,289
265,293
265,300
4189,3895
4189,3071
4189,266
4189,376
4189,380
4189,293
4189,390
4189,391
4189,4393
4189,4407
4189,415
266,376
266,608
266,289
266,292
266,609
266,293
3204,928
3204,3212
3204,3213
3204,840
3204,3329
3204,3215
3204,74
3204,3286
3105,1403
3105,1175
3105,1746
3105,1440
3105,4358
3105,1756
3105,2077
3105,3123
3105,1877
564,1913
564,3105
564,1175
564,2241
564,2039
564,2279
564,1860
564,1746
564,1756
267,281
267,1148
267,288
267,89
267,293
267,4405
1678,2457
1678,4742
1678,1926
1678,2278
1678,1738
1678,1739
1678,1740
1678,1741
1678,1857
170,49
170,1028
170,3217
170,848
170,4331
170,489
170,851
4190,1141
4190,1925
4190,1148
4190,2466
4190,1581
1128,1127
1128,4206
1128,4245
1128,1169
1128,1183
1128,3400
1128,1203
1128,1204
1128,1462
1129,1086
1129,1135
1129,1280
1129,1168
1129,1169
1129,1170
1129,2239
1129,1183
1129,1199
4723,5255
4723,4209
4723,1141
4723,1180
4723,709
4723,183
4723,1184
4723,1582
2219,589
2219,2241
2219,593
2219,1734
2219,1739
2219,1931
2219,1932
2219,1857
2219,4362
4191,49
4191,481
4191,62
4191,64
4191,90
4191,1567
4191,488
4192,185
4192,1290
4192,2600
4192,4371
3836,3510
3836,3511
3836,3512
3836,178
3836,4278
3836,3852
3836,598
3836,2265
3836,2773
3836,3864
358,373
358,3395
358,50
358,500
358,3226
2430,2347
2430,2241
2430,2266
2430,2275
2430,103
2430,631
2430,2497
2220,2180
2220,4291
2220,2025
2220,2241
2220,41
2220,54
2220,603
2220,103
2220,4756
1551,1517
1551,1548
1551,1549
1551,1403
1551,480
1551,1439
1551,1572
1551,1573
1551,1575
1551,1448
1551,1580
1551,1344
4193,3904
4193,2455
4193,2592
4193,4740
4193,2491
5819,2340
5819,3899
5819,3900
5819,3910
5819,3911
5819,801
5819,2393
5819,4038
5819,4039
5819,4040
5819,4074
5819,2416
5819,4090
5819,4143
5819,4181
5819,1126
5819,4185
5819,4194
5819,4196
5819,1683
5819,1919
5819,2442
5819,269
5819,270
5819,2444
5819,1139
5819,4252
5819,2449
5819,3387
5819,1188
5819,1567
5819,1200
5819,2137
5819,4577
5819,319
5819,4640
5819,2514
5819,4646
5819,4649
5819,4683
4194,2347
4194,4726
4194,1841
4194,4740
4194,2613
4194,2469
4195,1140
4195,1841
4195,1183
4195,1184
4195,1438
4196,2347
4196,4193
4196,4231
2431,2592
2431,190
2431,2464
565,2347
565,2351
565,2354
565,2355
565,2842
565,558
565,2221
565,4234
565,580
565,3388
565,2241
565,846
565,3400
565,1184
565,731
565,103
565,851
565,631
565,3141
4197,2351
4197,2354
4197,480
4197,3244
4197,2675
4197,2501
1403,1399
1403,4717
1403,4177
1403,2580
1403,4201
1403,2583
1403,2584
1403,4263
1403,1411
1403,1419
1403,2592
1403,4284
1403,4287
1403,2235
1403,2024
1403,2025
1403,2028
1403,2260
1403,34
1403,39
1403,53
1403,66
1403,1183
1403,1290
1403,3410
1403,2464
1403,2615
1403,1935
1403,1959
2221,2346
2221,2347
2221,5756
2221,2349
2221,2351
2221,543
2221,1363
2221,4916
2221,3758
2221,1403
2221,580
2221,1421
2221,2592
2221,2018
2221,2241
2221,2242
2221,1427
2221,4739
2221,2265
2221,2266
2221,3400
2221,731
2221,190
2221,3407
2221,2613
2221,2614
2221,848
2221,4321
2221,2275
2221,2279
2221,103
2221,849
2221,631
2221,3772
2221,3784
2221,4637
2580,2347
2580,843
2580,2454
2580,28
2580,66
2580,3406
2580,2465
2580,2615
2580,2616
2580,4334
2580,3231
2580,390
2580,2628
2580,2506
5820,5757
5820,2350
5820,543
5820,2353
5820,2355
5820,5759
5820,2221
5820,2580
5820,277
5820,2227
5820,2233
5820,2260
5820,2460
5820,2278
2432,2351
2432,543
2432,2352
2432,2455
2432,2592
2432,2275
2432,2278
2432,2106
2432,2615
2432,2279
2432,103
2432,854
2432,2141
1404,1393
1404,1399
1404,4177
1404,4180
1404,1403
1404,2221
1404,2580
1404,4238
1404,4263
1404,1411
1404,4265
1404,1419
1404,2260
1404,502
1404,1456
1404,2485
1404,1334
1404,1487
1404,3779
1404,3781
1404,4581
1404,2509
1404,4596
1404,4612
2581,2347
2581,2351
2581,2354
2581,2537
2581,2538
2581,3711
2581,2221
2581,2588
2581,4740
2581,66
2581,2601
2581,92
2581,2061
2581,102
2581,2639
2433,5752
2433,1706
2433,1925
2433,3387
2433,2457
2433,2458
2433,2461
2433,2613
2433,2275
2433,2466
2433,1935
2433,1743
566,481
566,593
566,603
566,2599
566,2277
566,622
566,2121
566,2122
566,2151
1679,1898
1679,1926
1679,1851
1679,1929
1679,1932
1679,1937
1679,1938
1679,1857
1679,1944
1679,1947
1679,1777
1679,1964
567,4256
567,2241
567,2265
567,1726
567,616
567,1853
567,1740
567,1857
567,1784
1680,1651
1680,1183
1680,2276
1680,2615
1680,1853
1680,123
1680,1320
1681,268
1681,364
1681,588
1681,2460
1681,290
1681,1720
1681,1761
1681,1782
5821,1124
5821,1681
5821,5828
5821,588
5821,2460
5821,1720
4198,480
1682,2460
1682,190
1682,1717
1682,1857
1682,1437
1682,390
3837,3828
3837,3852
3837,2262
3837,1291
3837,3855
3837,1458
3837,3857
3837,4403
3837,1469
3837,1218
3837,2922
3837,3869
3837,3870
4199,5022
4199,1421
4199,846
4199,848
4199,4331
4199,849
4199,851
4200,2725
4200,2763
4200,85
4201,4177
4201,2221
4201,4263
4201,1411
4201,4264
4201,4287
4201,95
1405,1403
1405,1411
1405,2451
1405,1841
1405,2028
1405,91
1405,2278
1405,102
4202,1403
4202,4265
4202,4266
4202,2234
4202,4291
4202,1559
4202,60
4202,2457
4202,1290
2008,2241
2008,1430
2008,3400
2008,1438
2008,2293
1683,4185
1683,1696
1683,1841
1683,1740
1683,2280
1683,1750
1683,1752
1683,1758
1683,1811
568,2242
568,481
568,60
568,2265
568,602
4203,3944
4203,4740
4203,190
4203,2615
4204,2025
4204,66
4204,1183
4204,1567
3838,4221
3838,66
3838,848
3838,1452
3838,3855
3838,1477
3838,2811
359,2347
359,2451
359,2018
359,2028
359,66
359,1030
359,381
359,2279
359,1855
359,1858
359,389
359,1334
359,3135
3205,3212
3205,3213
3205,840
3205,3214
3205,66
3205,1184
3205,1438
3206,3207
3206,4245
3206,1184
3206,185
3206,1033
3206,386
3206,3229
3206,3230
3206,3234
3206,3266
3206,4584
3207,152
3207,3206
3207,480
3207,1184
3207,3225
3207,5856
3207,3234
3207,3266
3207,3274
171,841
171,1184
171,185
171,848
171,4331
171,195
171,197
171,3856
3839,3329
3839,2232
3839,3848
3839,3852
3839,3853
3839,4331
3839,1200
3839,2774
3839,5864
1684,15
1684,2100
1684,602
1684,730
1684,2600
1684,2615
1684,1855
1684,622
1684,1863
1684,2473
2100,15
2100,1684
2100,2027
2100,2279
2100,1846
2100,1863
1685,343
1685,66
1685,2457
1685,1720
1685,1932
1685,1857
1685,1765
4205,1169
4205,1424
4205,1173
4205,4291
4205,2274
4205,1596
2755,2762
2755,2273
2755,4751
2755,1466
1552,3411
1552,1189
1552,1575
1552,1597
1552,1615
3208,3209
3208,190
3208,3226
3208,1868
3208,3241
3208,942
3209,3208
3209,46
3209,50
3209,1184
3209,3226
3209,3234
3209,1868
3209,3241
4206,4110
4206,3197
4206,1127
4206,1128
4206,1140
4206,1180
4206,1184
4206,1438
4206,3234
4206,1462
4206,4593
360,66
360,376
360,2762
360,2763
360,490
360,501
19,33
19,41
19,479
19,55
19,480
19,1184
19,1572
1268,1261
1268,2022
1268,1290
1268,4758
3106,2027
3106,1183
3106,3400
3106,2615
3106,1437
3106,3655
3106,3123
4207,2347
4207,4738
4207,2762
4207,2615
4207,2616
4207,4515
4208,2347
4208,2393
4208,2239
4208,2594
4208,2464
4208,2615
4209,2347
4209,2457
4209,2765
268,1681
268,281
268,376
268,289
268,293
268,299
2222,895
2222,2347
2222,2354
2222,565
2222,589
2222,1426
2222,4291
2222,2266
2222,2615
2222,849
2222,931
361,2222
361,1022
361,3217
361,1031
361,2266
361,849
361,400
361,931
361,421
1022,2221
1022,2222
1022,361
1022,580
1022,3388
1022,45
1022,68
1022,3217
1022,1031
1022,2266
1022,400
1022,1042
1022,631
1022,931
4210,832
4210,926
4210,3844
4210,935
4210,4405
4210,4427
4210,3268
4210,874
1406,2701
1406,155
1406,478
1406,1191
1406,1443
1406,3226
1406,2797
1406,1479
1406,1481
478,2221
478,89
478,500
478,1443
478,2772
478,2774
478,3338
1686,1713
1686,3400
1686,78
1686,1740
1686,1438
1686,2280
1686,1750
1269,188
1269,4760
1269,1314
2434,2347
2434,2455
2434,3406
2434,294
2434,1449
2434,4758
2101,590
2101,3388
2101,4291
2101,2279
2101,103
2101,2283
2101,2108
2101,2117
2101,1779
2101,2132
3840,2870
3840,2890
3840,3852
3840,66
3840,1183
3840,185
3840,79
3840,1572
3840,1452
3840,1466
3840,2920
3840,2922
3840,2820
1130,3829
1130,3646
1130,1277
1130,1167
1130,1168
1130,1170
1130,1172
1130,3848
1130,2022
1130,4734
1130,1432
1130,3853
1130,3218
1130,1200
1131,1168
1131,1432
1131,1200
569,540
569,573
569,714
569,2265
569,2282
569,2284
569,624
569,4354
570,571
570,576
570,4272
570,592
570,603
570,2762
570,2279
570,735
570,624
570,1871
570,2295
571,570
571,572
571,2265
571,607
571,624
571,2320
572,546
572,569
572,570
572,571
572,573
572,576
572,2445
572,2242
572,374
572,598
572,2265
572,607
572,735
572,624
572,1052
573,341
573,551
573,569
573,2241
573,597
573,598
573,601
573,602
573,2279
573,619
573,2282
573,1863
573,626
1838,1702
1838,1424
1838,2053
1838,2106
1838,103
1132,3896
1132,1125
1132,1133
1132,4245
1132,1140
1132,1180
1132,4738
1132,1183
1132,3400
1132,4313
1132,3219
1132,4316
1132,4333
1132,3232
1132,1462
1132,4584
1132,4593
5822,772
5822,785
5822,5373
5822,4718
5822,3563
5822,1408
5822,4251
5822,839
5822,2237
5822,845
5822,854
5822,2778
1270,1282
1270,3849
1270,186
1270,2600
4211,37
4211,847
4211,848
4211,849
4211,853
4211,3654
4211,978
4211,1001
4212,2538
4212,2405
4212,4736
4212,185
4212,2466
1133,1180
1133,1184
1133,84
1133,4333
1133,4758
172,5293
3841,4722
3841,3835
3841,1432
3841,3853
3841,1183
3841,1452
3841,3855
3841,2774
3841,1473
3841,3870
362,2025
362,376
362,381
362,290
700,560
700,581
700,2263
700,713
700,593
700,60
700,2265
4213,4012
4213,2447
4213,4734
4213,1935
4213,1936
4213,2280
4213,3411
4213,1567
1134,837
1134,373
1134,376
1134,2457
1134,2762
1134,2603
1134,3249
1134,2804
1134,1802
4214,1403
4214,4219
4214,2454
4214,4291
4214,4736
4214,2615
4214,2474
4214,1456
4214,2493
1687,1682
1687,1704
1687,4742
1687,190
1687,92
1687,1724
1687,1730
1687,1857
1687,2616
1687,2280
2901,3320
2901,3323
2901,3326
2901,3328
2901,3845
2901,1179
2901,179
2901,3332
2901,3401
2901,89
2901,1566
2901,1188
2901,1588
2901,859
574,583
574,45
574,374
574,68
574,1842
4215,1099
4215,4716
4215,4225
4215,193
4215,4373
4215,4374
4215,4399
4215,2641
4215,4449
4215,1955
1271,3849
1271,1426
1271,2027
1271,3393
1271,719
1271,2073
1271,2489
1135,1086
1135,1129
1135,1280
1135,1156
1135,1168
1135,1169
1135,2027
1135,4292
1135,4738
1135,1183
2223,4233
2223,4291
2223,2238
2223,2239
2223,2241
2223,2053
2223,600
2223,1298
2582,2575
2582,66
2582,73
2582,2602
2582,407
1688,2347
1688,713
1688,592
1688,724
1688,596
1688,603
1688,1433
1688,617
1688,1853
1688,2297
1272,4001
1272,1403
1272,4216
1272,4264
1272,4285
1272,1285
1272,1287
1272,3398
1272,73
1272,1290
1272,2600
1272,1292
1272,4338
1272,2620
1272,1316
1272,2485
1272,1333
4216,152
4216,4264
4216,1287
4216,2600
4216,1301
363,290
363,293
363,299
2224,2239
2224,2255
2224,3398
2224,1291
2224,2276
2224,2615
2224,1935
2224,2280
4217,1184
4217,484
4217,495
1136,1148
1136,1150
1136,1155
1136,1169
1136,1171
1136,1172
1136,1845
1136,1468
364,327
364,333
364,1010
364,1838
364,376
364,381
364,2465
364,297
701,2241
701,713
701,719
701,595
701,730
701,2267
701,2278
701,636
2435,2229
2435,1171
2435,3388
2435,1926
2435,2280
2435,3109
2435,2496
5823,840
5823,841
5823,3848
5823,848
5823,4331
5823,195
5823,1218
3842,3845
3842,3846
3842,1172
3842,1174
3842,3848
3842,3852
3842,5293
3842,3400
3842,1438
3842,3411
3842,194
3842,3123
1023,3390
1023,376
1023,1031
1023,1032
1023,1035
1023,2616
1023,1042
1023,418
1918,2436
1918,284
1918,1177
1918,2466
1689,1918
1689,2436
1689,284
1689,1177
1689,289
1689,1926
2436,1905
2436,1665
2436,2427
2436,1670
2436,1914
2436,1918
2436,1689
2436,2437
2436,1690
2436,2438
2436,2439
2436,2440
2436,1691
2436,1692
2436,2441
2436,1693
2436,284
2436,586
2436,1177
2436,2239
2436,593
2436,4742
2436,289
2436,2466
2436,2279
2436,1738
2436,2467
2436,299
2436,300
2436,303
2436,408
2436,410
2436,2296
2436,944
2436,2320
2437,2436
2437,1690
2437,2440
2437,1693
2437,2104
2437,1739
1919,1692
1919,2239
1919,2600
1919,1738
1919,1936
1919,1567
1690,2436
1690,2437
1690,1919
1690,2438
1690,2440
1690,1692
1690,2441
1690,1693
1690,4281
1690,2103
1690,2278
1690,1738
1690,1857
2438,2436
2438,2437
2438,1690
2438,2439
2438,1691
2438,1692
2438,2441
2438,1693
2438,586
2438,593
2438,612
2438,1936
2438,620
2438,4380
2439,2436
2439,2438
2439,586
2439,593
2439,2265
2439,612
2439,2279
2439,1857
2440,2347
2440,4826
2440,2436
2440,2437
2440,1690
2440,2438
2440,2439
2440,2441
2440,1693
2440,1694
2440,2103
2440,2239
2440,2459
2440,1738
2440,1857
2440,4337
1691,2436
1691,1690
1691,2438
1691,2439
1691,1692
1691,1693
1691,586
1691,1932
1691,1936
1691,620
1692,2436
1692,1919
1692,1690
1692,1691
1692,289
1692,1936
2441,1671
2441,1914
2441,2436
2441,1690
2441,2438
2441,1693
2441,1936
1693,2427
1693,2436
1693,2437
1693,1690
1693,2438
1693,2441
1693,589
1693,1857
1693,4337
1693,3571
1694,1712
1694,1289
1694,2106
1694,1850
1694,1932
1694,1935
1694,1857
1694,1867
1694,1810
1694,1821
4218,62
4218,66
4218,1183
4218,2465
4218,1299
4218,2487
4219,1426
4219,1433
4219,2615
4219,3411
2902,1392
2902,2573
2902,2241
2902,1290
2902,2909
2902,2913
1273,3849
1273,1183
1273,2600
1273,3411
3325,1081
3325,5098
3325,3316
3325,3321
3325,3845
3325,1153
3325,1424
3325,3332
3325,1588
3325,1206
3325,3123
1920,1908
1920,1924
1920,2103
1920,2104
1920,4291
1920,1843
1920,2615
1920,1740
1920,1932
1920,4358
1920,2125
1920,2141
1920,1969
1274,37
1274,66
1274,1183
1274,1290
4220,3596
4220,2353
4220,4193
4220,2431
4220,4231
4220,2459
4220,2469
4220,294
4220,296
4220,302
4220,4375
4220,4452
4220,4470
2442,2347
2442,2416
2442,258
2442,4728
2442,2455
2442,1841
2442,376
2442,606
2442,2615
2442,294
5824,3301
5824,5806
5824,1553
5824,1181
5824,185
4221,1432
4221,1183
4221,189
4221,293
4221,2273
4221,1452
4221,1200
4221,3856
1553,1273
1553,1556
1553,4276
1553,3849
1553,2022
1553,1433
1553,2600
1553,1564
1553,98
1553,4321
1553,1575
1553,1590
1695,246
1695,2580
1695,271
1695,2459
1695,2601
1695,1858
1695,294
1695,390
1695,1756
1695,314
269,2347
269,1696
269,271
269,2022
269,2280
270,2347
270,1695
270,271
270,60
270,293
270,1449
270,1758
270,318
1696,1683
1696,269
1696,271
1696,1699
1696,2455
1696,1291
1696,1846
1696,1740
1696,2280
1696,1750
1696,1752
1696,1449
1696,1758
1696,1793
1696,1807
1697,2393
1697,1696
1697,2592
1697,3400
1697,1740
1697,2280
1697,1750
271,2443
271,275
271,276
271,1699
271,3848
271,2022
271,2027
271,480
271,60
271,1437
271,3412
271,193
2443,3386
2443,373
2443,376
2443,83
2443,4746
2443,293
2443,1857
2443,1437
2443,2280
272,4060
272,260
272,1695
272,280
272,1184
272,2601
272,3234
272,312
273,2601
273,289
273,293
273,299
274,271
274,276
274,282
274,287
274,1424
274,1183
274,2601
274,291
274,2616
274,195
274,296
274,2473
274,302
274,4375
274,433
275,2347
275,252
275,253
275,271
275,1414
275,4283
275,2041
275,1184
275,1437
275,2280
275,314
276,2347
276,252
276,253
276,1683
276,271
276,275
276,1841
276,2053
276,480
276,60
276,1437
276,3412
276,193
277,224
277,1630
277,226
277,5188
277,230
277,2396
277,236
277,237
277,238
277,239
277,5214
277,243
277,244
277,247
277,248
277,249
277,4963
277,254
277,255
277,256
277,257
277,259
277,260
277,263
277,5814
277,1918
277,1689
277,269
277,270
277,1696
277,1697
277,273
277,274
277,1698
277,278
277,279
277,1699
277,5828
277,282
277,3386
277,284
277,1177
277,293
277,2280
277,294
277,1567
277,300
277,5860
277,2475
277,305
277,307
277,1807
277,318
1698,254
1698,256
1698,269
1698,1696
1698,1697
1698,277
1698,2455
1698,2280
1698,1750
1698,294
1698,1567
1698,1755
1698,1758
278,2347
278,4708
278,254
278,4717
278,271
278,274
278,1698
278,1841
278,1438
278,2469
278,200
279,2347
279,2357
279,4700
279,230
279,259
279,3387
279,293
279,2767
1699,1837
1699,1696
1699,3406
1699,2279
1699,1857
1699,1758
1699,1870
1699,4442
1699,1958
280,2443
280,272
280,293
280,2280
280,296
280,1823
4222,1683
4222,2443
4222,1414
4222,1175
4222,4740
4222,1740
4222,1752
4222,941
835,4073
835,836
835,2229
835,4291
835,4297
835,2278
835,2615
835,4334
835,868
835,891
836,2351
836,2221
836,835
836,4297
836,3400
836,4315
836,849
836,868
836,2501
836,976
836,891
3843,3611
3843,3828
3843,3206
3843,1443
3843,1463
3843,1477
3843,3665
3843,3667
3843,3669
5825,3326
5825,1179
5825,3411
5825,1588
925,896
925,849
4223,568
4223,713
4223,49
4223,2265
4224,63
4224,73
4224,4690
4225,4061
4225,4062
4225,4224
4225,5826
4225,4227
4225,60
4225,2774
4225,4690
5826,896
5826,4225
5826,5840
5826,62
5826,64
4226,4225
4226,4227
4226,2758
4226,60
4226,73
4226,2603
4227,60
4227,185
5827,5756
5827,5757
5827,5763
5827,5769
5827,5794
5827,3497
5827,3518
5827,3522
5827,5820
5827,277
5827,5826
5827,5828
5827,2225
5827,1555
5827,5835
5827,1288
5827,2595
5827,5839
5827,5840
5827,2062
5827,621
5827,5852
5827,3334
5827,4754
5827,5877
5827,3252
5827,3143
926,810
926,3844
926,2762
926,849
926,2774
926,934
926,935
926,858
1275,3849
1275,722
1275,68
1275,1290
1275,2600
1275,91
1275,1564
575,1176
575,3108
575,376
575,4308
575,3417
4228,709
4228,50
4228,66
4228,2265
4228,617
365,353
365,354
365,364
365,2051
365,42
365,376
365,604
365,485
365,383
365,388
576,546
576,569
576,570
576,571
576,583
576,42
576,713
576,726
576,601
576,185
576,731
576,613
576,2281
576,2282
576,738
576,2117
576,2295
576,763
577,583
577,2265
577,600
577,670
4229,4717
4229,4194
4229,2592
4229,66
4229,79
2444,2393
2444,4185
2444,1841
2444,1171
2444,2761
2444,2466
2444,2776
2444,2807
2444,2814
4230,4284
4230,4289
4230,4290
4230,1290
4230,1297
4230,4346
4230,1446
4230,1610
578,184
578,593
578,59
578,2279
578,1855
578,619
578,625
578,2108
2445,2242
2445,709
2445,711
2445,616
2445,384
2445,735
579,364
579,2241
579,2266
579,2279
579,2473
579,2289
4231,4196
4231,4220
4231,4740
4231,2459
4231,2616
4231,2473
4231,4470
4232,340
4232,4243
4232,592
4232,376
4232,608
4232,382
4232,1720
4232,403
4232,4660
4233,2223
4233,2025
4233,2242
4233,600
4233,620
4233,4354
4233,738
4724,5565
4724,2756
4724,181
4724,4299
4724,4740
4724,480
4724,60
4724,4741
4724,2767
2446,1171
2446,2255
2446,1289
2446,1567
1554,1536
1554,1555
1554,73
1554,1183
1554,3400
1554,1187
1554,1572
1554,1575
1554,1576
1554,1448
1554,1593
4234,558
4234,565
4234,2221
4234,585
4234,3386
4234,4735
4234,598
4234,2265
4234,2266
580,4809
580,2221
580,598
580,2265
580,1842
580,2266
580,2279
580,631
580,652
4235,1892
4235,1915
4235,4291
4235,2025
4235,2615
4235,2279
4235,1931
4235,1932
4235,1936
1700,1681
1700,376
1700,190
1700,1720
1700,1747
1700,1050
1700,1765
1700,313
1700,1782
4725,4697
4725,4717
4725,1159
4725,5626
4725,1168
4725,1169
4725,3389
4725,3400
4725,3402
4725,1188
1137,1106
1137,3835
1137,3331
1137,1156
1137,1167
1137,1168
1137,1171
1137,2242
1137,2603
1137,1194
1137,1448
1137,1579
1137,1479
20,5548
20,5549
20,831
20,39
20,57
20,76
20,3400
20,2603
20,3235
20,851
20,1318
20,5651
20,223
4236,4018
4236,1167
4236,1168
4236,3848
4236,74
4236,1433
4236,3401
4236,1184
4236,849
4236,1197
4236,3337
4236,1200
4237,4722
4237,1407
4237,4728
4237,1414
4237,1423
4237,2040
4237,1430
4237,4738
4237,3400
4237,1184
4237,3219
4237,1435
4237,4318
4237,1438
4237,4477
1407,2964
1407,1841
1407,3400
1407,2273
1407,3409
1407,3410
1407,1740
1407,1438
1407,3232
1407,2906
1407,2916
4726,2347
4726,4736
4726,2765
4726,3653
4726,957
1024,1015
1024,353
1024,1024
1024,1430
1024,713
1024,1028
1024,480
1024,1029
1024,1184
1024,502
1024,1451
1024,4432
2447,3448
2447,2343
2447,3510
2447,4213
2447,4291
2447,2468
2447,2280
2447,1448
2447,3571
2447,4581
4238,896
4238,465
4238,4197
4238,1403
4238,480
4238,66
4238,2762
4238,190
4238,4343
4238,494
4238,497
4727,2608
4727,92
4239,1148
4239,1149
4239,1169
4239,1171
4239,28
4239,2018
4239,2021
4239,3388
4239,4733
4239,593
4239,3400
4239,1926
4239,1567
2756,5565
2756,4254
2756,480
2756,4342
2756,2774
4240,1931
4240,1932
4240,1936
4240,1864
4240,1865
4240,1947
702,683
702,4733
702,4739
702,713
702,714
702,719
702,2281
703,713
703,714
703,724
703,1028
703,726
703,60
703,1572
581,560
581,700
581,580
581,2241
581,2242
581,713
581,593
581,598
581,2265
581,601
581,605
581,619
4241,4726
4241,4266
4241,3397
281,1168
281,1170
281,1177
281,4291
281,2025
281,293
281,2107
2009,1991
2009,4093
2009,4291
2009,2238
2009,2241
2009,2242
2009,2247
2009,2253
2009,2030
2009,2040
2009,2258
2009,4739
2009,480
3651,2224
3651,2239
3651,2241
3651,2242
3651,3400
3651,1290
3651,3655
3326,3288
3326,3291
3326,5564
3326,5705
3326,3302
3326,4813
3326,4832
3326,3320
3326,1412
3326,3331
3326,1183
3326,3401
3326,3335
3326,3123
1025,4161
1025,49
1025,50
1025,1028
1025,376
1025,1031
1025,496
1025,497
1025,386
1025,387
1025,933
1701,1638
1701,1840
1701,592
1701,4746
1701,1850
1701,1852
1701,1853
1701,1740
1701,1855
1701,2631
1701,1320
1701,1786
1408,2260
4242,4131
4242,5531
4242,4271
4242,2454
4242,1423
4242,2026
4242,4738
4242,4740
4242,4742
4242,2600
4242,2615
4242,1852
4242,1438
927,3210
927,840
927,1432
927,1433
927,2762
927,849
927,3865
3210,5705
3210,3513
3210,927
3210,3214
3210,845
3210,74
3210,849
3210,1572
21,709
21,49
21,53
21,5840
21,60
21,4741
21,73
1138,562
1138,1169
1138,1170
1138,376
1138,608
1138,390
1138,394
1138,1196
1138,446
3327,3328
3327,1412
3327,1424
3327,2762
3327,3411
3327,930
3327,4340
3327,1447
3327,1452
3327,2785
3327,1479
4243,373
4243,4291
4243,1183
4243,381
4243,1720
4244,1163
4244,1184
4244,381
4244,935
1409,4729
1409,4274
1409,1417
1409,4733
1409,3850
1409,1433
1409,1438
1409,3411
1409,4337
5828,1838
5828,277
5828,1702
5828,1706
5828,1707
5828,2103
5828,2104
5828,1177
5828,2460
5828,2278
5828,2106
5828,1861
5828,2120
5828,438
5828,2531
1702,2347
1702,1710
1702,2233
1702,1289
1702,2459
1702,2614
1702,2106
1702,2280
1702,305
1703,1702
1703,1710
1703,2053
1703,3395
1703,2457
1703,2278
1703,2106
1703,2615
1703,2279
1703,1727
1703,1737
1703,1930
1703,1857
1703,1748
1703,2280
1703,1751
2225,2170
2225,1827
2225,2031
2225,1427
2225,4735
2225,714
2225,2275
2225,2278
2225,2061
2225,2615
2225,2279
2225,1855
2225,2108
2225,2156
1139,1414
1139,1419
1139,1168
1139,1169
1139,4738
1139,189
1139,3122
1139,1223
1139,1228
4245,1140
4245,2761
4245,480
4245,1184
4245,185
4245,189
4245,3224
4245,3235
4245,2777
4245,1462
4245,2919
4245,4593
4245,218
1140,2347
1140,4110
1140,5237
1140,1127
1140,1128
1140,4195
1140,4206
1140,1132
1140,4245
1140,1411
1140,2592
1140,1168
1140,1171
1140,1184
1140,4320
1140,1438
1140,3224
1140,1196
1140,1462
1140,4593
1140,218
582,2231
582,2242
582,2252
582,3397
582,48
582,2265
582,601
582,3400
4246,4274
4246,3400
4246,3411
4246,2774
4728,4738
4728,4740
4728,4741
2583,1403
2583,37
2583,38
2583,66
2583,85
2583,2608
2583,97
4247,3510
4247,1403
4247,1283
4247,1426
4247,2593
4247,4291
4247,2026
4247,2031
4247,1428
4247,3566
4247,1433
4247,2073
4248,1408
4248,4247
4248,1425
4248,4291
4248,2026
4248,1428
4248,2260
4248,2600
4248,2603
4248,4754
2010,2195
2010,4291
2010,2238
2010,2242
2010,2027
2010,2028
2010,2249
2010,2250
2010,2256
2010,718
2010,1030
2010,188
2010,2064
2010,2071
2010,2292
2010,2305
2011,2015
2011,28
2011,2239
2011,2241
2011,2242
2011,2248
2011,2252
2011,2032
2011,2056
2011,1855
2011,2067
2012,1395
2012,2015
2012,4290
2012,4291
2012,2238
2012,2240
2012,2242
2012,2253
2012,2033
2012,2037
2012,2258
2012,1560
2012,2615
282,1841
282,373
282,376
282,2599
282,2460
282,381
282,293
282,294
282,390
282,305
1276,3848
1276,3849
1276,1286
1276,66
1276,1183
1276,1290
1276,2276
4729,26
4729,39
4729,186
4249,2231
4249,4281
4249,2242
4249,713
4249,593
4249,595
4249,2265
4249,2284
173,4736
173,4738
173,3397
173,709
173,60
173,185
173,4746
173,3410
173,4750
173,3432
4730,1433
4730,2910
174,3378
174,2575
174,66
174,67
174,73
174,1183
174,381
174,2602
174,95
174,105
174,1300
174,2623
174,2626
22,4740
22,49
22,1184
22,89
22,1188
22,2479
1704,1682
1704,1683
1704,1687
1704,190
1704,3407
1704,1721
1704,1724
1704,1852
1704,1737
1704,1740
1704,1859
1704,2280
1704,1750
1704,294
1704,1752
704,708
704,45
704,712
704,713
704,722
704,723
704,732
704,765
5829,5839
5829,64
5829,1761
5829,1776
1555,1517
1555,1519
1555,1528
1555,1534
1555,1540
1555,3315
1555,1546
1555,1548
1555,1550
1555,1551
1555,1552
1555,1554
1555,3398
1555,3400
1555,189
1555,1439
1555,1194
1555,1573
1555,1574
1555,1575
1555,1448
1555,1579
1555,5861
1555,5875
1555,1593
1555,1597
1555,1613
1555,3342
1555,1344
1555,1615
1839,2279
1839,1729
1839,1850
1839,617
1839,4750
1839,1881
4250,592
4250,1290
4250,2274
4250,2279
4250,1721
4250,616
4250,1438
4251,2227
4251,1432
4251,73
4251,74
4251,849
4251,2809
4251,2823
4252,2355
4252,4143
4252,4726
4252,1183
4252,2458
4252,1186
4252,4321
1705,1912
1705,1707
1705,1711
1705,589
1705,2278
1705,2106
1705,2061
1705,2615
1705,2279
1705,1738
1705,1857
1705,3411
1705,1440
1705,1768
1705,1887
1706,2347
1706,2393
1706,2412
1706,1659
1706,1424
1706,595
1706,2457
1706,2461
1706,2466
1706,2278
1706,2106
1706,1738
1706,103
1706,1449
3211,3197
3211,1180
3211,480
3211,1032
3211,1183
3211,84
3211,1035
3211,3219
3211,189
3211,3224
3211,3232
3211,933
3328,3327
3328,3330
3328,3331
3328,1165
3328,1171
3328,1172
3328,3848
3328,1447
2448,329
2448,344
2448,366
2448,596
2448,376
2448,601
2448,2460
2448,2601
2448,294
2448,296
2448,2473
2448,398
2448,4375
366,2448
366,367
366,62
366,596
366,376
366,2459
366,2468
366,1747
367,917
367,344
367,2448
367,366
367,1424
367,376
367,2265
367,381
367,2608
367,2468
367,1747
367,3240
583,574
583,577
583,4253
583,1286
583,2265
583,601
583,603
583,613
583,644
837,4199
837,1167
837,3848
837,1283
837,848
837,1436
837,4748
837,1305
837,851
837,3123
1141,1118
1141,4190
1141,1925
1141,1148
1141,1149
1141,1168
1141,2027
1141,3399
1141,1183
1141,1186
1141,2466
368,592
368,48
368,376
2584,2412
2584,53
2584,184
2584,66
2584,79
2584,2603
2584,2608
2584,95
2584,2615
4253,1564
4253,95
4253,2615
4253,1850
4253,1854
4253,4327
4253,1864
4253,194
4253,1322
1142,1147
1142,1169
1142,1170
1142,1171
1142,1424
1142,1173
1142,1177
1142,592
1142,608
1142,609
1277,3850
1277,3391
1277,1183
1277,3400
1277,3870
175,26
175,5293
175,189
175,3235
4254,2756
4254,4738
4254,4740
4254,49
4254,480
4254,1033
4254,5628
369,370
369,2242
369,2035
369,1028
369,1029
369,1030
369,376
1921,1910
1921,1707
1921,2239
1921,1720
1921,1729
1921,616
1921,1935
1921,1937
1921,1743
1921,1860
1921,1440
1921,1582
1921,1583
1921,1944
1707,1642
1707,1668
1707,1711
1707,1740
1707,438
1707,1812
1556,1553
1556,3852
1556,2603
1556,99
1556,1573
1556,1575
1556,4760
1556,1590
1556,1613
1556,1236
2757,5561
2757,815
2757,2260
2757,4736
2757,3394
2757,480
2757,4302
2757,60
2757,3400
2757,3410
2757,4331
2757,851
2757,853
2757,2777
2757,4421
2757,3416
2757,989
838,5830
838,28
838,846
838,3395
838,848
838,849
838,851
838,888
928,2549
928,3510
928,3212
928,3213
928,840
928,3214
928,1184
928,1290
928,849
928,931
928,3664
928,885
3212,3168
3212,3169
3212,3187
3212,3189
3212,3200
3212,3201
3212,3210
3212,3213
3212,840
3212,3214
3212,3329
3212,3215
3212,1184
3212,2903
3212,195
3212,3237
3212,3245
3212,1588
3212,3276
3212,3286
176,846
176,3395
176,60
3213,3168
3213,3200
3213,3204
3213,3205
3213,3212
3213,840
3213,3214
3213,3329
3213,3215
3213,60
3213,1184
3213,194
3213,195
3213,3282
3213,3286
23,4740
23,846
23,847
5830,3176
5830,5561
5830,806
5830,807
5830,809
5830,5382
5830,830
5830,838
5830,176
5830,23
5830,839
5830,846
5830,3395
5830,847
5830,4324
5830,851
5830,2625
5830,2786
5830,866
5830,875
5830,144
5830,4667
839,773
839,838
839,928
839,23
839,845
839,4739
839,846
839,3395
839,3396
839,3397
839,60
839,4741
839,3400
839,848
839,849
839,851
839,853
839,854
839,931
839,961
840,3204
840,927
840,928
840,3212
840,3213
840,3214
840,3329
840,3848
840,845
840,66
840,1184
840,1292
840,849
840,936
840,991
841,2697
841,3180
841,803
841,1106
841,4153
841,2900
841,4199
841,4211
841,5823
841,838
841,5830
841,3214
841,3848
841,846
841,848
841,4331
841,851
841,3856
841,4422
841,1218
3214,3168
3214,3511
3214,3513
3214,3205
3214,927
3214,3210
3214,928
3214,3212
3214,3213
3214,840
3214,841
3214,1179
3214,1432
3214,60
3214,1184
3214,4331
3214,849
3214,3235
3214,1572
3214,3276
3329,3303
3329,3204
3329,3212
3329,3213
3329,840
3329,3330
3329,3215
3329,2232
3329,3332
3329,2255
3329,74
3329,1438
3329,195
3329,3339
3329,3859
1410,5237
1410,4826
1410,5271
1410,4739
1410,1433
1410,96
1410,2615
1410,3411
1410,2910
1410,1501
705,370
705,719
705,381
705,738
705,1069
705,456
1026,708
1026,714
1026,50
1026,1028
1026,594
1026,68
1026,376
4255,1183
4255,185
4256,4272
4256,589
4256,4291
4256,1028
4256,2279
4256,1932
4256,1937
4256,4748
4256,1754
4256,4362
4256,1868
4256,1944
4256,1945
4256,4762
4256,1784
4256,1964
1922,709
1922,1850
1922,1851
1922,616
1922,1932
1922,1870
283,331
283,1177
283,719
283,49
283,1185
283,289
283,291
283,293
283,487
24,373
24,3216
24,1028
24,376
24,3217
24,2599
24,185
24,99
24,3234
1143,152
1143,1114
1143,1125
1143,3331
1143,1168
1143,1170
1143,1171
1143,1180
1143,4739
1143,1184
1143,1441
1144,4702
1144,1165
1144,1166
1144,1168
1144,1179
1144,5835
1144,1183
1144,1195
1144,1197
1145,1125
1145,1151
1145,1153
1145,1158
1145,1159
1145,1160
1145,1168
1145,1169
1145,1170
1145,1171
1145,1179
1145,2022
1145,2027
1145,2040
1145,1183
1145,1567
1146,1158
1146,1167
1146,1168
1146,1169
1146,1171
1146,1179
1146,3848
1146,1432
1146,3399
1146,1184
1146,3403
1146,1926
1146,195
1146,1227
1923,4058
1923,4291
1923,2239
1923,2457
1923,2615
1923,1931
1923,1932
1923,1936
1923,1945
1923,4487
4257,587
4257,2241
4257,593
4257,595
4257,2477
4258,2231
4258,2021
4258,4291
4258,2031
4258,2265
177,1286
177,60
177,62
177,68
177,601
177,854
177,937
177,2487
4259,2242
4259,2045
4259,4738
4259,4740
4259,1560
4259,614
4259,1726
4259,617
4260,1426
4260,4291
4260,2239
4260,1932
4260,1934
4260,1935
4260,1858
1557,4159
1557,1403
1557,1418
1557,2454
1557,3850
1557,1433
1557,1453
1557,1463
1557,1328
1557,4497
1147,1142
1147,1173
1147,2051
1147,4736
1147,376
1147,608
4261,2000
4261,4719
4261,28
4261,2241
4261,2242
4261,2027
4261,2028
4261,2044
4261,4736
4261,38
4261,4740
4261,480
4261,2762
1278,1252
1278,1282
1278,4284
1278,3397
1278,66
1278,1290
2226,2016
2226,2234
2226,2238
2226,2241
2226,2045
2226,2051
2226,2055
2226,376
2226,381
1279,1415
1279,3849
1279,2234
1279,1284
1279,1286
1279,1428
1279,3566
1279,1433
1279,1290
1279,4319
1279,2615
1279,1583
1279,1330
1279,1331
25,689
25,49
25,50
25,725
25,2598
25,66
25,68
25,740
4262,1419
4262,1422
4262,3849
4262,2234
4262,2027
4262,4740
4262,1290
4262,2615
4262,1440
4262,103
3759,1403
3759,1286
3759,2027
3759,2028
3759,4740
3759,2613
3759,2615
3759,1438
3759,1305
3759,1487
3759,3778
3759,3779
2585,1286
2585,66
2585,2610
4263,4177
4263,1403
4263,2221
4263,4201
4263,1411
4263,4264
4263,2451
4263,2592
4263,4285
4263,1426
4263,4287
4263,2028
4263,1290
4263,2274
4263,2615
4263,3411
4263,102
4263,4751
4263,3109
4263,3571
4263,1333
4263,1487
1411,2221
1411,4201
1411,1405
1411,1410
1411,2592
1411,91
1411,97
1411,2616
1411,1501
4264,2355
4264,3544
4264,4177
4264,4180
4264,1403
4264,4201
4264,4263
4264,4287
4264,2238
4264,2031
4264,4738
4264,37
4264,1290
4264,4311
4264,2485
4265,1403
4265,4202
4265,2028
4265,4296
4265,4297
4265,2265
4265,2266
4265,4405
4265,3123
4265,2310
4265,4582
4266,2206
4266,4162
4266,836
4266,4265
4266,4278
4266,4279
4266,4297
4266,2265
4266,3400
4266,2615
4266,4394
4266,3123
4266,2310
4266,4601
4266,4632
5831,245
5831,5834
5831,3848
5831,4326
5831,296
5831,4356
5831,932
5831,3655
5831,4543
5831,3690
1280,1135
1280,4291
1280,2239
1280,2242
1280,2039
1280,4292
1280,3850
1280,1483
2013,4280
2013,28
2013,2026
2013,2242
2013,2028
2013,2245
2013,2033
1412,3326
1412,3328
1412,3848
1412,1447
1412,1194
1412,1579
1412,1479
1413,3326
1413,3328
1413,3848
1413,4340
1413,1194
1413,1579
1413,1449
1413,1479
3330,3304
3330,1464
2014,1993
2014,2217
2014,28
2014,2021
2014,2022
2014,4289
2014,4290
2014,2242
2014,2027
2014,2036
2014,2038
2014,1429
2014,37
2014,380
2014,2075
2015,28
2015,4291
2015,2025
2015,2238
2015,2027
2015,2250
2015,2253
2015,2034
2015,2037
3215,3060
3215,4813
3215,3832
3215,3511
3215,3321
3215,3200
3215,3204
3215,3212
3215,3213
3215,840
3215,3331
3215,1167
3215,1179
3215,3849
3215,1283
3215,1432
3215,60
3215,2600
3215,1564
3215,849
3215,194
3215,1575
3215,1580
3215,1306
3215,3339
4267,30
4267,3400
4267,1291
4267,4398
4267,4602
4268,4299
4268,3395
4268,53
4268,60
2586,5015
2586,2582
2586,24
2586,78
2586,2606
2586,2608
2586,92
2586,2613
2586,2614
2586,123
2586,2651
584,2025
584,2242
584,1560
584,53
584,56
584,593
584,600
584,605
584,1183
3844,851
3844,2774
929,49
929,3217
929,88
929,4370
929,4523
178,1117
178,3206
178,4728
178,1152
178,1180
178,4738
178,480
178,3217
178,1183
178,1184
178,185
178,84
178,2608
178,97
178,4319
178,3234
178,1036
178,207
2449,2393
2449,2399
2449,3401
2449,930
2449,2904
2449,3856
2449,2910
2449,2916
2587,2410
2587,1416
2587,37
2587,3400
2587,2600
2587,3403
2587,2607
2587,1564
2587,2614
2587,1852
2587,1438
2587,2280
2587,102
4269,2347
4269,60
4269,1183
4269,190
4269,2650
4269,2907
4269,2662
3107,4708
3107,2902
3107,2018
3107,2031
3107,67
3107,1433
3107,2603
3107,2106
3107,2615
3107,1437
3107,1942
3107,102
3107,103
3107,4754
3107,3110
3107,4405
3107,3126
2227,796
2227,5732
2227,2407
2227,3058
2227,3380
2227,2892
2227,4712
2227,3500
2227,5146
2227,4715
2227,3642
2227,5814
2227,4279
2227,1171
2227,2018
2227,3410
2227,194
2227,3575
585,4234
585,588
585,589
585,2265
585,2266
585,4362
585,868
1558,1283
1558,2028
1558,4734
1558,1433
1558,4744
1558,2274
1558,1439
1558,495
2588,2590
2588,2595
2588,480
2588,66
2588,1183
2588,2605
2588,2606
2588,2608
2588,92
1708,2587
1708,1841
1708,2260
1708,3394
1708,4746
1708,1718
1708,1850
1708,1852
1708,4389
26,5626
26,5293
26,39
26,3400
26,185
26,1438
26,3411
26,105
26,851
1414,4237
1414,1407
1414,3386
1414,4291
1414,3400
1414,4316
1414,4320
1414,4333
1414,2774
1414,3761
4270,4271
4270,1174
4270,2027
4270,102
4270,4332
1415,3849
1415,1287
1415,1426
1415,2260
1415,3391
1415,1433
1415,3400
1415,3409
1415,2275
1415,1439
1415,3411
1415,1567
1415,1193
1415,1582
370,1255
370,350
370,1177
370,608
370,1436
370,1850
370,1851
370,1857
370,389
370,395
370,3776
1709,1840
1709,1283
1709,2040
1709,91
1709,95
1709,1294
1709,98
1709,1850
1709,1852
1709,1855
1709,1857
1709,1858
1709,4326
1709,1870
1709,3131
2758,4225
2758,4226
2758,706
2758,4301
2758,2762
2758,2599
2758,2763
2758,485
2758,2766
2758,516
706,2758
706,2242
706,45
706,709
706,714
706,719
706,50
706,1028
706,4741
706,290
706,105
706,4750
706,738
706,1042
706,651
1840,1701
1840,1852
1840,1854
1840,1857
1840,1859
1840,1764
1840,661
1924,590
1924,3388
1924,4291
1924,2248
1924,709
1924,593
1924,60
1924,2457
1924,2615
1924,1931
1924,1932
1924,1864
1924,627
1924,1759
1924,2116
2228,2347
2228,5255
2228,1426
2228,4291
2228,2239
2228,2241
2228,2242
2228,2027
2228,2040
2228,1429
2228,38
2228,4739
2228,3400
2228,2276
2228,2615
2450,349
2450,1841
2450,2051
2450,183
2450,3399
2450,376
2450,2460
2450,381
2450,293
2450,395
371,4022
371,1255
371,1287
371,2040
371,1432
371,480
371,66
371,376
371,4742
371,1183
371,185
371,2270
371,190
371,2610
371,1857
371,3412
371,3421
2589,1286
2589,66
2589,1290
2589,2606
2589,190
2589,92
2589,2609
2589,93
2589,2615
2589,1729
2589,1733
2589,1438
2590,1286
2590,66
2590,2606
2590,2608
2590,92
2590,93
2590,2613
2590,100
2590,1745
2229,3393
2229,2265
2229,2278
2229,623
1281,4696
1281,2578
1281,4740
1281,53
1281,66
1281,1433
1281,185
1281,2600
1281,98
1281,2286
2230,4159
2230,4291
2230,2238
2230,2239
2230,2241
2230,2242
2230,2243
2230,2027
2230,2028
2230,2245
2230,2250
2230,2031
2230,2255
2230,4758
5832,2401
5832,4270
5832,4271
5832,1416
5832,1417
5832,1174
5832,5836
5832,1844
5832,5847
5832,4325
5832,1733
5832,1852
5832,1740
5832,4332
5832,1752
5832,1582
5832,3123
5832,3128
5832,3781
5832,4606
4271,4706
4271,3066
4271,4270
4271,3386
4271,2018
4271,4291
4271,1289
4271,4738
4271,4317
4271,2106
4271,1852
4271,1437
4271,4332
4272,589
4272,4291
4272,717
4272,184
4272,603
4272,292
4272,2279
4272,1928
4272,1848
4272,1851
4272,616
4272,1857
4272,619
4272,4393
4272,1605
4272,1783
3386,3759
3386,2260
3386,5293
3386,3400
3386,1487
3386,2152
1710,1702
1710,1703
1710,1841
1710,2276
1710,2278
1710,2106
1710,2061
1710,1738
1710,1437
1710,2280
1710,2141
1711,1889
1711,1642
1711,1667
1711,1668
1711,1707
1711,1414
1711,4740
1711,2278
1711,2106
1711,2061
1711,2615
1711,1738
1711,1740
1711,1741
1711,1742
1711,1857
1711,1743
1711,2280
1711,390
1711,438
1711,2531
1416,4808
1416,1436
284,542
284,1918
284,1689
284,2436
284,286
284,288
284,1177
284,4291
284,3399
284,598
284,1183
284,2601
284,289
284,293
284,2466
284,1192
284,4426
2102,2353
2102,2355
2102,1403
2102,1148
2102,2103
2102,2104
2102,1177
2102,4291
2102,2239
2102,2252
2102,593
2102,60
2102,1033
2102,289
2102,2278
2102,2106
2102,2279
2102,1935
2102,2468
2102,2117
285,287
285,588
285,589
285,1167
285,1170
285,1177
285,2265
285,1185
285,289
285,291
285,293
285,2106
285,4751
285,300
285,4756
285,2501
286,1918
286,284
286,1177
286,718
286,183
286,595
286,289
286,293
286,1932
286,1857
286,4328
286,1964
3845,3292
3845,3822
3845,3201
3845,3842
3845,3846
3845,1148
3845,1152
3845,1176
3845,179
3845,593
3845,3399
3845,3219
3845,1926
3845,3237
3845,1197
3845,1205
3845,1213
3845,3359
3846,1111
3846,3835
3846,3200
3846,3201
3846,2580
3846,1412
3846,3215
3846,3845
3846,842
3846,843
3846,1167
3846,1170
3846,1172
3846,1179
3846,3332
3846,1432
3846,1184
3846,189
3846,1734
3846,1566
3846,1296
3846,1190
3846,1443
3846,1200
3846,1588
287,4724
287,1148
287,3847
287,3331
287,1151
287,1153
287,1170
287,1177
287,2593
287,1438
287,3333
287,2797
287,3862
1712,1694
1712,1177
1712,2252
1712,3565
1712,3395
1712,2457
1712,2762
1712,186
1712,289
1712,2466
1712,2106
1712,2280
1712,4340
1712,2766
1712,487
1712,491
1712,498
1712,1584
1712,408
1712,4428
1712,1810
842,812
842,2227
842,1177
842,3565
842,846
842,66
842,377
842,2273
842,2466
842,3333
842,849
842,851
1925,2347
1925,2433
1925,1141
1925,1712
1925,842
1925,1148
1925,1177
1925,3391
1925,3399
1925,2457
1925,1926
1925,2466
1925,1929
1925,1740
1925,1743
1925,1581
1148,1124
1148,1925
1148,1168
1148,1177
1148,1183
1148,2762
1148,2466
1148,2106
1148,1738
1148,1931
1148,1932
1148,1857
1148,1743
1148,4328
1148,3333
1148,103
288,284
288,285
288,1148
288,372
288,589
288,1177
288,4291
288,3399
288,376
288,2762
288,289
288,293
288,3333
288,4362
288,4756
288,2626
288,307
288,523
288,309
3847,3324
3847,287
3847,1148
3847,2759
3847,2232
3847,1183
3847,848
3847,3333
3847,498
3847,1572
3847,1458
3847,2797
3847,3862
2759,3324
2759,1167
2759,1173
2759,4291
2759,481
2759,68
2759,1290
2759,485
2759,3333
2759,930
2759,2618
2759,503
2759,1450
372,345
372,1918
372,273
372,284
372,288
372,2759
372,601
372,2762
372,485
372,381
372,3333
372,2768
372,1761
1149,4239
1149,1141
1149,2227
1149,590
1149,1168
1149,1169
1149,1171
1149,1177
1149,2018
1149,3388
1149,2027
1149,3399
1149,1926
1149,2279
1149,4328
1149,1582
1149,1595
1149,1241
1150,1148
1150,1156
1150,1158
1150,1169
1150,1171
1150,1283
1150,592
1150,608
1150,1039
1150,1572
1150,1580
3331,3288
3331,1087
3331,1106
3331,3320
3331,1125
3331,3326
3331,1143
3331,1145
3331,1280
3331,1153
3331,1158
3331,1161
3331,1163
3331,1423
3331,1168
3331,1169
3331,1171
3331,1172
3331,1424
3331,1179
3331,1180
3331,1432
3331,1032
3331,3400
3331,1184
3331,3234
3331,1049
3331,1586
3331,1230
1151,2393
1151,178
1151,1152
1151,1153
1151,1156
1151,1157
1151,1158
1151,1168
1151,1169
1151,1424
1151,1174
1151,1179
1151,3848
1151,2018
1151,3850
1151,1432
1151,3853
1151,1028
1151,1184
1151,4332
1151,2081
1152,1077
1152,1119
1152,3331
1152,1151
1152,1153
1152,1155
1152,1156
1152,1157
1152,1158
1152,1159
1152,1160
1152,1167
1152,1168
1152,1169
1152,1170
1152,1172
1152,1424
1152,1174
1152,3848
1152,1183
1152,1232
1153,1125
1153,1151
1153,1152
1153,1158
1153,1159
1153,1166
1153,1168
1153,1170
1153,1171
1153,1424
1153,3848
1153,1862
1154,1078
1154,1090
1154,1096
1154,1111
1154,1112
1154,1114
1154,1118
1154,1120
1154,1122
1154,1125
1154,1128
1154,1135
1154,1136
1154,4239
1154,1139
1154,1141
1154,1142
1154,1143
1154,1147
1154,287
1154,1149
1154,3331
1154,1151
1154,1152
1154,1153
1154,1155
1154,1156
1154,1157
1154,1158
1154,1159
1154,1160
1154,1161
1154,1166
1154,1168
1154,1169
1154,1170
1154,1172
1154,1173
1154,1174
1154,1175
1154,1177
1154,1179
1154,1180
1154,1432
1154,1186
1154,3333
1154,1194
1154,1197
1154,1200
1154,1205
1154,1206
1154,413
1154,3129
1154,1212
1154,1219
1154,1222
1154,1228
1154,1229
1154,4651
1155,1423
1155,1168
1155,1169
1155,1171
1155,1174
1155,2025
1155,2027
1155,3850
1155,1183
1155,4337
1155,4753
1155,1199
1155,1219
1156,1085
1156,1119
1156,1137
1156,1155
1156,1157
1156,4274
1156,1167
1156,1168
1156,1169
1156,1170
1156,1171
1156,1173
1156,1175
1156,2018
1156,2021
1156,2031
1156,1430
1156,3850
1156,1432
1156,3853
1156,1437
1156,4332
1156,1447
1156,1572
1156,1582
1156,1204
1156,2632
1156,3125
1156,1236
1157,3510
1157,3514
1157,1102
1157,1110
1157,1119
1157,2443
1157,1137
1157,1138
1157,3331
1157,1152
1157,1155
1157,1156
1157,4281
1157,1167
1157,1168
1157,1169
1157,1171
1157,1424
1157,1174
1157,1175
1157,480
1157,3400
1157,1187
1157,4332
1157,1232
1158,1092
1158,1125
1158,1145
1158,1151
1158,1153
1158,1159
1158,1167
1158,1168
1158,1170
1158,1171
1158,2027
1158,2040
1158,1474
1159,1153
1159,1158
1159,1423
1159,1168
1159,1169
1159,1171
1159,1212
1160,1151
1160,1153
1160,1157
1160,1158
1160,1159
1160,1168
1160,1169
1160,1170
1160,1172
1160,1424
1160,2027
1160,480
1160,76
1160,1183
1160,1290
1161,3331
1161,1153
1161,1156
1161,1159
1161,1163
1161,1423
1161,1168
1161,3848
1161,2022
1161,4291
1161,3407
1162,1125
1162,287
1162,1153
1162,1157
1162,1161
1162,1164
1162,1168
1162,1170
1162,1171
1162,1174
1162,1179
1162,3400
1162,95
1162,1584
1163,288
1163,3331
1163,1152
1163,1158
1163,1161
1163,1167
1163,1168
1163,1169
1163,1170
1163,1177
1163,1179
1163,2022
1163,2027
1163,2258
1163,4738
1163,3397
1163,3400
1163,3403
1163,4389
1164,1115
1164,4270
1164,4271
1164,1154
1164,1155
1164,1168
1164,1169
1164,1173
1164,2027
1164,2031
1164,1182
1164,4734
1164,3394
1164,1183
1164,1435
1164,1436
1164,1926
1164,1852
1164,1305
1164,1199
1164,2651
1164,3123
1164,1770
1164,3131
1164,3133
586,2025
586,2279
586,2107
586,634
586,518
586,4551
587,4257
587,2102
587,2231
587,2242
587,2252
587,4731
587,481
587,593
587,595
587,2265
587,289
587,2271
587,612
587,2275
587,2278
587,2284
587,629
2231,2241
2231,2242
2231,2027
2231,2245
2231,2256
2231,4732
2231,4740
2231,3400
2231,2271
4273,4078
4273,579
4273,376
4273,2265
4273,601
4273,4304
4273,381
4273,4308
4273,415
4273,445
2760,1562
2760,60
2760,1183
2760,3400
2760,2762
2760,3218
2760,92
2760,1573
2760,1574
2760,2642
2591,4255
2591,69
2591,78
2591,2603
2591,1564
2591,1295
2591,2613
2591,2615
2591,1928
2591,2632
4274,3510
4274,3511
4274,3515
4274,3562
4274,4155
4274,4246
4274,4275
4274,2260
4274,4734
4274,3400
4274,2273
4274,3857
4274,1493
4275,4274
4275,3852
4276,3200
4276,1553
4276,4274
4276,4275
4276,3849
4276,1430
4276,2262
4276,4740
4276,1183
4276,2600
4276,189
4276,2603
4276,4748
4277,4738
4277,1560
4277,47
4277,726
4277,58
4277,60
4277,66
4277,602
4277,603
4277,1726
4278,4266
4278,588
4278,589
4278,4291
4278,2242
4278,4297
4278,3393
4278,600
4278,601
4278,2609
4278,2279
4278,735
4278,489
4278,2315
4278,2318
1417,4019
1417,1409
1417,4270
1417,1177
1417,1283
1417,4735
1417,1430
1417,1433
1417,1184
1417,2615
1417,1437
1417,195
1417,1575
1418,3515
1418,4230
1418,1167
1418,1284
1418,2239
1418,2242
1418,2032
1418,2040
1418,2050
1418,1433
1418,2059
1418,4318
1418,1297
2016,1278
2016,2241
2016,2254
2016,2042
2016,2049
2016,2055
2016,37
2016,38
2016,3393
2016,1433
27,3071
27,694
27,2241
27,2042
27,713
27,185
1419,1373
1419,4051
1419,3510
1419,3511
1419,1393
1419,1399
1419,1403
1419,1407
1419,3759
1419,1841
1419,1179
1419,2260
1419,2594
1419,66
1419,3400
1419,80
1419,1291
1419,2603
1419,1435
1419,4319
1419,1438
1419,1440
1419,1303
1419,1456
1419,1959
1419,3769
1419,1488
1419,3779
1420,1370
1420,1399
1420,3386
1420,1426
1420,4291
1420,2239
1420,2242
1420,2027
1420,2028
1420,2260
1420,3564
1420,3389
1420,1433
1420,3400
1420,4316
1420,3410
2451,2537
2451,1403
2451,1411
2451,1286
2451,66
2451,67
2451,89
2451,3219
2451,2603
2451,91
2451,2608
2451,2272
2451,2463
2451,2278
2451,1935
2451,2616
2451,3110
2451,1314
2451,3773
2451,3779
843,2347
843,2351
843,2355
843,2221
843,2580
843,601
843,1842
843,1183
843,2459
843,2612
843,2462
843,2465
843,2616
843,849
843,2479
4279,3380
4279,4265
4279,4266
4279,4291
4279,2239
4279,2594
4279,3853
4279,2262
4279,4325
4279,4389
4279,2908
4279,1466
1713,1687
1713,1702
1713,1710
1713,78
1713,1564
1713,98
1713,2614
1713,4317
1713,4319
1713,2615
1713,1722
1713,1724
1713,1740
1713,1438
1713,2280
1713,1750
1713,1758
1713,1795
1713,1811
1421,1125
1421,1169
1421,1170
1421,3848
1421,1180
1421,4303
1421,1184
5833,1398
5833,2008
5833,4225
5833,4281
5833,2261
5833,3850
5833,4736
5833,47
5833,735
5833,395
5833,4754
5833,3239
5833,311
5833,1790
5833,4681
4280,4094
4280,2009
4280,2013
4280,3388
4280,4291
4280,2238
4280,2239
4280,2240
4280,2026
4280,2241
4280,2242
4280,2243
4280,2245
4280,2247
4280,2032
4280,2040
4280,2051
4280,4738
4280,1030
4280,376
4280,3400
4280,381
4280,2279
588,3833
588,589
588,1422
588,4291
588,2242
588,480
588,598
588,2265
588,600
588,4304
588,2266
588,848
588,2279
588,2107
588,4354
588,2774
4281,904
4281,2167
4281,2225
4281,2231
4281,1168
4281,1426
4281,28
4281,2018
4281,4291
4281,2241
4281,1430
4281,4297
4281,598
4281,2265
4281,2267
4281,2278
4281,2615
4281,1567
4281,635
4281,2294
4281,2296
4282,3379
4282,2041
4282,480
4282,60
4282,2457
4282,4303
4282,190
4282,92
4282,1564
4282,95
4282,2615
4282,2776
589,2346
589,5754
589,2349
589,2354
589,547
589,2091
589,285
589,586
589,588
589,4281
589,2103
589,2104
589,2233
589,28
589,2021
589,4291
589,2242
589,2033
589,2260
589,714
589,592
589,724
589,726
589,60
589,4741
589,595
589,596
589,376
589,2265
589,1842
589,2266
589,1183
589,79
589,1843
589,381
589,608
589,289
589,2274
589,2275
589,2278
589,2106
589,2615
589,1850
589,616
589,1932
589,1861
589,849
589,2107
589,4754
589,1873
589,646
589,4581
2452,3906
2452,2343
2452,2344
2452,2347
2452,2351
2452,2354
2452,2355
2452,3911
2452,2412
2452,1903
2452,4074
2452,3528
2452,4186
2452,2428
2452,5819
2452,4194
2452,4196
2452,4197
2452,2580
2452,5820
2452,2436
2452,4220
2452,277
2452,4231
2452,2447
2452,4238
2452,1706
2452,2448
2452,2450
2452,2453
2452,2454
2452,3387
2452,2241
2452,1427
2452,2594
2452,3399
2452,376
2452,2457
2452,4742
2452,2458
2452,2459
2452,2460
2452,2601
2452,1715
2452,3406
2452,3407
2452,291
2452,2462
2452,4321
2452,2464
2452,2466
2452,2278
2452,2467
2452,1936
2452,1857
2452,2616
2452,1748
2452,1751
2452,2469
2452,1188
2452,294
2452,5860
2452,1869
2452,2476
2452,3244
2452,5866
2452,2482
2452,3415
2452,1769
2452,3417
2452,4470
2452,2137
2452,2499
2452,4581
2452,4594
2452,4613
2452,2523
2452,2526
2452,3434
2453,2343
2453,2347
2453,4282
2453,1560
2453,184
2453,60
2453,2457
2453,1843
2453,3406
2453,1852
2453,3415
2454,66
2454,2457
2454,3400
2454,186
2454,2601
2454,3407
2454,2615
2454,2474
2454,2660
2455,2347
2455,2592
2455,76
2455,96
2455,1188
2592,2346
2592,2347
2592,2355
2592,1411
2592,2028
2592,2260
2592,4740
2592,66
2592,2280
2592,2482
2592,2516
3387,2347
3387,2393
3387,2416
3387,2580
3387,1167
3387,3399
3387,73
3387,76
3387,1183
3387,3400
3387,2459
3387,1926
3387,2466
3387,2061
3387,1567
3387,4364
3387,2476
3387,2491
1841,224
1841,2347
1841,1683
1841,359
1841,271
1841,275
1841,2455
1841,1179
1841,3400
1841,293
1841,2106
1841,2615
1841,2279
1841,1857
1841,1858
1841,1438
1841,2280
1841,1755
1841,2916
1841,1334
1841,1793
1841,2528
590,1987
590,1149
590,2231
590,2104
590,2233
590,1168
590,1169
590,1174
590,2025
590,2241
590,2242
590,53
590,593
590,1183
590,2600
590,289
590,2271
590,1926
590,2278
590,2615
590,2279
590,1567
590,2077
2103,2347
2103,1690
2103,2229
2103,2102
2103,589
2103,2104
2103,2233
2103,2241
2103,2252
2103,593
2103,78
2103,2601
2103,2606
2103,2612
2103,2613
2103,289
2103,2278
2103,2106
2103,2061
2103,2279
2103,1860
2103,1861
2103,2120
2104,2102
2104,2103
2104,2233
2104,1177
2104,4291
2104,2241
2104,2252
2104,2265
2104,289
2104,2278
2104,2106
2104,2615
2104,2279
2104,617
2104,1860
2104,1861
2104,2120
2104,2124
2104,4520
2104,4526
5626,5705
5626,5577
5626,5606
5626,4701
5626,26
5626,1168
5626,1283
5626,845
5626,36
5626,1028
5626,1183
5626,185
5626,377
5626,2608
5626,92
5626,1434
5626,4356
5626,1447
5626,1449
5626,140
5626,5649
5626,5650
5626,5651
5626,5653
1422,4274
1422,4275
1422,5626
1422,1179
1422,2024
1422,3388
1422,4291
1422,2238
1422,2241
1422,2255
1422,3852
1422,1433
1422,3400
1422,3411
1422,1445
1422,1449
4283,1167
4283,2027
4283,2053
4283,2260
4283,3400
4283,3410
4283,4325
4283,1567
4283,123
2232,3596
2232,4015
2232,3622
2232,3329
2232,1412
2232,842
2232,1171
2232,3848
2232,1184
2232,2762
2232,2763
2232,89
2232,189
2232,4317
2232,1861
2232,3411
2232,103
2232,2107
2232,1864
2232,497
2232,3335
2232,1866
2232,2773
2232,2774
2232,523
2232,525
2232,949
2232,957
2232,3869
373,24
373,3848
373,2593
373,2252
373,709
373,62
373,66
373,376
373,1184
373,2762
373,2599
373,2459
373,1292
373,623
373,195
373,3234
373,3241
1714,3388
1714,2025
1714,2242
1714,2027
1714,2028
1714,3393
1714,709
1714,714
1714,719
1714,721
1714,1435
1714,1718
1714,1850
1714,1851
1714,616
1714,618
1714,1858
1714,1583
1714,1310
2233,2344
2233,1537
2233,1702
2233,1710
2233,589
2233,2103
2233,2104
2233,2018
2233,2241
2233,2252
2233,2255
2233,2040
2233,1427
2233,1843
2233,2601
2233,381
2233,2106
2233,2061
2233,2615
2233,617
2233,1738
2233,1935
2233,1861
2233,2286
2233,2139
1423,1282
1423,1426
1423,4291
1423,2239
1423,66
1423,1183
1423,3400
1423,2774
1165,1168
1165,1171
1165,1172
1165,1175
1165,1177
1165,1179
1165,3388
1165,2027
1165,4731
1165,3850
1165,3389
1165,3395
1165,595
1165,1183
1165,3401
1165,1926
1165,4325
1165,1438
1165,1567
1165,3855
1165,512
1165,3874
1166,1080
1166,2393
1166,1088
1166,1837
1166,1153
1166,1158
1166,1165
1166,1168
1166,1169
1166,1171
1166,1172
1166,1175
1166,1176
1166,1177
1166,179
1166,2236
1166,2027
1166,3389
1166,595
1166,376
1166,3401
1166,1185
1166,86
1166,293
1166,442
1167,4236
1167,3386
1167,1155
1167,1161
1167,1164
1167,1423
1167,1168
1167,1169
1167,1179
1167,3848
1167,2025
1167,2027
1167,2248
1167,2260
1167,1432
1167,3852
1167,3394
1167,76
1167,3400
1167,1184
1167,2275
1167,1437
1167,1438
1167,3855
1167,1586
1167,1602
1168,1094
1168,1103
1168,1109
1168,1119
1168,2227
1168,1149
1168,1151
1168,1152
1168,1154
1168,1156
1168,1157
1168,1161
1168,1167
1168,1170
1168,1171
1168,1172
1168,1173
1168,1174
1168,1177
1168,1179
1168,3848
1168,2027
1168,1430
1168,3400
1168,1184
1168,2762
1168,3403
1168,83
1168,1435
1168,616
1168,1187
1168,2766
1168,1195
1168,1595
1169,2575
1169,1115
1169,3331
1169,1156
1169,1164
1169,4281
1169,1165
1169,1167
1169,1168
1169,1170
1169,1173
1169,1179
1169,3848
1169,4740
1169,1028
1169,1183
1169,3400
1169,1184
1169,1290
1169,189
1169,2603
1169,1926
1169,1437
1169,1438
1169,4332
1169,3412
1169,1193
1169,1582
1169,3123
1169,1595
1169,1219
1169,1229
1170,1125
1170,1153
1170,1158
1170,1159
1170,1165
1170,1168
1170,1169
1170,1171
1170,1172
1170,1173
1170,1177
1170,2236
1170,3388
1170,2025
1170,2027
1170,2041
1170,480
1170,1032
1170,3400
1170,1035
1170,2465
1171,1510
1171,2412
1171,2575
1171,1125
1171,1153
1171,1157
1171,1166
1171,1167
1171,1168
1171,1169
1171,1170
1171,1174
1171,2241
1171,3850
1171,3852
1171,1027
1171,2596
1171,3395
1171,3400
1171,3403
1171,2278
1171,1567
1171,1189
1171,1441
1171,1191
1171,1579
1171,1481
1172,1076
1172,1113
1172,1130
1172,1167
1172,1168
1172,1171
1172,1173
1172,1177
1172,2025
1172,2241
1172,4731
1172,1432
1172,592
1172,608
1172,2270
1172,4325
1172,3412
1172,1193
1172,1450
1424,3296
1424,1151
1424,1153
1424,1158
1424,1159
1424,1160
1424,1841
1424,5626
1424,1166
1424,1168
1424,1169
1424,2027
1424,2040
1424,4733
1424,1430
1424,376
1424,1031
1424,1183
1424,3400
1424,1438
1424,1449
1424,399
1424,2774
1424,1474
1173,4713
1173,1136
1173,1142
1173,1147
1173,370
1173,2759
1173,1150
1173,1159
1173,1160
1173,1166
1173,1167
1173,1168
1173,1172
1173,1174
1173,1177
1173,3849
1173,3850
1173,1432
1173,376
1173,1031
1173,1433
1173,1183
1173,3400
1173,1184
1173,2762
1173,2458
1173,1563
1173,1185
1173,608
1173,290
1173,2279
1173,3333
1173,2626
1173,524
1173,3123
1173,4496
1173,4586
1174,5063
1174,1256
1174,1119
1174,1137
1174,4270
1174,4271
1174,1157
1174,1167
1174,1168
1174,1169
1174,1171
1174,1424
1174,2260
1174,3394
1174,1183
1174,3400
1174,2613
1174,1852
1174,1438
1174,2280
1174,3411
1174,102
1174,4332
1174,1567
5834,3880
5834,3881
5834,3882
5834,3883
5834,3884
5834,3885
5834,1514
5834,3888
5834,3889
5834,3891
5834,3893
5834,3894
5834,3895
5834,3899
5834,3900
5834,3903
5834,3904
5834,3905
5834,2347
5834,3907
5834,3908
5834,3909
5834,3910
5834,3912
5834,3913
5834,3915
5834,3917
5834,3918
5834,2700
5834,3920
5834,3921
5834,3923
5834,3924
5834,3925
5834,3926
5834,3927
5834,3928
5834,3929
5834,3930
5834,3931
5834,3932
5834,3933
5834,785
5834,3934
5834,3935
5834,3936
5834,3937
5834,788
5834,3940
5834,3941
5834,3942
5834,3945
5834,3946
5834,3947
5834,3948
5834,3949
5834,3950
5834,3951
5834,3952
5834,3954
5834,1521
5834,3955
5834,3957
5834,1525
5834,3959
5834,795
5834,3960
5834,3961
5834,3962
5834,3964
5834,3965
5834,3967
5834,3969
5834,3970
5834,3972
5834,3973
5834,3974
5834,3976
5834,3977
5834,3979
5834,3980
5834,3981
5834,3984
5834,3986
5834,3987
5834,229
5834,3989
5834,3991
5834,3992
5834,3993
5834,3994
5834,3995
5834,3996
5834,3997
5834,3998
5834,4001
5834,4003
5834,4004
5834,4005
5834,4006
5834,4007
5834,803
5834,4009
5834,4010
5834,4011
5834,4012
5834,4013
5834,4015
5834,4016
5834,4017
5834,4018
5834,4019
5834,4024
5834,4025
5834,4027
5834,4028
5834,4029
5834,4031
5834,4032
5834,4033
5834,4034
5834,4035
5834,4038
5834,4039
5834,4040
5834,4041
5834,4042
5834,4043
5834,4044
5834,4046
5834,4047
5834,4048
5834,808
5834,4049
5834,4050
5834,4051
5834,4052
5834,4054
5834,4055
5834,4056
5834,4057
5834,4058
5834,4060
5834,4061
5834,4063
5834,4064
5834,4065
5834,4066
5834,4067
5834,4069
5834,4070
5834,4071
5834,3056
5834,5020
5834,5022
5834,5037
5834,5043
5834,5053
5834,5061
5834,3071
5834,5073
5834,5090
5834,5111
5834,4072
5834,4074
5834,5129
5834,4076
5834,4078
5834,822
5834,4082
5834,4083
5834,4087
5834,4088
5834,4089
5834,4090
5834,4091
5834,4092
5834,4093
5834,4094
5834,4096
5834,4097
5834,4098
5834,4099
5834,4101
5834,4102
5834,4104
5834,4105
5834,4106
5834,4107
5834,4108
5834,4110
5834,4111
5834,4113
5834,4114
5834,4115
5834,4116
5834,4117
5834,4119
5834,4120
5834,4121
5834,4122
5834,4123
5834,4124
5834,4125
5834,4126
5834,4127
5834,3504
5834,3510
5834,5269
5834,4132
5834,4134
5834,4135
5834,4136
5834,4137
5834,4139
5834,4140
5834,5806
5834,3560
5834,4143
5834,4144
5834,4145
5834,4146
5834,4147
5834,1104
5834,4148
5834,1105
5834,4150
5834,4151
5834,4152
5834,1106
5834,4153
5834,4154
5834,4155
5834,4156
5834,1108
5834,1109
5834,1113
5834,4157
5834,1114
5834,1115
5834,1120
5834,4158
5834,4159
5834,4160
5834,4161
5834,4162
5834,4164
5834,4165
5834,4166
5834,4168
5834,4170
5834,4172
5834,4173
5834,4174
5834,4175
5834,4176
5834,4177
5834,4178
5834,4179
5834,832
5834,4180
5834,4182
5834,4183
5834,4184
5834,1127
5834,4185
5834,4187
5834,4188
5834,264
5834,265
5834,564
5834,267
5834,1678
5834,4190
5834,1128
5834,4192
5834,4193
5834,4194
5834,4195
5834,4196
5834,4197
5834,1403
5834,4198
5834,4199
5834,4200
5834,4201
5834,4203
5834,4204
5834,4205
5834,4206
5834,4207
5834,4208
5834,4209
5834,268
5834,4210
5834,1131
5834,4211
5834,4212
5834,4214
5834,1135
5834,4216
5834,4217
5834,1136
5834,4218
5834,4220
5834,4221
5834,4222
5834,835
5834,4223
5834,4224
5834,4225
5834,4226
5834,4228
5834,4229
5834,4231
5834,4232
5834,4233
5834,4234
5834,4235
5834,1137
5834,4236
5834,4237
5834,4238
5834,4239
5834,4240
5834,4241
5834,4242
5834,4243
5834,4244
5834,1139
5834,4245
5834,1140
5834,4246
5834,4247
5834,4248
5834,4249
5834,4250
5834,4251
5834,1556
5834,4255
5834,1143
5834,4257
5834,4258
5834,1147
5834,4262
5834,4264
5834,4265
5834,4266
5834,5831
5834,4268
5834,4269
5834,4270
5834,4271
5834,4272
5834,286
5834,1149
5834,3331
5834,1155
5834,1157
5834,1161
5834,1163
5834,4273
5834,4274
5834,4275
5834,4276
5834,4278
5834,4279
5834,4281
5834,4282
5834,4283
5834,1168
5834,1173
5834,1177
5834,1180
5834,4284
5834,4285
5834,4286
5834,1285
5834,4289
5834,2239
5834,2241
5834,2242
5834,2038
5834,4292
5834,4293
5834,3565
5834,1430
5834,4294
5834,4295
5834,4297
5834,4738
5834,4298
5834,4299
5834,713
5834,49
5834,4300
5834,4301
5834,4302
5834,66
5834,376
5834,1031
5834,4303
5834,598
5834,2265
5834,4304
5834,1433
5834,2762
5834,2599
5834,185
5834,4744
5834,1290
5834,2600
5834,1563
5834,4306
5834,2459
5834,4309
5834,4311
5834,4313
5834,4314
5834,2608
5834,292
5834,293
5834,5845
5834,5846
5834,4316
5834,4317
5834,4318
5834,4319
5834,4320
5834,4321
5834,4323
5834,4324
5834,2279
5834,4325
5834,1936
5834,1854
5834,1857
5834,4326
5834,4327
5834,2280
5834,4328
5834,4330
5834,4331
5834,1439
5834,1565
5834,3411
5834,1440
5834,4332
5834,849
5834,4333
5834,4334
5834,4336
5834,4337
5834,4338
5834,4339
5834,4340
5834,2766
5834,4341
5834,4342
5834,4343
5834,4344
5834,496
5834,4345
5834,2618
5834,4346
5834,4347
5834,1298
5834,4348
5834,4349
5834,2771
5834,194
5834,4350
5834,4351
5834,196
5834,296
5834,4352
5834,4353
5834,4354
5834,4355
5834,1574
5834,1575
5834,1576
5834,1448
5834,4358
5834,4359
5834,4360
5834,4361
5834,1760
5834,4362
5834,1451
5834,4363
5834,4364
5834,4365
5834,1202
5834,4367
5834,4368
5834,4369
5834,4371
5834,4372
5834,4373
5834,4374
5834,111
5834,302
5834,4376
5834,4377
5834,4378
5834,4379
5834,4380
5834,4381
5834,4384
5834,4385
5834,4386
5834,4388
5834,4390
5834,4391
5834,4392
5834,4393
5834,4394
5834,4395
5834,4396
5834,4397
5834,1203
5834,4398
5834,2117
5834,3339
5834,4400
5834,4401
5834,4403
5834,4404
5834,4405
5834,4406
5834,4407
5834,1590
5834,4408
5834,4409
5834,4410
5834,4412
5834,4413
5834,4414
5834,306
5834,4416
5834,4417
5834,4418
5834,4419
5834,5871
5834,4421
5834,4422
5834,308
5834,4425
5834,4426
5834,4427
5834,523
5834,4428
5834,4429
5834,309
5834,4430
5834,4431
5834,4432
5834,4433
5834,310
5834,4435
5834,4436
5834,4438
5834,4439
5834,4440
5834,4441
5834,4443
5834,4444
5834,4445
5834,4447
5834,4449
5834,4450
5834,3123
5834,1464
5834,4452
5834,1209
5834,4453
5834,4454
5834,1604
5834,1211
5834,4455
5834,4456
5834,4457
5834,4458
5834,4459
5834,126
5834,4460
5834,4461
5834,4462
5834,4464
5834,4465
5834,4466
5834,4467
5834,4468
5834,4469
5834,4470
5834,2488
5834,4471
5834,4475
5834,4477
5834,1056
5834,4480
5834,2129
5834,4484
5834,4485
5834,648
5834,4486
5834,4488
5834,4489
5834,4491
5834,4492
5834,4493
5834,4496
5834,4497
5834,1607
5834,4498
5834,4499
5834,4500
5834,4502
5834,4504
5834,4505
5834,4506
5834,4507
5834,4508
5834,4509
5834,4510
5834,4511
5834,4512
5834,4513
5834,4514
5834,4515
5834,4516
5834,4517
5834,4519
5834,4520
5834,4521
5834,4522
5834,4523
5834,4525
5834,4527
5834,4528
5834,4529
5834,4530
5834,4531
5834,4532
5834,4533
5834,4534
5834,4536
5834,1215
5834,4538
5834,4539
5834,4540
5834,4541
5834,4543
5834,4544
5834,4545
5834,4546
5834,4547
5834,4548
5834,4549
5834,4550
5834,4552
5834,4553
5834,4555
5834,1221
5834,4559
5834,4560
5834,4561
5834,1223
5834,4562
5834,4563
5834,1224
5834,4565
5834,1487
5834,4567
5834,4568
5834,4570
5834,4572
5834,4573
5834,4575
5834,4576
5834,4577
5834,4578
5834,4579
5834,4580
5834,4581
5834,4582
5834,4583
5834,4585
5834,4586
5834,4587
5834,4588
5834,4589
5834,4590
5834,4591
5834,4592
5834,1228
5834,4594
5834,4596
5834,4597
5834,4599
5834,4600
5834,4601
5834,4602
5834,4603
5834,4604
5834,316
5834,4605
5834,4608
5834,4609
5834,4610
5834,4611
5834,4612
5834,4613
5834,4615
5834,4616
5834,4618
5834,4619
5834,4620
5834,4622
5834,4624
5834,4626
5834,4627
5834,4629
5834,3794
5834,4631
5834,4632
5834,1351
5834,4633
5834,1231
5834,4634
5834,4635
5834,4637
5834,4639
5834,4640
5834,1233
5834,4642
5834,4643
5834,4644
5834,4645
5834,4646
5834,4647
5834,4648
5834,4649
5834,4650
5834,4651
5834,4652
5834,4653
5834,4654
5834,4655
5834,4656
5834,886
5834,4658
5834,4659
5834,4660
5834,4661
5834,4662
5834,4663
5834,4670
5834,4671
5834,4672
5834,4673
5834,4674
5834,4675
5834,4676
5834,1237
5834,4677
5834,4678
5834,4679
5834,1240
5834,4680
5834,4681
5834,4684
5834,4685
5834,4686
5834,4687
5834,4689
5834,4690
5834,4691
5834,4693
1175,2355
1175,1913
1175,1157
1175,4281
1175,1168
1175,1171
1175,1174
1175,591
1175,2241
1175,2242
1175,480
1175,593
1175,2265
1175,3400
1175,4317
1175,1857
1175,2280
1175,3411
1175,1756
1175,2117
1175,1204
1175,2310
1175,3154
1176,1167
1176,1168
1176,1172
1176,1424
1176,1177
1176,2242
1176,707
1176,2105
1176,724
1176,593
1176,60
1176,376
1176,2265
1176,1433
1176,3400
1176,730
1176,1185
1176,1035
1176,2270
1176,1726
1176,1735
1176,1853
1176,1930
1176,1857
1176,636
1176,1214
1176,1231
1177,4007
1177,4011
1177,1918
1177,1689
1177,2449
1177,284
1177,2102
1177,285
1177,286
1177,1148
1177,372
1177,1149
1177,1161
1177,27
1177,589
1177,2104
1177,2233
1177,1168
1177,1169
1177,1170
1177,1171
1177,1172
1177,179
1177,4291
1177,2238
1177,2241
1177,2242
1177,2027
1177,2105
1177,376
1177,2265
1177,3400
1177,1184
1177,2458
1177,190
1177,289
1177,290
1177,292
1177,293
1177,2464
1177,2278
1177,2106
1177,2279
1177,1720
1177,1740
1177,1932
1177,1860
1177,1862
1177,4328
1177,1751
1177,103
1177,1192
1177,2626
1177,3122
1178,2226
1178,1161
1178,1167
1178,1169
1178,1170
1178,1173
1178,1177
1178,4291
1178,2242
1178,2051
1178,592
1178,593
1178,376
1178,83
1178,1185
1178,381
1178,293
1178,384
1178,407
1178,435
1179,3060
1179,4708
1179,5825
1179,3331
1179,1163
1179,1169
1179,1171
1179,3848
1179,1432
1179,3852
1179,3389
1179,5293
1179,1183
1179,3400
1179,3401
1179,1184
1179,1563
1179,189
1179,92
1179,3410
1179,1934
1179,1438
1179,1187
1179,1189
1179,1191
1179,1443
1179,4357
1179,1449
1179,5870
1179,2795
1179,1595
1179,3423
1179,1217
1179,3665
3848,2886
3848,5266
3848,3511
3848,1116
3848,3106
3848,837
3848,3330
3848,3331
3848,1151
3848,1423
3848,1167
3848,1168
3848,1169
3848,1171
3848,1179
3848,179
3848,1430
3848,1432
3848,3852
3848,3853
3848,1183
3848,3400
3848,1184
3848,186
3848,848
3848,4318
3848,4319
3848,1438
3848,1439
3848,1189
3848,3235
3848,1444
3848,851
3848,3855
3848,1200
3848,3856
3848,2906
3848,5864
3848,3253
3848,1479
3848,3875
3848,2941
179,3331
179,1157
179,4283
179,1167
179,1168
179,1177
179,1180
179,592
179,49
179,4741
179,1433
179,3400
179,3401
179,1184
179,4307
179,83
179,84
179,1185
179,189
179,293
179,3226
179,1204
179,127
179,1231
1180,4079
1180,1118
1180,4719
1180,4722
1180,4728
1180,3331
1180,1161
1180,1421
1180,1167
1180,1169
1180,1170
1180,1175
1180,3851
1180,4301
1180,1433
1180,1183
1180,1184
1180,185
1180,187
1180,4307
1180,83
1180,189
1180,2608
1180,1438
1180,4333
1180,487
1180,196
1180,1303
1180,1199
1180,3241
1180,1204
1180,3667
1180,3669
1425,2022
1425,4291
1425,2026
1425,2028
1425,1428
1425,2260
1425,3850
1425,4740
1425,66
1425,1183
1425,3400
1425,2600
1425,1563
1425,2603
1425,1294
591,2347
591,2162
591,586
591,1175
591,2018
591,4291
591,2025
591,2241
591,4297
591,480
591,4742
591,3403
591,2279
591,1861
591,103
591,3412
591,2310
591,2335
591,4692
1181,3058
1181,1168
1181,1171
1181,1179
1181,1433
1181,1183
1181,185
1181,2615
1181,3411
1181,1188
1181,1189
1181,200
1181,1202
3332,3297
3332,3322
3332,3326
3332,3330
3332,1167
3332,1168
3332,1171
3332,1172
3332,1176
3332,1179
3332,3848
3332,5835
3332,1433
3332,3400
3332,2762
3332,4744
3332,1290
3332,3333
3332,3411
3332,1588
3332,3859
3332,1464
2017,1979
2017,4285
2017,1286
2017,3388
2017,4291
2017,2238
2017,2240
2017,2243
2017,2038
2017,2456
2017,714
2017,722
2017,726
2017,4741
2017,4312
2017,4323
2017,2311
2017,2083
5835,3288
5835,2347
5835,3291
5835,3295
5835,3298
5835,3299
5835,3303
5835,3305
5835,3307
5835,3308
5835,3311
5835,3313
5835,3314
5835,3317
5835,3384
5835,3320
5835,3321
5835,3323
5835,3325
5835,3326
5835,3327
5835,3328
5835,3215
5835,3845
5835,287
5835,1179
5835,179
5835,3332
5835,1283
5835,3564
5835,1432
5835,2761
5835,727
5835,3400
5835,1184
5835,3219
5835,91
5835,848
5835,1439
5835,3333
5835,1566
5835,4340
5835,3228
5835,3230
5835,3232
5835,3237
5835,1580
5835,1584
5835,851
5835,3336
5835,3337
5835,2774
5835,2776
5835,3338
5835,1588
5835,3248
5835,3859
5835,2797
5835,3340
5835,3344
5835,3346
5835,3347
1282,3614
1282,1259
1282,2226
1282,3849
1282,2234
1282,1286
1282,1287
1282,2235
1282,2022
1282,2239
1282,2026
1282,2241
1282,3852
1282,66
1282,79
1282,4745
1282,1290
1282,2600
1282,2603
1282,1294
1282,2061
1282,1303
1282,1355
4284,2546
4284,1419
4284,1286
4284,2026
4284,2031
4284,66
4284,729
4284,1183
4284,3400
4284,1290
4284,2603
4284,1292
4284,1294
4284,4533
4284,1341
4284,4612
3849,5236
3849,4813
3849,5271
3849,5532
3849,1393
3849,3642
3849,1276
3849,4280
3849,4284
3849,1286
3849,2593
3849,2239
3849,2242
3849,2027
3849,4734
3849,2594
3849,3852
3849,709
3849,480
3849,66
3849,2457
3849,1183
3849,3400
3849,1290
3849,2600
3849,2603
3849,1439
3849,3411
3849,4338
3849,4750
3849,1303
3849,1575
3849,1458
3849,3857
3849,1310
3849,1318
3849,4964
3849,1620
2234,1252
2234,1167
2234,3849
2234,1283
2234,1285
2234,1286
2234,2235
2234,4291
2234,2042
2234,2049
2234,3850
2234,66
2234,79
2234,1290
2234,2600
2234,1564
2234,1438
2234,2063
2234,1315
1283,3970
1283,5063
1283,1150
1283,1169
1283,1173
1283,4284
1283,3849
1283,4285
1283,1286
1283,4288
1283,2237
1283,4289
1283,4291
1283,2241
1283,2027
1283,4733
1283,4734
1283,3850
1283,2055
1283,592
1283,50
1283,183
1283,66
1283,3108
1283,1433
1283,3400
1283,1184
1283,4745
1283,1844
1283,2603
1283,1292
1283,4325
1283,1730
1283,1437
1283,1438
1283,4337
1283,4750
1283,1447
1283,1572
1283,1575
1283,1587
1283,3123
1283,1600
1283,1601
1283,1211
1283,1336
4285,2560
4285,3651
4285,4284
4285,1286
4285,4291
4285,2238
4285,2242
4285,2031
4285,2033
4285,1428
4285,3566
4285,2261
4285,4740
4285,709
4285,2457
4285,1183
4285,1290
4285,2600
4285,1292
4285,2274
4285,1297
4285,1316
4286,1108
4286,1273
4286,4264
4286,4284
4286,3849
4286,1284
4286,4291
4286,2238
4286,2026
4286,2243
4286,2031
4286,2039
4286,2260
4286,3850
4286,41
4286,4740
4286,1433
4286,1183
4286,1184
4286,1563
4286,1564
4286,1294
4286,3254
4286,3255
1284,2230
1284,2234
1284,4285
1284,1285
1284,1426
1284,3388
1284,4291
1284,2238
1284,2241
1284,2031
1284,2049
1284,3566
1284,3850
1284,2262
1284,66
1284,1433
1284,1290
1284,1297
1284,1316
1285,4016
1285,1252
1285,2226
1285,1420
1285,4284
1285,3849
1285,2234
1285,4285
1285,1286
1285,4288
1285,4291
1285,2238
1285,2240
1285,2026
1285,2028
1285,4292
1285,1290
1285,4323
1285,2275
1285,1440
1285,1351
1285,4641
1286,1533
1286,2560
1286,2585
1286,4284
1286,3849
1286,2234
1286,1283
1286,4285
1286,1287
1286,1288
1286,2238
1286,2026
1286,4292
1286,3395
1286,709
1286,713
1286,2598
1286,1562
1286,65
1286,66
1286,67
1286,2457
1286,1290
1286,2600
1286,1292
1286,92
1286,93
1286,2610
1286,2611
1286,100
1286,2615
1286,1730
1286,1745
1286,4750
1286,1300
1286,1303
1286,2623
1287,2241
1287,2028
1287,2252
1287,717
1287,184
1287,66
1287,2600
1287,2608
1287,2611
1287,1294
1287,2465
1287,106
1288,1276
1288,4284
1288,3849
1288,1286
1288,2242
1288,2594
1288,60
1288,67
1288,3400
1288,1292
1288,1437
1288,1438
1288,1297
1288,4347
1288,2906
1288,2293
1288,2693
1426,1423
1426,2018
1426,4291
1426,2239
1426,2028
1426,2260
1426,1433
1426,2603
1426,2275
1426,2276
1426,2615
1426,1494
4287,3448
4287,3620
4287,5266
4287,3510
4287,5269
4287,3515
4287,3517
4287,3544
4287,3557
4287,1399
4287,1403
4287,4201
4287,4214
4287,1411
4287,4264
4287,1419
4287,2592
4287,2025
4287,2239
4287,2028
4287,2031
4287,2255
4287,2260
4287,4736
4287,37
4287,38
4287,4739
4287,39
4287,480
4287,66
4287,3400
4287,79
4287,4745
4287,2611
4287,3410
4287,2278
4287,2615
4287,3411
4287,3412
4287,1567
4287,2774
4287,3571
4287,4405
4287,2908
4287,1324
4287,3761
4287,1334
4287,3772
4287,1488
4287,3779
4287,3783
2593,24
2593,1283
2593,3216
2593,592
2593,66
2593,376
2593,3400
2593,2631
28,5705
28,3504
28,845
28,181
28,37
28,38
28,39
28,73
2235,2168
2235,2169
2235,1408
2235,4288
2235,4291
2235,2238
2235,2239
2235,2241
2235,2242
2235,2031
2235,2032
2235,2035
2235,2262
2235,4740
2235,3400
2235,2059
2235,2060
2235,4323
2235,2774
2235,2069
2235,2076
2235,4585
2236,1980
2236,2011
2236,2235
2236,2241
2236,2242
2236,2027
2236,2028
2236,2248
2236,2250
2236,2254
2236,2031
2236,2041
2236,2059
2236,2273
4288,4144
4288,1426
4288,2236
4288,4291
4288,2238
4288,2239
4288,2241
4288,2028
4288,1430
4288,2262
4288,4311
4288,2615
4288,3655
2018,2221
2018,28
2018,2236
2018,2021
2018,2022
2018,2241
2018,2242
2018,2027
2018,2028
2018,2031
2018,2256
2018,2041
2018,2044
2018,34
2018,2265
2018,2266
2018,2279
2018,4563
2237,1172
2237,4291
2237,2242
2237,2255
2237,2040
2237,4739
2237,714
2237,2057
2237,2274
2237,2279
2237,1437
2237,1307
2019,3388
2019,4291
2019,2025
2019,2238
2019,2239
2019,2240
2019,2241
2019,2242
2019,2248
2019,2250
2019,2252
2019,2045
2019,722
2019,2763
2019,496
2020,1168
2020,1169
2020,1171
2020,3388
2020,4291
2020,2025
2020,2238
2020,2240
2020,2241
2020,2242
2020,2027
2020,2028
2020,2033
2020,2035
2020,2260
2020,3391
2020,4740
2020,3394
2020,3395
2020,480
2020,3400
2020,1290
2020,4315
2020,2279
2020,617
2020,1567
2020,4346
2020,1203
2020,2316
2021,2176
2021,2198
2021,4281
2021,28
2021,2239
2021,2242
2021,2027
2021,2028
2021,2248
2021,2031
2021,2038
2021,31
2021,845
2021,4739
2021,4740
2021,1183
2021,2615
2021,2336
2022,2236
2022,2021
2022,4289
2022,4290
2022,4291
2022,2025
2022,2238
2022,2239
2022,2026
2022,2241
2022,2242
2022,2027
2022,2028
2022,2254
2022,2031
2022,2256
2022,2037
2022,2041
2022,2048
2022,3850
2022,3396
2022,1183
2022,3403
2022,2061
2022,2771
2022,1304
2022,2312
4289,4230
4289,2022
4289,4290
4289,2238
4289,2242
4289,2027
4289,2037
4289,2038
4289,2041
4289,2048
4289,2262
4289,1290
4289,2279
4289,4346
4289,4347
4289,1443
4289,2076
4290,1993
4290,4230
4290,2014
4290,28
4290,2018
4290,2021
4290,2022
4290,4289
4290,2238
4290,2239
4290,2241
4290,2242
4290,2027
4290,2028
4290,2031
4290,2255
4290,2048
4290,38
4290,713
4290,1290
4290,2615
4290,2279
4290,2280
4290,2075
2023,4291
2023,2025
2023,2238
2023,2240
2023,2242
2023,2027
2023,2028
2023,2245
2023,2247
2023,2249
2023,2254
2023,2037
2023,844
2023,2456
2023,2049
2023,3564
2023,30
2023,3393
2023,713
2023,2056
2023,480
2023,593
2023,1030
2023,376
2023,2267
2023,2271
2023,3409
2023,2064
2023,1038
2023,2287
2023,639
2024,2235
2024,2236
2024,2019
2024,4291
2024,2238
2024,2026
2024,2241
2024,2242
2024,2245
2024,2248
2024,2030
2024,2032
2024,2256
2024,2035
2024,2037
2024,2041
2024,2042
2024,2257
2024,2260
2024,38
2024,48
2024,2059
3388,2347
3388,2087
3388,2446
3388,2592
3388,4291
3388,2238
3388,2239
3388,2240
3388,2241
3388,2242
3388,2027
3388,2028
3388,2039
3388,4731
3388,2054
3388,2105
3388,2260
3388,1560
3388,3393
3388,3395
3388,3397
3388,3398
3388,709
3388,2056
3388,60
3388,3400
3388,3401
3388,2275
3388,2278
3388,103
3388,4335
3388,2287
3388,2118
4291,2166
4291,3511
4291,1395
4291,2218
4291,4216
4291,3651
4291,2015
4291,1284
4291,1426
4291,2235
4291,2236
4291,4288
4291,2019
4291,2024
4291,3388
4291,2238
4291,2239
4291,2240
4291,2026
4291,2242
4291,2243
4291,2244
4291,2027
4291,2028
4291,2245
4291,2246
4291,2251
4291,2253
4291,2254
4291,2255
4291,2033
4291,2037
4291,2038
4291,844
4291,2257
4291,2258
4291,2050
4291,2051
4291,2053
4291,4292
4291,2260
4291,3850
4291,4739
4291,1028
4291,1561
4291,62
4291,1030
4291,376
4291,1433
4291,1183
4291,3400
4291,2600
4291,1563
4291,4316
4291,4323
4291,2278
4291,2615
4291,2774
4291,2076
4291,3655
4291,4583
4291,4585
2025,1403
2025,590
2025,2018
2025,2019
2025,3388
2025,2238
2025,2240
2025,2241
2025,2242
2025,2027
2025,2028
2025,2250
2025,2251
2025,2252
2025,2031
2025,2255
2025,2256
2025,2034
2025,2035
2025,2044
2025,2260
2025,845
2025,38
2025,4740
2025,62
2025,595
2025,2267
2025,2271
2025,2615
2025,2279
2025,4333
2025,2077
2238,4159
2238,2230
2238,2237
2238,2023
2238,4291
2238,2239
2238,2240
2238,2241
2238,2242
2238,2243
2238,2027
2238,2028
2238,2245
2238,2246
2238,2247
2238,2249
2238,2250
2238,2252
2238,2033
2238,2040
2238,2051
2238,4740
2238,1560
2238,49
2238,1030
2238,376
2238,1433
2238,381
2238,3410
2238,4360
2238,2069
2238,2085
2239,910
2239,2166
2239,4159
2239,2011
2239,1923
2239,4279
2239,2592
2239,590
2239,1422
2239,1423
2239,28
2239,4288
2239,2022
2239,4290
2239,3388
2239,4291
2239,2025
2239,2238
2239,2240
2239,2026
2239,2241
2239,2242
2239,2027
2239,2028
2239,2245
2239,2252
2239,2253
2239,2031
2239,2032
2239,2034
2239,4731
2239,2260
2239,4732
2239,2594
2239,2262
2239,4739
2239,4740
2239,3395
2239,3397
2239,722
2239,2457
2239,2603
2239,92
2239,2276
2239,2615
2239,1932
2239,1939
2239,2280
2239,1456
2239,2640
2239,4600
2239,1502
2240,2207
2240,2016
2240,2235
2240,4291
2240,2238
2240,2241
2240,2242
2240,2243
2240,2245
2240,2247
2240,2248
2240,2250
2240,2252
2240,2033
2240,2042
2240,2045
2240,2047
2240,4731
2240,2049
2240,37
2240,38
2240,4740
2240,2056
2240,721
2240,722
2240,3400
2240,4323
2240,2774
2026,4284
2026,2024
2026,4291
2026,2025
2026,2238
2026,2239
2026,2240
2026,2242
2026,2245
2026,2248
2026,2253
2026,2254
2026,2030
2026,2031
2026,2255
2026,2037
2026,1428
2026,3850
2026,4739
2026,2457
2026,2600
2026,1564
2026,1294
2026,2615
2026,1297
2026,1464
2241,2347
2241,4159
2241,5815
2241,835
2241,4261
2241,588
2241,589
2241,591
2241,4288
2241,2237
2241,4289
2241,4290
2241,3388
2241,4291
2241,2025
2241,2238
2241,2239
2241,2240
2241,2242
2241,2027
2241,2028
2241,2245
2241,2029
2241,2038
2241,2044
2241,4731
2241,2260
2241,4740
2241,3395
2241,3396
2241,3397
2241,713
2241,592
2241,593
2241,2265
2241,599
2241,601
2241,3400
2241,3401
2241,4310
2241,2058
2241,610
2241,613
2241,4323
2241,2278
2241,2615
2241,2279
2241,1852
2241,4327
2241,4334
2241,1868
2241,5868
2241,2117
2241,2492
2241,648
2241,650
2241,2308
2242,2169
2242,4717
2242,2221
2242,2010
2242,2015
2242,28
2242,2235
2242,2023
2242,2024
2242,3388
2242,2025
2242,2238
2242,2239
2242,2240
2242,2241
2242,2243
2242,2027
2242,2028
2242,2246
2242,2247
2242,2248
2242,2249
2242,2250
2242,2252
2242,2254
2242,2256
2242,2035
2242,2037
2242,2044
2242,844
2242,2051
2242,4732
2242,30
2242,37
2242,38
2242,4739
2242,1560
2242,3395
2242,713
2242,714
2242,592
2242,719
2242,2056
2242,54
2242,4741
2242,1030
2242,4742
2242,603
2242,2266
2242,3400
2242,3401
2242,1184
2242,186
2242,1290
2242,483
2242,4746
2242,381
2242,2059
2242,2275
2242,2276
2242,2615
2242,2279
2242,2069
2243,1423
2243,2017
2243,2024
2243,2238
2243,2239
2243,2241
2243,2242
2243,2028
2243,2245
2243,2246
2243,2247
2243,2249
2243,2251
2243,2252
2243,2031
2243,2255
2243,2456
2243,2049
2243,2055
2243,1560
2243,713
2243,2056
2243,722
2243,600
2243,1433
2243,4323
2243,2061
2243,2615
2244,2190
2244,2191
2244,2192
2244,2197
2244,4717
2244,2014
2244,590
2244,1423
2244,1171
2244,2234
2244,1426
2244,28
2244,2235
2244,2236
2244,2018
2244,2237
2244,2021
2244,2022
2244,4290
2244,3388
2244,4291
2244,2025
2244,2238
2244,2239
2244,2240
2244,2241
2244,2242
2244,2243
2244,2027
2244,2028
2244,2245
2244,2246
2244,2247
2244,2248
2244,2249
2244,2250
2244,2251
2244,2252
2244,2253
2244,2029
2244,2254
2244,2030
2244,2031
2244,2032
2244,2033
2244,2256
2244,2035
2244,2038
2244,2039
2244,2040
2244,2041
2244,2042
2244,2044
2244,2258
2244,2048
2244,2260
2244,2594
2244,30
2244,845
2244,2262
2244,4739
2244,4740
2244,1560
2244,3393
2244,3395
2244,3397
2244,713
2244,719
2244,2056
2244,49
2244,480
2244,2265
2244,1433
2244,3400
2244,2267
2244,2059
2244,2060
2244,2271
2244,1854
2244,2468
2244,1567
2244,2062
2244,2066
2244,2068
2244,2774
2244,2075
2244,2117
2244,2296
2027,2207
2027,2239
2027,2241
2027,2242
2027,2028
2027,2246
2027,2040
2027,2044
2027,2046
2027,2051
2027,37
2027,38
2027,714
2027,376
2027,3400
2027,381
2027,2615
2027,1854
2028,2347
2028,28
2028,2235
2028,2236
2028,2018
2028,4291
2028,2238
2028,2239
2028,2241
2028,2242
2028,2027
2028,2031
2028,2032
2028,2255
2028,2040
2028,2044
2028,2260
2028,37
2028,38
2028,4739
2028,1855
2028,2107
2245,2209
2245,4159
2245,2230
2245,2237
2245,4291
2245,2238
2245,2240
2245,2241
2245,2242
2245,2243
2245,2028
2245,2246
2245,2247
2245,2250
2245,2253
2245,2030
2245,2255
2245,2456
2245,2051
2245,1030
2245,376
2245,1433
2245,3400
2245,381
2246,2192
2246,2197
2246,4717
2246,2230
2246,2238
2246,2241
2246,2242
2246,2243
2246,2245
2246,2247
2246,2250
2246,2251
2246,2031
2246,2035
2246,2038
2246,2040
2246,1290
2246,2071
2247,2197
2247,2210
2247,2021
2247,2238
2247,2241
2247,2242
2247,2028
2247,2245
2247,2246
2247,2249
2247,2250
2247,2251
2247,2035
2247,2044
2247,4738
2247,1433
2247,4754
2248,4291
2248,2238
2248,2239
2248,2240
2248,2241
2248,2242
2248,2027
2248,2028
2248,2254
2248,2030
2248,2032
2248,2041
2248,2047
2248,4739
2248,4740
2248,1560
2248,46
2248,713
2248,719
2248,1562
2248,60
2248,4311
2248,2279
2248,1443
2248,2774
2249,3646
2249,1171
2249,3849
2249,2023
2249,2238
2249,2239
2249,2240
2249,2241
2249,2242
2249,2027
2249,2246
2249,2250
2249,2251
2249,2252
2249,2254
2249,2051
2249,4734
2249,4739
2249,4740
2249,1028
2249,66
2249,2600
2250,1990
2250,2011
2250,2236
2250,2238
2250,2241
2250,2242
2250,2027
2250,2028
2250,2246
2250,2248
2250,2249
2250,2251
2250,2031
2250,2042
2250,2456
2250,2051
2250,37
2250,4739
2250,480
2250,1184
2250,1290
2250,83
2250,381
2250,1734
2250,2069
2251,28
2251,2025
2251,2238
2251,2239
2251,2026
2251,2241
2251,2242
2251,2027
2251,2246
2251,2031
2251,2255
2251,2260
2251,37
2252,1287
2252,4291
2252,2238
2252,2241
2252,2242
2252,2250
2252,2045
2252,4731
2252,2055
2252,4740
2252,1560
2252,722
2252,480
2252,2278
2252,103
2252,1567
2252,2285
2252,749
2252,637
2253,2012
2253,4291
2253,2239
2253,2026
2253,2242
2253,2027
2253,2247
2253,2248
2253,2030
2253,2037
2253,2258
2253,2317
2029,2351
2029,1978
2029,2166
2029,1987
2029,1988
2029,1989
2029,4159
2029,5815
2029,565
2029,2221
2029,836
2029,4234
2029,2010
2029,2011
2029,2226
2029,2014
2029,585
2029,2230
2029,4279
2029,1422
2029,2234
2029,2236
2029,2018
2029,2020
2029,4289
2029,4290
2029,3388
2029,4291
2029,2025
2029,2238
2029,2239
2029,2240
2029,2026
2029,2242
2029,2243
2029,2027
2029,2028
2029,2245
2029,2247
2029,2248
2029,2250
2029,2251
2029,2252
2029,2253
2029,2254
2029,2030
2029,2031
2029,2032
2029,2255
2029,2033
2029,2035
2029,2038
2029,2039
2029,2040
2029,2042
2029,2044
2029,2050
2029,2051
2029,2259
2029,2054
2029,4298
2029,2262
2029,2263
2029,1560
2029,595
2029,2265
2029,599
2029,600
2029,2266
2029,2267
2029,2270
2029,4312
2029,610
2029,2272
2029,4323
2029,2279
2029,1862
2029,2281
2029,103
2029,2062
2029,621
2029,2284
2029,1297
2029,2285
2029,2067
2029,1451
2029,2288
2029,2477
2029,2071
2029,2072
2029,636
2029,2075
2029,2076
2029,5868
2029,1329
2254,2236
2254,2021
2254,2022
2254,4290
2254,2024
2254,4291
2254,2238
2254,2240
2254,2026
2254,2241
2254,2242
2254,2027
2254,2028
2254,2245
2254,2246
2254,2247
2254,2252
2254,2253
2254,2030
2254,2031
2254,2032
2254,2037
2254,3391
2254,2056
2254,3400
2254,2273
2030,4280
2030,4291
2030,2239
2030,2026
2030,2241
2030,2242
2030,2027
2030,2247
2030,2252
2030,2253
2030,2032
2030,2035
2030,4733
2030,2615
2030,2067
2031,1980
2031,28
2031,2235
2031,2236
2031,2021
2031,2239
2031,2242
2031,2028
2031,2248
2031,2250
2031,2031
2031,2032
2031,2256
2031,2041
2031,37
2031,38
2031,4739
2031,4740
2031,714
2031,1183
2031,2059
2031,2615
2032,2236
2032,2024
2032,2239
2032,2026
2032,2241
2032,2242
2032,2252
2032,2030
2032,2031
2032,2050
2032,2067
2032,2068
2255,2592
2255,1422
2255,3388
2255,4291
2255,2241
2255,2242
2255,2034
2255,4731
2255,2260
2255,1430
2255,2615
2255,2279
2255,1861
2255,103
2255,743
2255,2774
2033,1280
2033,28
2033,2021
2033,4289
2033,4290
2033,3388
2033,4291
2033,2238
2033,2241
2033,2242
2033,2243
2033,2028
2033,2248
2033,2252
2033,2255
2033,2256
2033,2037
2033,2050
2033,1559
2033,38
2033,4740
2033,1560
2033,713
2033,53
2033,4741
2033,1433
2033,1183
2033,3400
2033,2600
2033,2763
2033,2615
2033,1439
2033,3411
2033,103
2033,1301
2033,1451
2256,4290
2256,4291
2256,2238
2256,2239
2256,2240
2256,2241
2256,2242
2256,2027
2256,2245
2256,2252
2256,2037
2256,3390
2256,37
2256,4740
2256,3397
2256,2276
2256,2774
2034,4288
2034,2019
2034,2024
2034,4291
2034,2025
2034,2238
2034,2241
2034,2242
2034,2248
2034,2256
2034,2037
2034,2045
2034,2053
2034,610
2034,2615
2034,2279
2035,28
2035,2024
2035,2240
2035,2242
2035,2027
2035,2028
2035,2030
2035,2042
2035,2258
2035,2456
2035,2051
2035,37
2035,4740
2035,66
2035,2057
2035,2608
2035,2610
2036,2217
2036,28
2036,2022
2036,4289
2036,3388
2036,4291
2036,2239
2036,2026
2036,2241
2036,2242
2036,2027
2036,2028
2036,2245
2036,2256
2036,2037
2036,37
2036,380
2036,2276
2036,2075
2037,1244
2037,1984
2037,1985
2037,1986
2037,1998
2037,2000
2037,2001
2037,2002
2037,2003
2037,2017
2037,2024
2037,2241
2037,2242
2037,2245
2037,2246
2037,2247
2037,2030
2037,2032
2037,2038
2037,4739
2037,2600
2037,2615
2037,2062
2037,4754
2037,2074
2037,2302
2038,4717
2038,2235
2038,2021
2038,4291
2038,2025
2038,2239
2038,2241
2038,2242
2038,2027
2038,2028
2038,2246
2038,2029
2038,2031
2038,2037
2038,2056
2038,2265
2038,3400
2038,1290
2038,2058
2038,2059
2038,2279
2038,1854
2038,2067
2038,2117
2038,2083
2039,2238
2039,2239
2039,2240
2039,2242
2039,2243
2039,2027
2039,2246
2039,2247
2039,2250
2039,2035
2039,2042
2039,2049
2039,3850
2039,3394
2039,1290
2039,2273
2040,1988
2040,2100
2040,2021
2040,2239
2040,2241
2040,2242
2040,2027
2040,2260
2040,2059
2040,2068
2040,2774
2041,1980
2041,252
2041,2236
2041,2239
2041,2241
2041,2248
2041,2256
2041,2615
2041,2774
2041,2312
2042,4726
2042,4291
2042,2240
2042,2241
2042,2242
2042,2027
2042,2250
2042,2256
2042,2039
2042,2049
2042,30
2042,3390
2042,37
2042,38
2042,4323
2043,2016
2043,28
2043,4291
2043,2240
2043,2242
2043,2027
2043,2245
2043,2247
2043,2248
2043,2250
2043,2256
2043,2037
2043,2042
2043,2051
2043,2052
2043,2598
2043,65
2043,1184
2043,2059
2043,293
2044,2018
2044,2025
2044,2241
2044,2242
2044,2027
2044,2028
2044,2248
2044,2260
2044,4298
2044,37
2044,38
844,28
844,2023
844,4291
844,2025
844,2238
844,2026
844,2242
844,2027
844,2028
844,2245
844,2248
844,2250
844,2254
844,2031
844,2044
844,30
844,37
844,38
844,4739
844,709
844,713
844,2056
844,593
844,2267
844,3409
844,1567
844,4754
844,4363
844,3414
844,631
844,639
844,868
2045,2020
2045,2238
2045,2240
2045,2242
2045,2027
2045,2248
2045,2250
2045,2256
2045,2038
2045,2055
2045,4740
2045,2056
2045,721
2045,722
2045,2304
2046,3849
2046,3388
2046,2238
2046,2241
2046,2242
2046,2027
2046,2028
2046,2245
2046,2246
2046,2247
2046,2252
2046,2254
2046,2031
2046,2035
2046,2049
2046,4734
2046,37
2046,4740
2046,1560
2046,3395
2046,3397
2257,2024
2257,2025
2257,2241
2257,2242
2257,2027
2257,2028
2257,2251
2257,2255
2257,2034
2257,4731
2257,4739
2257,480
2047,5022
2047,1286
2047,2240
2047,2242
2047,2027
2047,2042
2047,2044
2047,2261
2047,4739
2047,480
2047,2763
2047,2276
4731,590
4731,2018
4731,2025
4731,2242
4731,2027
4731,713
4731,714
4731,719
4731,2267
4731,2278
4731,2279
4731,1873
4731,762
2258,2192
2258,565
2258,2221
2258,2009
2258,4291
2258,2241
2258,2242
2258,2027
2258,2253
2258,2254
2258,4739
2258,595
2258,2266
2258,1862
2456,373
2456,28
2456,2241
2456,2242
2456,2027
2456,2028
2456,376
2456,3400
2456,1184
2456,2278
2456,2279
2456,1857
2456,1437
2048,2014
2048,28
2048,2018
2048,2021
2048,2022
2048,4289
2048,4290
2048,2241
2048,2242
2048,2027
2048,2028
2048,2031
2048,2255
2048,1429
2048,38
2048,4739
2048,480
2049,1423
2049,2234
2049,1286
2049,2023
2049,2240
2049,2242
2049,2027
2049,2028
2049,2031
2049,2256
2049,2035
2049,2038
2049,2042
2049,2047
2049,2055
2049,3390
2049,38
2049,713
2049,2056
2049,722
2049,47
2049,742
2049,746
2050,1994
2050,4291
2050,2238
2050,2239
2050,2240
2050,2241
2050,2242
2050,2027
2050,2028
2050,2032
2050,2033
2050,2039
2050,4740
2050,712
2050,713
2050,2056
2050,600
2050,2063
2050,2085
2051,353
2051,2010
2051,373
2051,4291
2051,2025
2051,2238
2051,2241
2051,2250
2051,2256
2051,2035
2051,1030
2051,376
2051,3217
2051,1031
2051,84
2051,1035
2051,381
2051,2064
2051,3226
2051,1036
2051,388
2051,1042
2051,416
2051,4539
2052,4727
2052,2022
2052,2025
2052,2242
2052,2027
2052,2028
2052,2031
2052,2256
2052,2051
2052,36
2052,37
2052,376
2052,1031
2052,381
2052,1042
2259,1989
2259,2238
2259,2241
2259,2242
2259,2027
2259,2028
2259,2246
2259,2250
2259,2031
2259,37
2259,4740
2259,713
2259,2056
2259,1028
2259,1030
2259,376
2259,1291
2259,2060
2259,2064
2259,2071
2053,2208
2053,2209
2053,2210
2053,4225
2053,3388
2053,2242
2053,2033
2053,2040
2053,374
2053,376
2053,2457
2053,2278
2053,2106
2054,1168
2054,1175
2054,3388
2054,2241
2054,2242
2054,2027
2054,2032
2054,2034
2054,3391
2054,592
2054,2265
2054,3400
2054,1185
2054,2279
2054,1854
2054,1855
2054,1438
4292,1135
4292,4247
4292,1557
4292,1156
4292,1418
4292,1168
4292,1169
4292,3849
4292,1284
4292,1426
4292,2238
4292,2239
4292,2028
4292,2039
4292,2260
4292,3850
4292,67
4292,1290
4292,4318
4292,2615
4292,1438
4292,1297
4292,1583
4292,1313
4292,4583
1289,2393
1289,2446
1289,2454
1289,3849
1289,2021
1289,2239
1289,1027
1289,2596
1289,1433
1289,2599
1289,2600
1289,2603
1289,2275
1289,2278
1289,2615
1289,1567
1289,2474
1182,18
1182,1156
1182,1168
1182,1169
1182,1171
1182,1173
1182,3849
1182,2018
1182,2040
1182,4734
1182,1430
1182,5293
1182,39
1182,3398
1182,709
1182,49
1182,1183
1182,3400
1182,92
1182,2273
1182,1435
1182,1436
1182,2615
1182,1437
1182,1438
1182,103
1182,3412
1182,1193
1182,1305
1182,3127
1182,1596
1182,1229
1182,1500
707,1171
707,713
707,47
707,593
707,595
707,376
707,2265
707,2608
1427,2350
1427,543
1427,2221
1427,2580
1427,4253
1427,3388
1427,4291
1427,2025
1427,2241
1427,2242
1427,2252
1427,60
1427,1183
1427,190
1427,2275
1427,1926
1427,2278
1427,2106
1427,2615
1427,2279
1427,1850
1427,618
1427,1852
1427,1931
1427,1932
1427,1934
1427,1743
1427,1437
1427,1862
1427,103
1427,1567
1427,1189
1427,4335
1427,1866
1427,2124
1427,648
1427,2141
2105,2086
2105,1981
2105,2097
2105,2099
2105,2103
2105,2104
2105,2233
2105,1177
2105,591
2105,2025
2105,2242
2105,2039
2105,713
2105,2056
2105,48
2105,183
2105,601
2105,613
2105,2106
2105,2279
2105,1861
2105,2287
2105,2108
2105,2294
2105,4399
2105,2117
2105,2118
2105,641
2105,649
2105,2301
1428,3041
1428,2580
1428,1408
1428,4247
1428,1707
1428,1410
1428,2587
1428,1420
1428,4284
1428,3849
1428,1283
1428,4285
1428,2018
1428,2022
1428,2026
1428,2241
1428,2257
1428,2053
1428,2260
1428,4732
1428,4734
1428,3564
1428,3566
1428,1431
1428,4736
1428,4737
1428,5293
1428,2262
1428,3391
1428,37
1428,4739
1428,3393
1428,3394
1428,66
1428,1433
1428,1183
1428,3400
1428,1563
1428,1291
1428,2603
1428,1292
1428,1294
1428,2614
1428,1435
1428,3410
1428,2274
1428,2275
1428,1733
1428,1437
1428,1438
1428,3411
1428,1440
1428,103
1428,2618
1428,1305
1428,1583
1428,3571
1428,4405
1428,3123
1428,3127
1428,1474
1428,1480
1428,1509
2260,2952
2260,1403
2260,1422
2260,1171
2260,1426
2260,2239
2260,2027
2260,2028
2260,4731
2260,480
2260,1183
2260,185
2260,2458
2260,2608
2260,3411
2260,4333
2260,4748
2260,5627
4732,1824
4732,2412
4732,3510
4732,3544
4732,1171
4732,3849
4732,2234
4732,1426
4732,4290
4732,3388
4732,2239
4732,2026
4732,2242
4732,2027
4732,2249
4732,2252
4732,2038
4732,2261
4732,2262
4732,709
4732,713
4732,66
4732,1433
4732,1183
4732,185
4732,2458
4732,2600
4732,2459
4732,2603
4732,95
4732,1435
4732,2615
4732,1932
4732,2616
4732,2765
4732,384
4732,1583
4732,2069
4732,3569
4732,2070
4732,2075
4732,436
4733,1167
4733,2241
4733,2038
4733,4735
4733,2261
4733,49
4733,480
4733,3400
4733,2611
4733,2464
4733,2615
4733,1437
4733,2910
4293,1267
4293,2239
4293,2026
4293,2040
4293,4734
4293,3564
4293,3850
4293,3852
4293,3853
4293,37
4293,38
4293,2274
4293,103
4293,3412
4293,2774
4293,4571
4734,3510
4734,3543
4734,1433
4734,3400
4734,1291
4734,1434
4734,1438
4734,4751
1559,2030
1559,2261
1559,1560
1559,1562
1559,4741
1559,1433
1559,2762
1559,190
1559,1439
1559,3411
3564,3510
3564,3511
3564,4826
3564,5271
3564,4956
3564,3544
3564,3384
3564,44
3564,3393
3564,3400
3564,2762
3564,849
3564,1487
1429,2228
1429,28
1429,2235
1429,2021
1429,2022
1429,4290
1429,2242
1429,2027
1429,4734
1429,38
1429,4739
1429,380
1429,2060
1429,2774
1429,1503
3565,2347
3565,5000
3565,5022
3565,5043
3565,5044
3565,5049
3565,4111
3565,4121
3565,3478
3565,5265
3565,3510
3565,3543
3565,3547
3565,4723
3565,1177
3565,4291
3565,2255
3565,4734
3565,1559
3565,3564
3565,1561
3565,480
3565,2762
3565,2600
3565,3218
3565,92
3565,1738
3565,1931
3565,2468
3565,1439
3565,4751
3565,3131
3565,4486
3565,3674
4735,5269
4735,3543
4735,2446
4735,2225
4735,2014
4735,2227
4735,4289
4735,2260
4735,4733
4735,4734
4735,1433
4735,87
4735,380
4735,4310
4735,498
4735,1574
4735,4752
4735,4490
4735,1479
3566,3451
3566,2969
3566,3755
3566,1408
3566,1414
3566,1426
3566,2027
3566,2053
3566,1428
3566,2260
3566,3391
3566,1183
3566,3400
3566,4745
3566,2603
3566,1435
3566,1437
3566,3411
3566,1440
3566,3412
3566,1584
3566,1311
3566,4385
3566,3571
3566,1464
3566,3422
1430,1269
1430,1157
1430,4275
1430,1167
1430,1168
1430,1180
1430,2235
1430,2239
1430,2241
1430,1432
1430,5836
1430,2262
1430,1433
1430,186
1430,1290
1430,2600
1430,2059
1430,4317
1430,4318
1430,1437
1430,1438
1430,1439
1430,3411
1430,4333
2261,3510
2261,3544
2261,2012
2261,2238
2261,2242
2261,2027
2261,2028
2261,2260
2261,4733
2261,4735
2261,30
2261,37
2261,38
2261,714
2261,480
2261,2276
2261,1443
2261,3653
2261,3569
2261,2070
2261,3571
2261,2075
2261,3655
2261,1356
1431,1707
1431,4271
1431,1420
1431,4284
1431,1283
1431,1426
1431,2235
1431,2018
1431,2021
1431,2027
1431,2031
1431,2053
1431,1428
1431,3564
1431,3566
1431,2261
1431,181
1431,3400
1431,1844
1431,2106
1431,2615
1431,1437
1431,102
1431,1305
1431,1307
1431,3123
1431,3422
2594,2412
2594,3844
2594,3849
2594,2239
2594,3851
2594,2262
2594,1433
2594,2603
2594,2615
2594,2620
2594,1455
29,2238
29,2241
29,37
29,38
29,4739
29,52
29,53
29,726
29,57
29,3400
29,2276
29,1441
29,1443
3850,3835
3850,1277
3850,1418
3850,1423
3850,1171
3850,1179
3850,2235
3850,4291
3850,2239
3850,2242
3850,2255
3850,2033
3850,2260
3850,4293
3850,4734
3850,2594
3850,4740
3850,1433
3850,1183
3850,3400
3850,1438
3850,1297
3850,2774
3850,1483
3850,4572
3850,1347
3851,5548
3851,3837
3851,3844
3851,1179
3851,3852
3851,3853
3851,4740
3851,4303
3851,1183
3851,2762
3851,1563
3851,1438
3851,1189
3851,2765
3851,1458
3851,3857
3851,3879
1432,3511
1432,1131
1432,4221
1432,4236
1432,1151
1432,1169
1432,1171
1432,1172
1432,3848
1432,2021
1432,4291
1432,2027
1432,4731
1432,3850
1432,3853
1432,49
1432,74
1432,1183
1432,3400
1432,3401
1432,1184
1432,2762
1432,2763
1432,1438
1432,3411
1432,849
1432,297
1432,1572
1432,1200
1432,1458
1432,2906
1432,1491
3852,2393
3852,3828
3852,3829
3852,3830
3852,1266
3852,3835
3852,3648
3852,3836
3852,3837
3852,3838
3852,3840
3852,3841
3852,1277
3852,1280
3852,1412
3852,2449
3852,1153
3852,1167
3852,1172
3852,3848
3852,1426
3852,2235
3852,2024
3852,2238
3852,2239
3852,2242
3852,2028
3852,2032
3852,2260
3852,4734
3852,29
3852,3850
3852,1432
3852,3853
3852,38
3852,4739
3852,4740
3852,1560
3852,49
3852,74
3852,1433
3852,1183
3852,3400
3852,2060
3852,3219
3852,2274
3852,1438
3852,3411
3852,1188
3852,849
3852,2766
3852,1441
3852,1443
3852,3652
3852,1452
3852,3855
3852,1457
3852,1200
3852,1458
3852,3856
3852,3857
3852,5864
3852,2290
3852,4403
3852,3858
3852,3859
3852,1463
3852,1477
3852,1478
3852,1484
3852,4562
3852,3665
3852,3870
3853,2347
3853,3820
3853,3821
3853,3823
3853,5441
3853,5463
3853,5520
3853,3835
3853,3841
3853,2227
3853,3851
3853,3852
3853,1183
3853,3411
3853,1449
3853,1452
3853,3855
3853,3864
3853,3867
3853,1348
5836,3550
5836,5806
5836,1393
5836,3836
5836,3837
5836,3838
5836,4221
5836,4236
5836,1408
5836,1557
5836,2227
5836,5832
5836,4275
5836,1419
5836,1420
5836,4279
5836,1422
5836,4283
5836,1174
5836,1283
5836,1428
5836,2260
5836,1430
5836,2594
5836,3850
5836,1432
5836,3853
5836,2262
5836,2273
5836,4318
5836,4320
5836,2274
5836,2615
5836,4325
5836,1733
5836,1437
5836,4333
5836,3334
5836,1441
5836,1303
5836,1444
5836,1445
5836,1447
5836,1575
5836,5858
5836,1577
5836,1580
5836,5862
5836,3856
5836,3857
5836,3655
5836,3858
5836,1477
5836,3866
5836,3781
5836,1501
2055,2242
2055,2038
2055,2045
2055,2049
2055,37
2055,4740
2055,713
2055,2056
2055,722
2055,48
2055,732
2055,2063
2055,742
4294,4167
4294,2260
4294,30
4294,4295
4294,4736
4294,3394
4294,3395
4294,3400
4294,3219
4294,2774
30,838
30,28
30,3564
30,4294
30,4295
30,181
30,37
30,38
30,4739
30,3395
30,714
30,54
30,726
30,3400
30,848
30,4331
30,2774
4295,3385
4295,4719
4295,4728
4295,4294
4295,30
4295,3395
4295,3396
4295,3653
4295,2774
4295,4398
31,2021
31,4291
31,2025
31,2241
31,2242
31,2027
31,2028
31,2248
31,2040
31,2044
31,30
31,40
31,4740
31,44
31,709
31,713
31,719
31,2056
31,49
31,54
31,2059
31,2061
31,2319
180,152
180,4168
180,168
180,1180
180,3564
180,31
180,5293
180,4298
180,39
180,44
180,49
180,60
180,1184
180,185
180,4311
180,4312
180,2608
32,4713
32,370
32,1169
32,1177
32,3388
32,2242
32,2027
32,1560
32,45
32,724
32,49
32,60
32,3401
32,2269
32,2057
32,2615
32,2279
32,1852
32,624
32,3123
4296,565
4296,1403
4296,2221
4296,836
4296,2231
4296,2238
4296,2239
4296,2240
4296,2241
4296,2027
4296,2028
4296,2260
4296,30
4296,4297
4296,3398
4296,1433
4296,3400
4296,4323
4296,2615
4296,849
4296,4347
4297,4123
4297,1403
4297,835
4297,836
4297,4265
4297,4266
4297,4278
4297,4279
4297,4281
4297,591
4297,3849
4297,1426
4297,2018
4297,3388
4297,4291
4297,2025
4297,2238
4297,2239
4297,2241
4297,2028
4297,4296
4297,3389
4297,3391
4297,593
4297,2265
4297,1290
4297,2600
4297,2278
4297,2615
4297,2279
4297,1852
4297,1857
4297,4327
4297,4333
4297,4361
4297,4756
4297,3655
4297,3123
4297,868
4297,4582
4297,891
3389,1370
3389,3755
3389,1144
3389,1421
3389,4283
3389,1165
3389,1166
3389,1177
3389,2241
3389,2260
3389,4296
3389,480
3389,1433
3389,1183
3389,3400
3389,3401
3389,3402
3389,3411
3389,4756
3389,2310
3389,4617
4736,5181
4736,2347
4736,4711
4736,4809
4736,3510
4736,5808
4736,4719
4736,3844
4736,1168
4736,4738
4736,2761
4736,480
4736,2762
4736,185
4736,4744
4736,5845
4736,4321
4736,2464
4736,4331
4736,2765
4736,4340
4736,4755
4736,3653
4736,4758
4736,3654
4736,4405
4736,4520
4736,2833
4737,4697
4737,2169
4737,5248
4737,3385
4737,4291
4737,2239
4737,4738
4737,2262
4737,1560
4737,709
4737,713
4737,4741
4737,1029
4737,376
4737,1031
4737,1290
4737,2600
4737,83
4737,381
4737,1564
4737,3764
4737,5542
4738,4696
4738,5181
4738,4698
4738,4072
4738,4085
4738,5266
4738,3510
4738,4717
4738,4720
4738,4722
4738,4225
4738,4726
4738,4254
4738,5834
4738,1179
4738,1181
4738,4736
4738,4737
4738,2762
4738,4310
4738,849
4738,3224
4738,4355
4738,3653
4738,2774
4738,853
4738,4758
4738,3654
4738,2801
4738,4442
4738,4520
4738,983
4738,3676
5293,4813
5293,3511
5293,2588
5293,26
5293,480
5293,1183
5293,3400
5293,1184
5293,189
5293,4748
5293,3235
5293,207
4298,5813
4298,4291
4298,2238
4298,2242
4298,2044
4298,713
4298,2600
4298,4311
4298,4312
4298,2618
4298,3653
4298,2084
33,4291
33,2242
33,713
33,722
33,49
33,53
33,54
33,55
33,480
33,66
33,1290
33,92
33,2274
33,736
33,2640
33,1600
34,3380
34,166
34,2242
34,2031
34,30
34,36
34,37
34,38
34,4740
34,3393
34,3394
34,49
34,2598
34,53
34,57
34,66
34,67
34,73
34,1032
34,1183
34,3400
34,80
34,2608
34,2610
34,3409
34,744
34,2775
34,5877
34,1320
2761,4739
2761,182
2761,1028
2761,479
2761,480
2761,60
2761,4303
2761,1034
2761,1188
2761,2764
2761,4342
2761,2774
2761,2776
2761,2777
2761,2793
1027,1255
1027,2413
1027,2454
1027,5626
1027,36
1027,41
1027,2596
1027,49
1027,1028
1027,479
1027,3217
1027,1183
1027,1184
1027,1034
1027,382
1027,2608
1027,92
1027,1459
1027,3417
1027,2663
708,687
708,2238
708,1560
708,713
708,718
708,719
708,723
708,1028
708,1562
708,732
845,2187
845,1262
845,5822
845,28
845,37
845,38
35,2888
35,181
35,37
35,38
35,713
35,714
35,49
35,54
35,57
35,480
35,1183
35,78
35,188
35,92
35,2774
35,2663
35,5627
2262,2169
2262,1423
2262,4288
2262,2239
2262,4740
2262,1560
2262,47
2262,53
2262,480
2262,376
2262,3400
2262,2762
2262,1434
2262,2276
2262,2774
2262,1483
2262,4585
3390,2347
3390,3391
3390,3393
3390,719
3390,1028
3390,54
3390,3400
3390,3403
3390,2061
3390,1846
36,1008
36,49
36,1028
36,479
36,480
36,1032
36,77
36,190
36,92
36,93
36,103
36,123
3391,2260
3391,3394
3391,3396
3391,3397
3391,66
3391,3400
3391,3403
3391,1294
3391,3412
3391,2640
2595,2588
2595,1286
2595,2242
2595,2255
2595,709
2595,2598
2595,480
2595,65
2595,66
2595,67
2595,3217
2595,1183
2595,3400
2595,1184
2595,189
2595,2605
2595,2608
2595,92
2595,2610
2595,2611
2595,1294
2595,1438
2595,623
2595,2774
2595,4760
2595,220
2263,3388
2263,2242
2263,2248
2263,2252
2263,3390
2263,712
2263,714
2263,719
2263,2056
2263,721
2263,593
2263,2265
2263,732
2263,2281
2263,104
2263,2284
2263,2295
181,28
181,2239
181,2026
181,2594
181,30
181,37
181,38
181,53
181,56
181,66
181,2610
37,28
37,29
37,181
37,38
37,4740
37,2774
38,28
38,29
38,3852
38,30
38,181
38,37
38,4739
38,4740
38,53
38,2774
4739,4167
4739,30
4739,38
4739,3395
4739,3396
4739,3397
4739,480
4739,849
4739,2774
4739,853
5837,5548
5837,5237
5837,3498
5837,3499
5837,3510
5837,3516
5837,3547
5837,4728
5837,838
5837,3844
5837,5626
5837,28
5837,2241
5837,30
5837,3389
5837,4736
5837,3390
5837,3391
5837,181
5837,37
5837,38
5837,4740
5837,846
5837,3393
5837,3394
5837,3395
5837,3397
5837,53
5837,480
5837,60
5837,4741
5837,4303
5837,1433
5837,3400
5837,2762
5837,3402
5837,82
5837,2608
5837,3412
5837,849
5837,193
5837,194
5837,4753
5837,851
5837,4754
5837,853
5837,3654
5837,4421
5837,1463
5837,949
5837,4768
39,3376
39,3377
39,20
39,3391
39,3394
39,57
39,66
39,3400
39,185
39,186
39,3403
39,97
39,1572
40,698
40,20
40,39
40,44
40,713
40,54
40,60
40,65
40,1031
40,381
40,115
3392,4713
3392,26
3392,1179
3392,3391
3392,4740
3392,846
3392,3396
3392,3397
3392,709
3392,714
3392,60
3392,3400
3392,2061
4299,671
4299,4268
4299,4738
4299,37
4299,4740
4299,44
4299,182
4299,3396
4299,713
4299,715
4299,721
4299,49
4299,50
4299,54
4299,184
4299,60
4299,65
4299,66
4299,106
4299,933
3216,41
3216,46
3216,722
3216,50
3216,2598
3216,1028
3216,66
3216,3217
3216,2599
3216,2616
3216,733
3216,195
41,4291
41,49
41,50
41,53
41,66
41,1433
41,1184
41,92
4740,4698
4740,4721
4740,60
4740,66
4740,95
4740,98
4740,3653
1560,2175
1560,1648
1560,2012
1560,584
1560,4290
1560,3388
1560,2238
1560,2240
1560,2242
1560,2243
1560,2028
1560,2249
1560,2031
1560,2256
1560,2034
1560,1559
1560,3850
1560,4299
1560,709
1560,713
1560,2056
1560,593
1560,60
1560,62
1560,2600
1560,1563
1560,92
1560,2615
1560,1439
1560,3411
2596,2347
2596,3373
2596,2412
2596,2455
2596,1432
2596,36
2596,4740
2596,709
2596,721
2596,49
2596,1028
2596,183
2596,60
2596,66
2596,3217
2596,1183
2596,1184
2596,2599
2596,3404
2596,3405
2596,2603
2596,190
2596,92
2596,2610
2596,3406
2596,1189
2596,1449
2596,1198
2596,2475
2596,2641
2596,1772
846,3176
846,806
846,830
846,167
846,838
846,176
846,23
846,5830
846,839
846,3394
846,3395
846,3398
846,60
846,3401
846,185
846,847
846,92
846,848
846,4324
846,849
846,1572
846,851
846,2625
846,854
846,957
846,866
846,1479
846,887
42,672
42,2548
42,351
42,2241
42,45
42,48
42,1028
42,479
42,58
42,480
42,62
42,64
42,376
42,600
42,602
42,607
42,482
42,90
42,381
42,2279
42,616
42,622
42,497
42,498
42,1298
42,4750
42,625
42,2109
42,402
42,754
42,2652
5838,4698
5838,2347
5838,4700
5838,2393
5838,2560
5838,4708
5838,5237
5838,3507
5838,3510
5838,3511
5838,5271
5838,3516
5838,5277
5838,838
5838,2449
5838,1150
5838,2455
5838,1841
5838,1422
5838,1171
5838,1174
5838,28
5838,2018
5838,2241
5838,2045
5838,2761
5838,181
5838,37
5838,38
5838,182
5838,3394
5838,709
5838,713
5838,719
5838,49
5838,54
5838,480
5838,60
5838,594
5838,63
5838,66
5838,68
5838,1031
5838,1183
5838,3400
5838,5842
5838,2762
5838,185
5838,78
5838,1290
5838,2600
5838,89
5838,5844
5838,2603
5838,1292
5838,2605
5838,190
5838,2608
5838,93
5838,2611
5838,1295
5838,98
5838,2613
5838,1434
5838,2273
5838,2615
5838,1928
5838,1438
5838,1188
5838,102
5838,3412
5838,849
5838,2766
5838,105
5838,2903
5838,2904
5838,3234
5838,1572
5838,1580
5838,851
5838,2774
5838,1459
5838,1873
5838,2642
5838,648
5838,1479
43,1
43,155
43,5
43,162
43,3384
43,5807
43,4717
43,5826
43,20
43,703
43,5829
43,27
43,2241
43,2242
43,2027
43,2028
43,2248
43,1430
43,31
43,4738
43,845
43,36
43,3391
43,38
43,4739
43,39
43,40
43,3216
43,41
43,4740
43,1560
43,846
43,44
43,3393
43,3394
43,46
43,709
43,713
43,714
43,719
43,723
43,724
43,49
43,50
43,1028
43,51
43,5839
43,52
43,53
43,54
43,55
43,726
43,56
43,57
43,5840
43,60
43,4741
43,65
43,66
43,68
43,376
43,73
43,1031
43,1032
43,1183
43,3400
43,3401
43,1184
43,2762
43,77
43,3402
43,79
43,1290
43,3403
43,2763
43,83
43,1033
43,87
43,1034
43,88
43,89
43,4746
43,381
43,2058
43,1291
43,188
43,2060
43,2603
43,92
43,1564
43,97
43,2279
43,104
43,1036
43,1572
43,3653
43,2774
43,2479
43,114
43,1314
43,2631
43,1766
43,115
43,118
43,5876
43,1060
43,2319
44,347
44,4717
44,20
44,175
44,929
44,2242
44,39
44,40
44,4299
44,1560
44,46
44,713
44,50
44,53
44,54
44,726
44,56
44,57
44,60
44,3400
44,741
44,936
182,4096
182,2756
182,39
182,44
182,709
182,49
182,50
182,53
182,54
182,726
182,57
182,480
182,60
182,65
182,66
182,67
3393,2343
3393,2239
3393,3390
3393,3391
3393,3394
3393,713
3393,53
3393,726
3393,480
3393,66
3393,67
3393,2457
3393,3400
3393,2762
3393,2610
3393,123
3394,3365
3394,3380
3394,2590
3394,3391
3394,713
3394,54
3394,726
3394,3400
3394,3401
3394,80
3394,186
3394,2608
3394,92
3394,1438
3394,2774
3394,1338
3395,1179
3395,3388
3395,2242
3395,3391
3395,4739
3395,3392
3395,846
3395,3393
3395,3396
3395,3397
3395,709
3395,713
3395,2056
3395,3400
3395,3401
3395,3410
3395,3412
3395,851
3396,1179
3396,845
3396,3391
3396,4739
3396,3393
3396,3394
3396,3397
3396,714
3396,719
3396,480
3396,60
3396,62
3396,3401
3396,3403
3396,92
3396,617
3396,733
3396,2639
3396,131
3397,1179
3397,3389
3397,3390
3397,3391
3397,4739
3397,3392
3397,3393
3397,3396
3397,713
3397,3400
3397,3401
3397,2061
3397,3412
3397,4398
3398,5798
3398,3388
3398,2241
3398,2105
3398,3391
3398,3392
3398,3397
3398,713
3398,719
3398,67
3398,3400
3398,3402
3398,4746
3398,2608
3398,4756
45,3984
45,2221
45,585
45,1168
45,2242
45,713
45,714
45,592
45,49
45,50
45,481
45,60
45,66
45,376
45,4742
45,1031
45,2265
45,601
45,603
45,1842
45,604
45,2266
45,1184
45,482
45,608
45,91
45,2279
45,496
45,1298
45,4750
45,737
45,3123
45,642
46,20
46,40
46,3216
46,44
46,182
46,713
46,714
46,716
46,722
46,49
46,54
46,60
46,66
46,2610
46,141
709,2590
709,1286
709,3388
709,2242
709,2252
709,2761
709,3391
709,3393
709,3395
709,3396
709,3397
709,3398
709,713
709,714
709,719
709,49
709,54
709,57
709,183
709,5840
709,60
709,66
709,67
709,2457
709,1433
709,3401
709,185
709,3403
709,2606
709,93
709,291
709,1579
709,114
709,116
709,757
710,896
710,3984
710,332
710,682
710,684
710,157
710,694
710,5244
710,3646
710,695
710,353
710,354
710,4166
710,355
710,570
710,571
710,4216
710,580
710,702
710,704
710,369
710,584
710,929
710,706
710,1178
710,707
710,42
710,44
710,45
710,711
710,714
710,592
710,718
710,722
710,724
710,49
710,593
710,68
710,728
710,3108
710,376
710,2265
710,601
710,602
710,603
710,1842
710,4304
710,605
710,731
710,2269
710,4308
710,608
710,4309
710,383
710,2058
710,4312
710,1747
710,4329
710,384
710,2768
710,1039
710,392
710,738
710,4369
710,630
710,405
710,1762
710,750
710,2295
710,752
710,1774
710,2298
710,642
710,1775
710,419
710,3262
710,650
710,2303
710,755
710,3271
710,758
710,217
710,665
710,764
711,673
711,2347
711,696
711,2445
711,2241
711,2242
711,3398
711,709
711,714
711,592
711,718
711,59
711,60
711,66
711,376
711,185
711,730
711,1726
711,616
711,733
711,736
2597,713
2597,714
2597,718
2597,719
2597,66
2597,68
2597,2608
2597,736
2597,111
2597,116
712,704
712,713
712,714
712,4762
713,1655
713,695
713,4717
713,702
713,2240
713,2241
713,2242
713,4736
713,4738
713,708
713,44
713,3398
713,45
713,709
713,710
713,712
713,714
713,592
713,719
713,720
713,721
713,722
713,723
713,724
713,49
713,53
713,57
713,183
713,593
713,60
713,66
713,2264
713,376
713,598
713,2265
713,3400
713,2058
713,1437
713,733
713,737
713,2774
714,695
714,702
714,27
714,2239
714,2242
714,3393
714,3394
714,46
714,709
714,713
714,715
714,716
714,717
714,718
714,719
714,2056
714,721
714,723
714,724
714,52
714,53
714,54
714,726
714,57
714,183
714,60
714,66
714,67
714,3400
714,1291
714,617
714,733
714,742
714,2072
715,2241
715,708
715,3390
715,2263
715,44
715,709
715,713
715,716
715,717
715,719
715,722
715,49
715,50
715,54
715,726
715,184
715,66
715,1290
715,745
716,4697
716,2242
716,3391
716,718
716,2056
592,1103
592,575
592,2445
592,368
592,1150
592,1423
592,1172
592,1424
592,1173
592,1283
592,2025
592,2241
592,2242
592,2027
592,2258
592,2051
592,2054
592,3391
592,3394
592,3398
592,45
592,709
592,713
592,714
592,716
592,718
592,719
592,721
592,48
592,54
592,1030
592,3108
592,376
592,2265
592,601
592,604
592,605
592,2266
592,729
592,1433
592,1183
592,3400
592,2762
592,381
592,4308
592,608
592,2270
592,609
592,1435
592,2274
592,616
592,617
592,618
592,1852
592,1855
592,1857
592,1437
592,1039
592,2289
592,3123
592,424
592,657
592,436
717,1287
717,2241
717,3391
717,709
717,712
717,713
717,715
717,719
717,721
717,722
717,723
717,49
717,50
717,60
717,4741
717,66
717,2600
717,739
717,745
718,4291
718,2238
718,2241
718,4298
718,4740
718,709
718,713
718,715
718,717
718,723
718,1028
718,60
718,66
718,1030
718,376
718,1290
718,2058
718,4312
718,92
718,1301
718,4363
718,753
719,4717
719,3388
719,2241
719,3391
719,44
719,3393
719,3394
719,3398
719,709
719,713
719,714
719,716
719,2056
719,721
719,50
719,1028
719,57
719,183
719,60
719,3403
719,2608
719,1437
719,3412
719,733
719,759
2056,2022
2056,3388
2056,2238
2056,2240
2056,2242
2056,2256
2056,2045
2056,2049
2056,2055
2056,3391
2056,3394
2056,709
2056,713
2056,716
2056,719
2056,47
2056,48
2056,3400
2056,2285
2056,746
2056,749
720,3397
720,709
720,2597
720,713
720,714
720,716
720,718
720,719
720,2056
720,1028
720,742
720,4765
721,2355
721,4736
721,45
721,709
721,713
721,719
721,185
722,687
722,2017
722,2240
722,41
722,46
722,709
722,2597
722,713
722,714
722,715
722,717
722,721
722,47
722,48
722,58
722,4741
722,65
722,66
722,68
722,732
722,105
723,708
723,3394
723,713
723,716
723,718
723,719
723,2265
723,730
47,2049
47,4740
47,709
47,712
47,713
47,714
47,719
47,2056
47,721
47,722
47,723
47,48
47,50
47,480
47,60
47,65
47,74
47,2763
47,2060
47,2774
48,4724
48,2242
48,2055
48,4740
48,709
48,712
48,714
48,592
48,2056
48,721
48,722
48,723
48,47
48,50
48,54
48,60
48,2270
48,2060
724,697
724,2241
724,2242
724,4740
724,3394
724,3395
724,3398
724,709
724,713
724,714
724,719
724,57
724,593
724,60
724,62
724,4741
724,66
724,601
724,3400
724,730
724,2267
724,3402
724,92
724,4324
724,2279
724,736
724,2774
724,1764
724,123
724,4765
49,44
49,3394
49,709
49,713
49,714
49,50
49,52
49,54
49,726
49,56
49,57
49,60
49,66
49,376
49,2265
49,1183
49,1184
49,185
49,4744
49,190
49,2608
49,92
49,496
49,497
49,937
49,4421
50,4733
50,4299
50,41
50,3398
50,45
50,709
50,713
50,714
50,592
50,718
50,49
50,725
50,2598
50,1028
50,374
50,55
50,726
50,480
50,184
50,60
50,66
50,67
50,376
50,1031
50,2265
50,3400
50,91
50,92
50,2610
50,97
50,2615
50,616
50,1852
50,1856
50,1437
50,498
50,1036
50,1043
50,1047
50,1048
50,2774
725,3393
725,49
725,50
725,725
725,53
725,66
725,70
2598,1286
2598,4739
2598,2596
2598,713
2598,722
2598,49
2598,50
2598,726
2598,58
2598,480
2598,65
2598,66
2598,68
2598,3400
2598,2600
2598,187
2598,2603
2598,1295
2598,617
2598,4372
1028,1169
1028,28
1028,2242
1028,2031
1028,2051
1028,36
1028,4740
1028,592
1028,718
1028,47
1028,49
1028,50
1028,726
1028,57
1028,480
1028,66
1028,376
1028,74
1028,3217
1028,1031
1028,1032
1028,4303
1028,1183
1028,1184
1028,1033
1028,87
1028,1034
1028,1035
1028,91
1028,2608
1028,92
1028,1435
1028,1857
1028,2064
1028,1301
1028,1036
1028,391
1028,399
1028,4368
1028,1041
1028,1043
1028,1044
1028,1046
1028,1060
1028,4539
374,45
374,48
374,50
374,2598
374,66
374,68
374,376
374,744
479,19
479,28
479,2761
479,41
479,4740
479,53
479,726
479,56
479,60
479,1032
479,3218
479,92
479,4343
479,498
479,123
479,2639
51,4225
51,20
51,25
51,2758
51,27
51,1027
51,36
51,4299
51,3216
51,43
51,44
51,182
51,46
51,713
51,722
51,724
51,49
51,50
51,2598
51,374
51,479
51,4300
51,52
51,53
51,54
51,726
51,56
51,57
51,184
51,4301
51,4302
51,5840
51,60
51,594
51,70
51,74
51,3217
51,1031
51,1032
51,76
51,1184
51,80
51,1563
51,187
51,83
51,483
51,484
51,1033
51,87
51,1034
51,1035
51,88
51,90
51,611
51,4324
51,192
51,487
51,488
51,295
51,494
51,497
51,5853
51,5854
51,3221
51,386
51,195
51,5857
51,1036
51,1037
51,1038
51,739
51,4367
51,107
51,743
51,399
51,4368
51,400
51,506
51,1044
51,108
51,4371
51,4373
51,112
51,113
51,116
51,4413
51,120
51,519
51,5876
51,1052
51,425
51,4580
51,761
5839,5829
5839,4291
5839,2025
5839,2241
5839,1427
5839,593
5839,62
5839,64
5839,1183
5839,78
5839,190
5839,92
5839,3407
5839,2278
5839,2615
5839,103
5839,5854
5839,2639
1561,4215
1561,4291
1561,2025
1561,2238
1561,2241
1561,1559
1561,1560
1561,47
1561,1562
1561,59
1561,2762
1561,187
1561,2279
1561,3571
1561,4392
1562,1286
1562,2238
1562,2026
1562,2241
1562,2242
1562,2248
1562,2030
1562,2033
1562,2039
1562,1559
1562,2261
1562,3850
1562,3390
1562,4740
1562,1560
1562,713
1562,718
1562,722
1562,50
1562,1561
1562,1183
1562,185
1562,1563
1562,2763
1562,485
1562,1439
1562,1565
1562,3411
1562,1297
1562,1301
1562,1569
1562,1573
1562,1575
1562,1584
1562,1613
4300,92
4300,2619
4300,4373
52,692
52,14
52,4717
52,929
52,41
52,44
52,46
52,713
52,719
52,722
52,724
52,49
52,53
52,54
52,726
52,56
52,57
52,60
53,2377
53,3393
53,479
53,52
53,726
53,56
53,57
53,60
53,3400
53,78
53,80
53,92
53,102
53,1572
53,2774
53,123
54,4717
54,20
54,1840
54,2241
54,1430
54,31
54,4738
54,36
54,39
54,40
54,3216
54,41
54,4740
54,1560
54,43
54,44
54,3394
54,46
54,709
54,712
54,713
54,716
54,2056
54,722
54,49
54,50
54,2598
54,1028
54,52
54,53
54,55
54,726
54,56
54,57
54,5840
54,60
54,4741
54,66
54,376
54,1031
54,1032
54,1183
54,3400
54,1184
54,2762
54,1290
54,2763
54,1033
54,88
54,89
54,381
54,188
54,2603
54,190
54,2608
54,92
54,2610
54,1564
54,97
54,2279
54,103
54,104
54,1455
54,2631
54,751
54,1766
54,115
54,1208
55,3
55,4
55,4717
55,2260
55,35
55,3394
55,46
55,713
55,49
55,1028
55,53
55,54
55,726
55,57
55,480
55,60
55,1183
55,1184
55,80
55,188
55,92
55,2774
55,3765
726,813
726,4053
726,3388
726,30
726,41
726,3393
726,3394
726,709
726,713
726,714
726,718
726,719
726,49
726,52
726,53
726,54
726,56
726,57
726,58
726,480
726,60
726,1183
726,92
726,3409
726,2774
726,4760
726,1873
726,2663
56,3391
56,4740
56,3393
56,3394
56,3395
56,49
56,1028
56,479
56,52
56,53
56,726
56,57
56,60
56,76
56,3401
56,80
56,190
56,101
56,2639
56,137
56,144
57,20
57,29
57,49
57,52
57,53
57,726
57,56
57,60
57,66
57,71
57,3400
57,185
57,3402
57,79
57,82
57,2608
57,92
57,2613
58,589
58,713
58,722
58,49
58,726
58,66
58,603
58,2279
58,616
480,5566
480,2756
480,927
480,4254
480,36
480,4740
480,3395
480,49
480,53
480,56
480,57
480,60
480,1032
480,4303
480,1033
480,1035
480,2061
480,495
480,496
480,1036
480,2774
480,5651
481,4191
481,45
481,713
481,49
481,50
481,4300
481,593
481,59
481,60
481,2265
481,602
481,1842
481,3400
481,482
481,484
481,613
481,104
481,487
481,496
481,106
481,633
481,937
481,518
481,519
183,2343
183,3367
183,173
183,1177
183,3388
183,41
183,846
183,3394
183,3395
183,3398
183,709
183,713
183,719
183,49
183,725
183,479
183,53
183,54
183,56
183,480
183,184
183,60
183,62
183,66
183,3399
183,2457
183,1183
183,2608
183,1926
183,2279
183,1936
183,487
183,2287
183,128
184,1287
184,2238
184,2028
184,3391
184,41
184,1560
184,44
184,182
184,3397
184,713
184,715
184,49
184,50
184,53
184,54
184,60
184,65
184,66
184,3400
184,92
184,2610
184,1294
184,1435
184,4367
184,2644
184,2650
593,560
593,1403
593,835
593,4249
593,587
593,589
593,590
593,1175
593,1176
593,1177
593,4291
593,2025
593,2242
593,2252
593,4297
593,2263
593,1560
593,709
593,724
593,480
593,184
593,60
593,594
593,4741
593,595
593,2265
593,601
593,602
593,2266
593,730
593,2267
593,1843
593,2106
593,2468
593,2284
593,4352
593,2295
593,116
593,2139
593,2080
4301,4223
4301,4225
4301,23
4301,4738
4301,2761
4301,709
4301,4302
4301,4741
4302,2708
4302,845
4302,4365
4302,4421
4302,4422
4302,4458
5840,5826
5840,21
5840,846
5840,4301
5840,4302
5840,4741
5840,851
59,3071
59,4225
59,584
59,2025
59,4740
59,3393
59,481
59,183
59,593
59,60
59,595
59,2265
59,187
59,3333
59,1568
59,1575
60,4698
60,2343
60,2347
60,2180
60,3071
60,3373
60,2412
60,4717
60,4225
60,5826
60,2445
60,20
60,4249
60,2454
60,1168
60,1171
60,1175
60,1176
60,2241
60,2242
60,2244
60,2040
60,1559
60,845
60,37
60,38
60,4739
60,4740
60,1560
60,846
60,3393
60,3394
60,3395
60,709
60,712
60,713
60,714
60,719
60,2056
60,722
60,724
60,49
60,50
60,479
60,1561
60,53
60,54
60,726
60,56
60,57
60,58
60,480
60,481
60,184
60,593
60,4301
60,4302
60,5840
60,4741
60,63
60,66
60,376
60,4742
60,2265
60,602
60,1433
60,1183
60,3400
60,2762
60,2763
60,4307
60,485
60,3218
60,2459
60,90
60,92
60,3406
60,4324
60,2466
60,2615
60,2279
60,1439
60,3411
60,103
60,2767
60,503
60,4355
60,851
60,2774
60,937
60,2639
60,4525
60,980
61,2343
61,896
61,2347
61,829
61,4225
61,5826
61,4226
61,4238
61,929
61,2248
61,4299
61,1560
61,846
61,182
61,3395
61,50
61,51
61,1561
61,4300
61,52
61,53
61,726
61,57
61,480
61,481
61,183
61,593
61,4301
61,4302
61,5840
61,59
61,60
61,62
61,594
61,4741
61,63
61,64
61,66
61,376
61,2265
61,76
61,2600
61,2608
61,290
61,2468
61,5854
61,4367
61,408
61,114
61,937
61,4458
62,559
62,5826
62,842
62,588
62,4291
62,2025
62,2051
62,42
62,48
62,1028
62,479
62,480
62,183
62,184
62,593
62,59
62,60
62,63
62,66
62,70
62,1183
62,1184
62,2599
62,377
62,2600
62,2459
62,90
62,381
62,4308
62,2602
62,2604
62,190
62,2610
62,98
62,3407
62,1747
62,2616
62,4348
62,4757
62,123
62,2639
62,3419
594,1242
594,1262
594,3510
594,3511
594,4249
594,2025
594,2242
594,38
594,46
594,713
594,722
594,2598
594,593
594,60
594,2265
594,2466
594,2284
594,4381
4741,846
4741,709
4741,60
4741,3406
4741,4766
63,4738
63,57
63,60
63,69
63,2600
63,2608
595,2216
595,700
595,4233
595,1171
595,1172
595,1176
595,1177
595,3388
595,2025
595,2242
595,2027
595,2248
595,2255
595,4731
595,2054
595,1560
595,846
595,3394
595,3395
595,3396
595,722
595,723
595,50
595,480
595,481
595,184
595,593
595,2265
595,602
595,3218
595,610
595,2279
595,1726
595,1936
595,1854
595,620
595,1439
595,1567
595,636
64,559
64,2240
64,184
64,62
64,63
64,1033
64,381
64,190
64,92
64,2615
64,1567
64,1037
64,3417
65,2239
65,2240
65,2241
65,2242
65,713
65,719
65,721
65,49
65,50
65,2598
65,60
65,594
65,66
65,4323
65,2615
65,105
66,2347
66,2537
66,1519
66,3711
66,1533
66,3060
66,2412
66,4717
66,1403
66,2221
66,1269
66,2588
66,4276
66,2233
66,4284
66,3849
66,4285
66,4286
66,3388
66,2239
66,2241
66,2242
66,2031
66,2260
66,4732
66,4734
66,3564
66,3850
66,3852
66,2262
66,3216
66,4740
66,44
66,3393
66,3394
66,3395
66,709
66,2597
66,712
66,714
66,722
66,49
66,50
66,725
66,1562
66,53
66,56
66,57
66,183
66,184
66,60
66,4741
66,63
66,67
66,69
66,1030
66,376
66,3217
66,1031
66,603
66,76
66,1433
66,1183
66,3400
66,2762
66,185
66,2458
66,78
66,79
66,80
66,1290
66,2600
66,1563
66,83
66,89
66,189
66,2603
66,2605
66,2607
66,91
66,190
66,2608
66,92
66,95
66,97
66,98
66,2613
66,609
66,2462
66,1435
66,2463
66,2615
66,1845
66,1850
66,1851
66,618
66,1852
66,1932
66,1855
66,1858
66,1437
66,1438
66,4327
66,2280
66,3411
66,1188
66,102
66,103
66,496
66,2621
66,1572
66,1573
66,1576
66,1583
66,1584
66,1944
66,2906
66,3243
66,2290
66,1314
66,2631
66,2638
66,4443
66,2644
66,3250
66,2664
66,3123
66,3125
66,3126
66,4467
66,1475
66,1487
66,3783
66,1615
66,145
66,2515
67,3378
67,4272
67,589
67,1287
67,2593
67,2260
67,3393
67,3395
67,709
67,2597
67,713
67,714
67,717
67,719
67,49
67,479
67,183
67,62
67,66
67,2265
67,3400
67,3401
67,2458
67,3403
67,3219
67,3405
67,1292
67,2606
67,92
67,97
67,1294
67,3406
67,3407
67,2615
67,1745
67,1438
67,3411
67,103
67,1299
67,2474
67,1315
67,1320
67,3417
67,2660
67,2663
67,3419
68,1275
68,1286
68,2252
68,846
68,709
68,722
68,50
68,65
68,66
68,2607
68,92
68,93
68,2610
68,95
68,1745
727,695
727,3331
727,1153
727,1167
727,1169
727,1170
727,3388
727,2027
727,1432
727,3391
727,3393
727,3396
727,3397
727,46
727,709
727,714
727,716
727,57
727,60
727,1183
727,3401
727,3403
727,1291
727,92
727,3409
727,1435
727,1437
727,1438
727,3414
727,3855
728,671
728,695
728,2242
728,45
728,709
728,713
728,719
728,60
728,3400
2264,5042
2264,702
2264,703
2264,4249
2264,707
2264,45
2264,710
2264,713
2264,714
2264,719
2264,724
2264,49
2264,593
2264,66
2264,67
2264,598
2264,2265
2264,601
2264,1842
2264,2600
2264,619
2264,734
2264,5852
2264,630
2264,747
2264,2298
2264,755
2264,756
2264,427
2264,2506
596,1651
596,3208
596,366
596,586
596,2242
596,1560
596,714
596,376
596,2265
596,600
596,601
596,602
596,603
596,3400
596,2279
596,1726
596,616
596,617
596,1740
596,1857
596,1747
596,733
596,195
596,395
596,1868
596,1871
596,116
69,2347
69,5058
69,3391
69,39
69,3216
69,846
69,3398
69,56
69,57
69,60
69,63
69,1433
69,185
69,78
69,4745
1029,1024
1029,2241
1029,2051
1029,1432
1029,47
1029,49
1029,50
1029,1028
1029,374
1029,66
1029,1030
1029,74
1029,3217
1029,1031
1029,1032
1029,185
1029,2763
1029,381
1029,192
1029,388
1029,2288
1030,540
1030,2220
1030,2010
1030,4291
1030,2238
1030,2242
1030,2249
1030,2051
1030,2052
1030,708
1030,713
1030,592
1030,49
1030,1028
1030,66
1030,376
1030,3217
1030,1184
1030,83
1030,2064
1030,4360
1030,4374
1030,3250
1030,3251
1030,1068
375,2250
375,45
375,50
375,1028
375,479
375,66
375,1029
375,376
375,1031
375,381
375,2270
375,616
375,618
375,4329
375,3225
375,4442
375,2639
375,4445
70,4255
70,36
70,49
70,1028
70,60
70,62
70,1183
70,92
70,107
70,4373
70,123
70,2663
597,539
597,546
597,569
597,570
597,571
597,42
597,481
597,2265
597,600
597,603
597,605
597,1183
597,482
597,608
597,2279
597,616
597,1732
597,619
597,2281
597,2282
597,392
597,626
597,398
3108,45
3108,592
3108,718
3108,50
3108,63
3108,68
3108,376
3108,3217
3108,1031
3108,1290
3108,381
3108,609
3108,1851
3108,616
3108,1852
3108,1858
3108,1859
3108,2616
3108,2289
3108,1050
3108,1601
3108,3258
3108,1214
3108,424
3108,3265
71,846
71,50
71,53
71,55
71,726
71,57
71,66
71,68
71,78
71,79
71,82
71,2613
71,2276
72,3
72,14
72,5237
72,20
72,28
72,37
72,38
72,714
72,54
72,57
72,1183
72,3400
72,78
72,117
72,223
3399,2347
3399,2412
3399,3374
3399,1126
3399,2433
3399,2227
3399,1148
3399,589
3399,2454
3399,3387
3399,1169
3399,1171
3399,1177
3399,3394
3399,1561
3399,480
3399,593
3399,60
3399,62
3399,4741
3399,64
3399,2457
3399,1183
3399,2599
3399,3218
3399,2459
3399,2601
3399,1715
3399,190
3399,3406
3399,291
3399,1926
3399,2466
3399,1751
3399,3333
3399,1188
3399,4750
3399,4364
3399,123
3399,2639
3399,3250
3399,2126
376,3596
376,2347
376,4700
376,347
376,259
376,353
376,4159
376,365
376,369
376,1168
376,1424
376,1177
376,4291
376,2238
376,2241
376,2242
376,2245
376,2051
376,2052
376,40
376,45
376,713
376,719
376,723
376,49
376,1028
376,60
376,1031
376,1032
376,1183
376,1184
376,2762
376,2599
376,2458
376,3403
376,83
376,2459
376,2601
376,381
376,290
376,2464
376,2278
376,2615
376,1855
376,1857
376,1437
376,2616
376,2469
376,384
376,735
376,496
376,386
376,296
376,198
376,298
376,395
376,4368
376,405
376,1774
376,448
73,5574
73,4225
73,1171
73,28
73,34
73,40
73,2596
73,846
73,3393
73,3395
73,53
73,183
73,60
73,76
73,3400
73,3401
73,93
73,3406
73,100
73,2615
73,3412
73,194
2457,1915
2457,2454
2457,2239
2457,2028
2457,2262
2457,3394
2457,709
2457,60
2457,67
2457,73
2457,3400
2457,3406
2457,3407
2457,2061
2457,1857
2457,2287
4742,2347
4742,5260
4742,3511
4742,4826
4742,5806
4742,4716
4742,5824
4742,2449
4742,589
4742,2454
4742,3388
4742,2241
4742,30
4742,182
4742,67
4742,376
4742,2457
4742,1183
4742,185
4742,190
4742,2609
4742,3406
4742,1926
4742,1857
4742,1749
4742,1188
4742,2619
4742,2474
4742,200
4742,2128
4742,2679
74,18
74,1151
74,2016
74,3848
74,4291
74,2239
74,2240
74,2241
74,3850
74,1432
74,3853
74,3391
74,4739
74,722
74,1028
74,1032
74,1433
74,1183
74,3400
74,1184
74,1035
74,189
74,4323
74,1438
74,849
74,195
74,3235
74,1038
74,1572
74,3855
74,1458
74,3856
74,2774
74,1469
74,1058
74,3865
3217,3206
3217,2052
3217,4299
3217,3393
3217,45
3217,722
3217,49
3217,1028
3217,726
3217,480
3217,376
3217,74
3217,1031
3217,1032
3217,4303
3217,1183
3217,1184
3217,83
3217,84
3217,87
3217,1034
3217,91
3217,2610
3217,97
3217,2616
3217,2765
3217,4344
3217,4750
3217,195
3217,3224
3217,1036
3217,3238
3217,4368
3217,1042
3217,2774
3217,3242
3217,3246
3217,3247
3217,4413
1031,4161
1031,1021
1031,361
1031,1025
1031,1168
1031,45
1031,49
1031,50
1031,1028
1031,480
1031,376
1031,3217
1031,1563
1031,2763
1031,495
1031,496
1031,386
1031,5857
1032,4182
1032,1167
1032,1169
1032,2255
1032,4731
1032,36
1032,709
1032,49
1032,1028
1032,479
1032,480
1032,4303
1032,1183
1032,1184
1032,77
1032,2763
1032,1033
1032,87
1032,381
1032,92
1032,2279
1032,2064
1032,489
1032,492
1032,1036
1032,399
1032,1060
1032,1061
1032,1066
4303,152
4303,2711
4303,4719
4303,2756
4303,4728
4303,4254
4303,1180
4303,4736
4303,4738
4303,480
4303,4741
4303,2762
4303,1033
4303,87
4303,4317
4303,496
4303,1036
4303,4355
4303,2774
4303,2777
75,5058
75,26
75,4736
75,37
75,38
75,721
75,1028
75,53
75,57
75,60
75,63
75,66
75,69
75,1433
75,1183
75,3400
75,78
75,82
75,2608
75,92
75,2765
75,223
598,546
598,555
598,4717
598,569
598,571
598,573
598,835
598,580
598,2229
598,2104
598,1168
598,1171
598,3388
598,4291
598,2242
598,2027
598,4297
598,600
598,603
598,1842
598,4304
598,605
598,2266
598,608
598,4315
598,2615
598,2279
598,1861
598,619
598,4327
598,624
598,1199
2265,4005
2265,4215
2265,835
2265,4253
2265,585
2265,588
2265,3388
2265,2242
2265,4297
2265,42
2265,45
2265,713
2265,714
2265,592
2265,724
2265,49
2265,593
2265,60
2265,4741
2265,595
2265,4742
2265,598
2265,600
2265,601
2265,603
2265,4304
2265,2266
2265,608
2265,2279
2265,4327
2265,4352
2265,4354
2265,1764
2265,4404
2265,646
2265,868
2265,658
599,2351
599,554
599,5815
599,565
599,2221
599,569
599,577
599,4233
599,4234
599,582
599,4249
599,583
599,4258
599,584
599,585
599,586
599,4278
599,588
599,4281
599,589
599,2233
599,1175
599,1176
599,2029
599,4297
599,2263
599,42
599,45
599,592
599,721
599,481
599,593
599,596
599,597
599,2265
599,601
599,602
599,603
599,1842
599,4304
599,604
599,605
599,2266
599,730
599,731
599,2267
599,607
599,4308
599,608
599,289
599,609
599,4315
599,612
599,613
599,614
599,616
599,619
599,4327
599,4330
599,2281
599,4334
599,4335
599,2284
599,2285
599,623
599,4352
599,625
599,4354
599,626
599,1868
599,1871
599,2109
599,631
599,636
599,5868
599,637
599,2297
599,644
599,652
600,2354
600,2005
600,2221
600,4233
600,2016
600,2018
600,3388
600,2238
600,2240
600,2241
600,2242
600,2028
600,2248
600,2033
600,845
600,2263
600,713
600,48
600,595
600,598
600,2266
600,381
600,2278
600,2279
600,1855
600,1747
600,622
600,2114
600,2080
600,5738
601,2347
601,555
601,3646
601,4258
601,2241
601,2242
601,1560
601,714
601,49
601,1562
601,54
601,481
601,60
601,597
601,2265
601,600
601,603
601,1842
601,605
601,2266
601,3400
601,482
601,608
601,613
601,2279
601,1730
601,103
601,1039
601,736
601,2473
601,392
601,398
601,634
601,635
601,652
601,1069
602,545
602,2181
602,567
602,4291
602,2025
602,2242
602,2252
602,1560
602,45
602,722
602,481
602,593
602,596
602,2265
602,600
602,2266
602,2600
602,289
602,612
602,2106
602,1726
602,617
602,1857
602,1747
602,620
602,4330
602,2107
602,4405
603,160
603,2220
603,566
603,4272
603,2242
603,42
603,592
603,58
603,597
603,376
603,3217
603,2265
603,2599
603,185
603,607
603,616
603,4330
603,622
603,1298
603,2109
603,4413
603,2297
1842,1417
1842,2242
1842,4740
1842,45
1842,50
1842,54
1842,66
1842,598
1842,2265
1842,601
1842,2266
1842,3409
1842,4750
1842,4751
1842,2774
1842,132
4304,580
4304,588
4304,2242
4304,45
4304,717
4304,68
4304,598
4304,2265
4304,1842
4304,620
604,45
604,592
604,50
604,481
604,184
604,2265
604,1842
604,605
604,730
604,608
605,2212
605,580
605,2237
605,2238
605,2242
605,2027
605,2258
605,592
605,48
605,2265
605,600
605,601
605,2266
605,608
605,2060
605,2271
605,1855
2266,2351
2266,2354
2266,565
2266,2221
2266,2592
2266,3388
2266,2242
2266,38
2266,480
2266,2265
2266,600
2266,1842
2266,1184
2266,731
2266,849
2266,631
2266,931
2266,4590
729,2239
729,713
729,592
729,50
729,731
729,738
729,2071
4305,701
4305,288
4305,2252
4305,2258
4305,4736
4305,3396
4305,709
4305,714
4305,721
4305,183
4305,376
4305,1031
4305,601
4305,2762
4305,482
4305,1185
4305,379
4305,290
4305,3333
4305,4749
4305,491
4305,501
4305,391
4305,392
4305,299
4305,4355
4305,1044
4305,511
4305,412
4305,307
4305,308
4305,522
4305,523
4305,309
4305,4433
4305,2639
4305,4564
76,2761
76,36
76,4739
76,4740
76,56
76,60
76,1183
76,3401
76,80
76,190
76,2765
1433,2347
1433,1376
1433,5532
1433,1401
1433,1167
1433,1168
1433,1171
1433,1173
1433,3848
1433,4289
1433,2239
1433,2241
1433,2242
1433,844
1433,4732
1433,4735
1433,1430
1433,1432
1433,3852
1433,4738
1433,2262
1433,55
1433,1183
1433,3400
1433,4744
1433,1290
1433,2600
1433,2763
1433,1434
1433,4320
1433,2279
1433,1854
1433,1857
1433,1438
1433,1439
1433,3411
1433,1440
1433,103
1433,2766
1433,194
1433,3652
1433,1574
1433,1451
1433,1459
1433,1460
1433,2293
1433,3119
1433,3123
1433,1464
1433,1778
1433,1474
1433,870
1433,1486
1433,1499
1183,2393
1183,3060
1183,5075
1183,3622
1183,1119
1183,1125
1183,4200
1183,4255
1183,1144
1183,2227
1183,1153
1183,1158
1183,1161
1183,3387
1183,1165
1183,1168
1183,1170
1183,1171
1183,1175
1183,1179
1183,1180
1183,1181
1183,2025
1183,2239
1183,2241
1183,2242
1183,2035
1183,2260
1183,1430
1183,2594
1183,1432
1183,3389
1183,4740
1183,2596
1183,709
1183,49
1183,183
1183,66
1183,73
1183,3217
1183,76
1183,1184
1183,2762
1183,2600
1183,2763
1183,83
1183,483
1183,3218
1183,189
1183,3404
1183,2602
1183,91
1183,190
1183,92
1183,93
1183,2273
1183,2276
1183,1187
1183,1189
1183,4340
1183,2766
1183,496
1183,297
1183,1445
1183,1574
1183,1575
1183,1579
1183,3855
1183,1202
1183,123
1183,127
1183,3426
1183,1227
3400,2161
3400,3365
3400,2347
3400,4702
3400,4708
3400,5146
3400,3385
3400,4167
3400,2587
3400,2227
3400,26
3400,3331
3400,1419
3400,1167
3400,1168
3400,1169
3400,1170
3400,1172
3400,179
3400,5835
3400,1430
3400,3852
3400,30
3400,3389
3400,3391
3400,3392
3400,846
3400,3394
3400,3395
3400,3396
3400,3397
3400,713
3400,719
3400,721
3400,49
3400,53
3400,57
3400,480
3400,60
3400,76
3400,1183
3400,3401
3400,1184
3400,2762
3400,2599
3400,186
3400,1290
3400,3403
3400,1291
3400,3219
3400,848
3400,2273
3400,1435
3400,3410
3400,1438
3400,2280
3400,3412
3400,851
3400,3414
3400,2774
3400,1461
3400,3664
3400,5894
3400,3432
3567,2347
3567,5484
3567,3499
3567,3510
3567,3511
3567,5802
3567,5805
3567,4717
3567,5809
3567,4167
3567,1404
3567,2452
3567,1168
3567,4291
3567,2239
3567,2241
3567,2242
3567,2027
3567,2028
3567,2246
3567,2029
3567,2038
3567,5293
3567,44
3567,45
3567,49
3567,1028
3567,54
3567,480
3567,593
3567,66
3567,376
3567,3217
3567,1031
3567,598
3567,2265
3567,599
3567,1433
3567,1184
3567,2762
3567,185
3567,4744
3567,5843
3567,189
3567,2608
3567,293
3567,2106
3567,2615
3567,2279
3567,1849
3567,1740
3567,1936
3567,1854
3567,1857
3567,1438
3567,1750
3567,3411
3567,103
3567,849
3567,2766
3567,496
3567,2774
3567,5872
3567,2908
3567,2910
3567,3123
3567,2912
3567,1464
3567,5880
3567,3761
3567,5888
3567,2813
3567,873
5841,896
5841,2347
5841,2354
5841,2355
5841,5800
5841,3319
5841,4167
5841,169
5841,924
5841,1678
5841,4225
5841,4226
5841,4251
5841,3329
5841,2227
5841,2759
5841,1149
5841,1167
5841,1173
5841,1177
5841,1178
5841,1180
5841,4284
5841,2239
5841,2241
5841,4734
5841,4738
5841,45
5841,712
5841,713
5841,592
5841,49
5841,58
5841,593
5841,60
5841,376
5841,4303
5841,2265
5841,603
5841,605
5841,1433
5841,3400
5841,2762
5841,185
5841,2458
5841,1290
5841,485
5841,2459
5841,4308
5841,608
5841,4309
5841,92
5841,4318
5841,4321
5841,1926
5841,2106
5841,2279
5841,1738
5841,1739
5841,1857
5841,1438
5841,2280
5841,3333
5841,3411
5841,1440
5841,849
5841,1189
5841,2765
5841,4335
5841,2766
5841,496
5841,2767
5841,4346
5841,4347
5841,196
5841,626
5841,4355
5841,1446
5841,1573
5841,1574
5841,1944
5841,3653
5841,854
5841,933
5841,3654
5841,4403
5841,3655
5841,2779
5841,4427
5841,4429
5841,309
5841,528
5841,2641
5841,1464
5841,953
5841,985
5841,3676
3401,4702
3401,3380
3401,1144
3401,1414
3401,3389
3401,3391
3401,4740
3401,3393
3401,3394
3401,3395
3401,3396
3401,3397
3401,713
3401,719
3401,56
3401,480
3401,73
3401,76
3401,3400
3401,3403
3401,1291
3401,92
3401,3406
3401,4325
3401,1438
3401,733
3401,3228
3401,2639
5842,4698
5842,2347
5842,4708
5842,929
5842,2455
5842,1174
5842,28
5842,2018
5842,2241
5842,181
5842,37
5842,38
5842,182
5842,3394
5842,709
5842,713
5842,480
5842,68
5842,1183
5842,3400
5842,78
5842,2603
5842,190
5842,2608
5842,92
5842,2613
5842,1438
5842,2903
5842,2904
5842,1572
5842,851
5842,3653
5842,2774
5842,4766
1184,5234
1184,167
1184,3206
1184,3207
1184,171
1184,26
1184,3845
1184,3331
1184,1421
1184,1179
1184,1180
1184,4291
1184,2260
1184,1432
1184,5293
1184,4739
1184,41
1184,3394
1184,709
1184,49
1184,1028
1184,480
1184,376
1184,74
1184,3217
1184,1031
1184,1032
1184,1183
1184,3400
1184,185
1184,83
1184,1033
1184,189
1184,2608
1184,3409
1184,3410
1184,4319
1184,1437
1184,1438
1184,3223
1184,3225
1184,5856
1184,3227
1184,3228
1184,3230
1184,3232
1184,3234
1184,3235
1184,198
1184,3237
1184,3238
1184,2774
1184,3241
1184,3243
1184,112
1184,3248
1184,4421
1184,2644
1184,3250
1184,2651
1184,3254
1184,1464
1184,207
1184,3260
1184,2919
1184,148
2762,2700
2762,2701
2762,3950
2762,3380
2762,477
2762,1403
2762,4238
2762,2758
2762,1148
2762,1167
2762,1168
2762,1171
2762,4736
2762,182
2762,480
2762,481
2762,2265
2762,1184
2762,2599
2762,4744
2762,2763
2762,89
2762,4308
2762,1188
2762,930
2762,4340
2762,2766
2762,4342
2762,4343
2762,495
2762,496
2762,497
2762,2767
2762,2768
2762,2771
2762,1443
2762,4355
2762,1450
2762,851
2762,4755
2762,854
2762,934
2762,3654
2762,3655
2762,936
2762,2779
2762,4418
2762,4421
2762,4422
2762,4423
2762,4424
2762,5872
2762,4429
2762,2805
2762,4458
2762,2813
2762,213
2762,2822
2762,4623
2762,5635
2762,2833
4743,3
4743,845
4743,2262
4743,39
4743,709
4743,49
4743,480
4743,66
4743,4303
4743,1183
4743,1184
4743,2763
4743,89
4743,1434
4743,2273
4743,2765
4743,193
4743,2774
2599,3991
2599,358
2599,373
2599,4291
2599,2241
2599,1028
2599,480
2599,66
2599,4742
2599,2265
2599,1183
2599,2762
2599,2458
2599,2459
2599,2601
2599,2606
2599,2608
2599,2615
2599,1854
2599,1857
2599,4339
2599,4341
2599,2767
2599,1443
2599,3232
2599,3234
2599,521
2599,4432
2599,2639
2599,4449
2599,2147
2599,4626
185,2347
185,152
185,3
185,169
185,698
185,699
185,4225
185,4727
185,175
185,26
185,2241
185,180
185,5293
185,4739
185,39
185,1560
185,44
185,713
185,49
185,53
185,54
185,726
185,57
185,60
185,66
185,376
185,1032
185,1433
185,3400
185,1184
185,2762
185,2458
185,4744
185,1290
185,2600
185,1563
185,190
185,2608
185,92
185,2276
185,849
185,496
185,3231
185,5876
185,213
77,152
77,1180
77,1283
77,2255
77,1430
77,5293
77,36
77,39
77,49
77,1028
77,480
77,60
77,1032
77,1183
77,3400
77,1184
77,81
77,1035
77,189
77,92
77,3234
77,2774
2458,2347
2458,2393
2458,3622
2458,4717
2458,4728
2458,1167
2458,1424
2458,4738
2458,37
2458,480
2458,66
2458,376
2458,1433
2458,185
2458,78
2458,381
2458,2608
2458,2613
2458,4321
2458,2106
2458,2615
2458,1857
2458,2280
2458,2469
2458,294
2458,1226
4744,2347
4744,3387
4744,1168
4744,2241
4744,1430
4744,713
4744,49
4744,60
4744,4303
4744,1433
4744,3400
4744,2762
4744,185
4744,1290
4744,2459
4744,1438
4744,3411
377,539
377,4739
377,49
377,66
377,376
377,3217
377,1031
377,603
377,2266
377,81
377,2459
377,2269
377,848
377,1747
377,2616
377,104
377,496
377,2621
377,1573
377,1042
377,631
377,421
730,541
730,4717
730,589
730,3388
730,2025
730,2241
730,2242
730,2054
730,592
730,593
730,4741
730,2265
730,600
730,604
730,606
730,2278
730,617
730,636
730,646
731,683
731,2221
731,585
731,2242
731,4733
731,4739
731,713
731,714
731,723
731,60
731,376
731,600
731,1842
731,2266
731,730
731,737
731,738
731,642
731,764
2267,2242
2267,2252
2267,2255
2267,2263
2267,709
2267,713
2267,714
2267,719
2267,724
2267,57
2267,183
2267,593
2267,60
2267,2265
2267,2280
2267,1567
2267,2295
2267,2296
3402,2701
3402,3389
3402,3395
3402,3396
3402,3397
3402,713
3402,480
3402,3400
3402,144
606,543
606,2442
606,4255
606,2229
606,3388
606,2241
606,2252
606,1427
606,2457
606,1183
606,2278
606,2615
606,1726
606,617
606,620
606,2774
607,4291
607,2025
607,2242
607,2263
607,714
607,715
607,717
607,719
607,1028
607,58
607,2265
607,602
607,603
607,605
607,616
607,4330
607,116
78,2550
78,3058
78,4255
78,2591
78,2455
78,1286
78,2239
78,57
78,63
78,64
78,69
78,2605
78,190
78,93
78,97
78,2613
78,2614
78,2615
78,1928
78,1723
78,102
78,4748
78,2624
78,2625
79,49
79,50
79,1028
79,57
79,66
79,71
79,3400
79,80
79,2608
79,102
80,2235
80,53
80,56
80,57
80,480
80,66
80,76
80,1183
80,79
80,81
80,92
80,2615
80,2774
81,39
81,3398
81,53
81,480
81,60
81,1183
81,3400
81,80
81,92
81,2774
2268,2238
2268,2242
2268,2028
2268,845
2268,182
2268,3395
2268,709
2268,49
2268,54
2268,184
2268,60
2268,65
2268,66
2268,3400
2268,3412
2268,739
82,4740
82,3396
82,3397
82,713
82,54
82,57
82,480
82,66
82,68
82,3400
82,2608
82,2774
82,755
82,3429
1843,2347
1843,4718
1843,2430
1843,565
1843,1681
1843,4234
1843,1925
1843,1148
1843,2759
1843,588
1843,589
1843,2233
1843,2239
1843,2241
1843,2252
1843,713
1843,724
1843,593
1843,59
1843,60
1843,594
1843,595
1843,67
1843,602
1843,2266
1843,2600
1843,608
1843,1294
1843,2466
1843,2615
1843,2279
1843,1932
1843,2621
1843,631
1843,2124
4745,2451
4745,2242
4745,709
4745,714
4745,52
4745,60
4745,66
4745,1433
4745,3400
4745,3402
4745,78
4745,1438
4745,1459
4745,3119
4745,957
4745,1479
4745,1338
4745,3429
732,2263
732,3395
732,713
732,714
732,719
732,721
732,722
732,723
732,733
732,104
732,742
186,2347
186,4826
186,1282
186,1286
186,39
186,41
186,3398
186,719
186,50
186,60
186,62
186,66
186,3400
186,1290
186,1563
186,2603
186,190
186,2608
186,92
186,1857
186,1438
186,3411
186,1440
186,2618
186,1298
186,1584
186,5861
186,851
1290,5266
1290,4230
1290,4284
1290,3849
1290,4289
1290,2026
1290,3565
1290,1560
1290,709
1290,480
1290,4741
1290,66
1290,2457
1290,1433
1290,1183
1290,2600
1290,4311
1290,2608
1290,1564
1290,2611
1290,1438
1290,3411
1290,1440
1290,2618
1290,4346
1290,4347
1290,5855
1290,1298
1290,2619
1290,1575
1290,1312
1290,4443
2600,3043
2600,1253
2600,5015
2600,3060
2600,2560
2600,5043
2600,4931
2600,2007
2600,2580
2600,4230
2600,1280
2600,2586
2600,4272
2600,1156
2600,4276
2600,1419
2600,1168
2600,1169
2600,1171
2600,1179
2600,1282
2600,4284
2600,3849
2600,2234
2600,4285
2600,1286
2600,1426
2600,2236
2600,2022
2600,4291
2600,2239
2600,2026
2600,2241
2600,2027
2600,2028
2600,2031
2600,3565
2600,2594
2600,3852
2600,2262
2600,4740
2600,717
2600,1561
2600,184
2600,60
2600,63
2600,66
2600,68
2600,2457
2600,1433
2600,1183
2600,1290
2600,3219
2600,2603
2600,1292
2600,91
2600,2608
2600,92
2600,1564
2600,95
2600,96
2600,1294
2600,98
2600,2613
2600,2614
2600,99
2600,2273
2600,4321
2600,2615
2600,1932
2600,1857
2600,1438
2600,1439
2600,1565
2600,1566
2600,1440
2600,102
2600,4345
2600,2618
2600,4346
2600,4347
2600,1298
2600,1299
2600,1300
2600,2620
2600,2622
2600,1305
2600,1570
2600,1574
2600,1575
2600,1581
2600,1306
2600,1582
2600,1583
2600,2066
2600,3855
2600,1458
2600,3112
2600,935
2600,1590
2600,4443
2600,3116
2600,3117
2600,3123
2600,1464
2600,2914
2600,1210
2600,4467
2600,4493
2600,1220
2600,3664
2600,4585
2600,3141
2600,1351
1563,3331
1563,1169
1563,1179
1563,4291
1563,2238
1563,2027
1563,2028
1563,2033
1563,1559
1563,1432
1563,3853
1563,36
1563,41
1563,1560
1563,53
1563,1183
1563,1290
1563,2600
1563,2763
1563,1034
1563,92
1563,97
1563,4331
1563,1301
1563,1572
1563,1451
1563,1207
1563,2645
1563,1339
4306,3849
4306,4739
4306,183
4306,4741
4306,2762
4306,186
4306,2600
4306,3333
4306,1575
4306,1590
4306,936
3403,3391
3403,3392
3403,3396
3403,3400
2763,5548
2763,5555
2763,2721
2763,4153
2763,4200
2763,1024
2763,175
2763,4291
2763,2238
2763,2239
2763,2242
2763,1432
2763,5293
2763,2761
2763,2262
2763,36
2763,4740
2763,47
2763,725
2763,1028
2763,480
2763,4303
2763,1183
2763,2762
2763,4743
2763,187
2763,83
2763,483
2763,85
2763,1035
2763,88
2763,485
2763,2276
2763,1438
2763,487
2763,295
2763,4751
2763,388
2763,1037
2763,851
2763,1451
2763,506
2763,2774
2763,523
2763,4458
2763,5634
187,4740
187,49
187,1183
187,1184
187,83
187,88
187,89
187,112
4307,2028
4307,187
4307,4313
4307,487
4307,488
4307,4344
4307,4756
83,152
83,1180
83,5293
83,2761
83,4741
83,67
83,3217
83,1183
83,1184
83,187
83,84
83,89
83,189
83,3234
83,3243
83,3250
84,152
84,4187
84,4245
84,1180
84,2242
84,2052
84,846
84,480
84,4741
84,3217
84,1032
84,1433
84,1183
84,1184
84,87
84,89
84,3219
84,3223
84,3224
84,4570
482,4191
482,45
482,50
482,481
482,2599
482,484
482,90
482,488
482,490
482,496
482,4755
482,2787
482,518
482,4433
483,464
483,4291
483,2248
483,1289
483,1559
483,1560
483,3396
483,60
483,74
483,2762
483,2763
483,85
483,1034
483,192
483,295
483,498
483,3235
483,388
483,1038
483,2774
483,516
484,4004
484,4182
484,42
484,1028
484,726
484,68
484,70
484,83
484,482
484,483
484,4314
484,293
484,295
484,107
484,4373
484,518
85,4200
85,2262
85,1032
85,3400
85,2763
85,86
85,1035
85,378
85,2061
1185,285
1185,1166
1185,1168
1185,1176
1185,1177
1185,376
1185,1183
1185,2763
1185,88
1185,378
1185,289
1185,2279
1185,487
1185,490
1185,491
1185,496
1185,498
1185,1037
1185,502
1185,648
86,1170
86,1171
86,3848
86,4740
86,49
86,479
86,60
86,1032
86,85
86,1034
86,1035
86,378
86,1434
86,2274
86,1036
86,388
86,1038
1033,2756
1033,4254
1033,49
1033,1028
1033,480
1033,74
1033,3217
1033,1032
1033,3403
1033,87
1033,1034
1033,88
1033,2603
1033,4343
1033,494
1033,497
1033,498
1033,1036
1033,1037
1033,1038
1033,1059
1033,1060
87,4740
87,1028
87,479
87,480
87,74
87,3217
87,1032
87,4303
87,1183
87,1033
87,495
87,497
87,3225
87,1036
87,1037
87,399
87,1041
87,1059
87,1060
87,1061
87,1071
1034,5293
1034,49
1034,1028
1034,479
1034,480
1034,1032
1034,4303
1034,1183
1034,1184
1034,2762
1034,1185
1034,1033
1034,87
1034,495
1034,498
1034,3235
1034,1036
1034,1037
1034,1046
1034,4416
1034,4539
1035,33
1035,36
1035,4740
1035,709
1035,713
1035,722
1035,480
1035,3217
1035,1032
88,2347
88,472
88,4200
88,4238
88,3844
88,2758
88,1152
88,1172
88,1177
88,2593
88,2241
88,2761
88,2262
88,36
88,42
88,592
88,49
88,479
88,481
88,66
88,1029
88,1030
88,376
88,4742
88,1032
88,1183
88,1184
88,79
88,2763
88,187
88,4307
88,482
88,483
88,484
88,85
88,1185
88,1033
88,87
88,1035
88,485
88,3218
88,3219
88,91
88,190
88,2609
88,293
88,4333
88,4343
88,4344
88,295
88,491
88,492
88,494
88,495
88,496
88,497
88,499
88,3222
88,3225
88,3226
88,388
88,1038
88,1450
88,1451
88,1041
88,1042
88,4427
88,517
88,519
88,521
88,522
88,523
88,524
88,4428
88,4431
88,528
88,3250
88,4445
88,529
88,1065
88,538
378,4717
378,1125
378,4200
378,1153
378,1421
378,2456
378,2594
378,1432
378,3391
378,3398
378,376
378,1031
378,3400
378,1184
378,185
378,2458
378,2763
378,85
378,86
378,87
378,1035
378,88
378,381
378,2270
378,2276
378,2280
378,103
378,498
378,1036
378,1226
378,1065
485,2722
485,463
485,1026
485,47
485,60
485,2762
485,2599
485,2763
485,88
485,4342
485,496
485,503
485,1575
485,2787
485,4495
89,929
89,4734
89,4739
89,480
89,1184
89,83
89,84
89,88
89,485
89,3218
89,4313
89,1188
89,492
89,495
89,498
89,4349
89,4751
89,2772
89,3222
89,3225
89,3234
89,1037
89,3243
89,531
379,228
379,1122
379,477
379,4187
379,358
379,4217
379,281
379,2014
379,2758
379,4278
379,5626
379,2232
379,1171
379,1424
379,179
379,4289
379,42
379,47
379,49
379,1030
379,376
379,3217
379,1031
379,1183
379,2762
379,2599
379,2763
379,482
379,483
379,484
379,2601
379,4308
379,383
379,2057
379,290
379,2766
379,490
379,295
379,497
379,498
379,4751
379,2771
379,389
379,392
379,299
379,4754
379,1451
379,4755
379,402
379,403
379,4402
379,2781
379,412
379,2784
379,2787
379,516
379,2793
379,4434
379,2805
379,4495
379,426
379,456
3218,3622
3218,2760
3218,1171
3218,3853
3218,2761
3218,53
3218,1183
3218,1184
3218,2762
3218,84
3218,89
3218,90
3218,91
3218,92
3218,2610
3218,96
3218,1567
3218,1189
3218,2767
3218,3223
3218,1573
3218,1574
3218,1202
3218,2776
3218,519
3218,523
3218,2792
3218,4431
3218,205
3218,127
380,5266
380,3543
380,2014
380,2022
380,4290
380,2241
380,2027
380,2036
380,2048
380,2051
380,4734
380,1429
380,376
380,1184
380,381
380,92
380,2064
380,4751
380,2473
380,393
380,4361
380,2286
380,2639
380,1880
380,4768
4746,2231
4746,2240
4746,2241
4746,2242
4746,713
4746,714
4746,719
4746,60
4746,2608
4746,617
4746,1854
4746,1320
2459,3596
2459,2347
2459,2354
2459,3372
2459,4717
2459,1675
2459,4220
2459,4231
2459,2448
2459,2454
2459,60
2459,3399
2459,376
2459,4742
2459,2265
2459,1183
2459,185
2459,2458
2459,2460
2459,2601
2459,2608
2459,3407
2459,291
2459,293
2459,2462
2459,2464
2459,2276
2459,2466
2459,2615
2459,1857
2459,1747
2459,2469
2459,294
2459,395
2459,2482
2459,857
2459,2660
2459,4470
2459,2488
2460,1702
2460,4741
2460,376
2460,1183
2460,1184
2460,2599
2460,2601
2460,381
2460,92
2460,93
2460,2278
2460,2615
2460,1738
2460,620
2460,2280
2460,294
2460,3231
2460,3232
2460,3233
2460,390
2460,2639
2460,4447
2460,4449
2601,2454
2601,373
2601,2593
2601,1184
2601,2459
2601,3407
2601,291
2601,296
2601,2474
2601,1802
2269,332
2269,2241
2269,2242
2269,713
2269,4741
2269,376
2269,2265
2269,614
2269,1850
2269,616
2269,617
2269,1856
2269,4579
90,4740
90,57
90,488
5843,228
5843,346
5843,476
5843,1681
5843,363
5843,4220
5843,273
5843,1702
5843,282
5843,370
5843,2450
5843,284
5843,286
5843,287
5843,288
5843,2103
5843,1424
5843,1177
5843,1178
5843,179
5843,2051
5843,707
5843,713
5843,1030
5843,376
5843,1031
5843,2459
5843,2460
5843,2269
5843,90
5843,381
5843,4308
5843,608
5843,382
5843,289
5843,290
5843,291
5843,293
5843,1720
5843,1858
5843,1747
5843,2616
5843,620
5843,3333
5843,735
5843,386
5843,387
5843,296
5843,389
5843,390
5843,391
5843,502
5843,298
5843,299
5843,300
5843,394
5843,395
5843,399
5843,1044
5843,4376
5843,4393
5843,752
5843,305
5843,1773
5843,4452
5843,642
5843,1052
5843,1054
5843,4469
5843,418
5843,315
5843,4614
5843,4636
381,2347
381,357
381,2450
381,373
381,1180
381,2241
381,2028
381,2051
381,40
381,4740
381,3393
381,713
381,592
381,1030
381,376
381,3217
381,1032
381,3400
381,1184
381,185
381,83
381,1035
381,2601
381,608
381,383
381,290
381,293
381,2279
381,1437
381,2616
381,384
381,735
381,3225
381,404
381,3246
381,1226
381,1064
4308,326
4308,4278
4308,588
4308,589
4308,376
4308,2265
4308,2762
4308,2763
4308,381
4308,293
4308,613
4308,1720
4308,2766
4308,2767
4308,1450
4308,309
4308,310
4308,419
4308,4495
4308,453
608,3975
608,1142
608,588
608,589
608,1170
608,1173
608,2238
608,2242
608,2027
608,2033
608,2051
608,4733
608,45
608,592
608,593
608,376
608,598
608,605
608,1183
608,2279
608,4751
608,392
608,396
608,4405
382,592
382,50
382,1028
382,184
382,68
382,376
382,1031
382,1183
382,4766
4309,281
4309,4272
4309,589
4309,1168
4309,592
4309,719
4309,58
4309,68
4309,376
4309,601
4309,1842
4309,1183
4309,730
4309,292
4309,609
4309,1850
4309,616
4309,4393
4309,409
383,688
383,2450
383,42
383,713
383,714
383,66
383,376
383,1183
383,381
383,4308
383,2608
383,2280
383,392
383,4756
383,402
383,409
383,419
383,759
383,452
1715,2347
1715,2393
1715,2580
1715,1683
1715,1841
1715,60
1715,67
1715,3399
1715,73
1715,2457
1715,1183
1715,2599
1715,2601
1715,291
1715,2278
1715,2279
1715,1851
1715,1858
1715,1860
1715,1752
1715,433
1716,4291
1716,60
1716,62
1716,64
1716,66
1716,2604
1716,2608
1716,2610
1716,2278
1716,1720
1716,1734
1716,1932
1716,2468
1716,1747
1716,2621
1716,1761
1844,1283
1844,2236
1844,2018
1844,2027
1844,66
1844,1290
1844,2603
1844,1292
1844,97
1844,1294
1844,1733
1844,1854
1844,1857
1844,3411
1844,4332
1844,1580
2057,2242
2057,2027
2057,3390
2057,37
2057,38
2057,592
2057,719
2057,54
2057,376
2057,1850
2057,1852
2057,733
2270,1167
2270,1169
2270,1172
2270,1177
2270,3848
2270,2053
2270,1432
2270,592
2270,54
2270,66
2270,4745
2270,2057
2270,1435
2270,1437
2270,2774
2270,1226
4310,2347
4310,2355
4310,2454
4310,4284
4310,1426
4310,2021
4310,2022
4310,2025
4310,2255
4310,1289
4310,4738
4310,4740
4310,60
4310,2457
4310,3407
4310,2275
4310,2615
4310,2774
4310,4490
2058,2241
2058,2242
2058,2027
2058,37
2058,38
2058,713
2058,2056
2058,723
2058,4312
2058,2071
1291,4051
1291,3510
1291,3511
1291,4717
1291,1419
1291,2260
1291,4734
1291,2594
1291,4740
1291,1433
1291,3400
1291,1290
1291,3409
1291,1438
1291,849
1291,4759
188,1269
188,2010
188,4291
188,2242
188,2027
188,2044
188,4298
188,34
188,37
188,38
188,4740
188,44
188,3395
188,46
188,709
188,718
188,722
188,1291
188,4311
188,4312
188,4363
188,2774
188,2775
188,854
188,2292
188,2305
4311,5813
4311,2241
4311,4298
4311,709
4311,49
4311,4741
4311,188
4311,2059
4311,2060
4311,4312
2059,2235
2059,4291
2059,2238
2059,2239
2059,2241
2059,2242
2059,2031
2059,2032
2059,2040
2059,30
2059,2262
2059,4740
2059,2060
2059,2273
2059,192
2059,2068
2059,2069
2059,2076
2060,691
2060,2241
2060,2242
2060,713
2060,48
2060,49
2060,1433
2060,2059
2060,2273
2060,2774
4312,3388
4312,4291
4312,2238
4312,2241
4312,2242
4312,2027
4312,4298
4312,3391
4312,4740
4312,713
4312,718
4312,723
4312,2058
4312,4311
4312,2059
4312,3412
4312,2071
4312,2305
847,2351
847,2215
847,4171
847,1403
847,591
847,2024
847,2242
847,2027
847,2035
847,3390
847,4739
847,3395
847,3397
847,719
847,480
847,60
847,3400
847,1291
847,2061
847,2279
847,1567
847,195
847,2286
847,433
5844,3510
5844,4826
5844,3512
5844,5277
5844,3543
5844,3321
5844,4726
5844,3326
5844,4728
5844,3328
5844,1179
5844,2021
5844,2031
5844,4734
5844,4738
5844,3391
5844,4740
5844,62
5844,64
5844,1030
5844,3403
5844,190
5844,92
5844,2609
5844,2611
5844,98
5844,2273
5844,2274
5844,3411
5844,1189
5844,489
5844,4750
5844,3234
5844,2637
5844,2081
2461,2347
2461,2412
2461,2433
2461,2239
2461,2457
2461,2599
2461,190
2461,92
2461,99
2461,2466
2461,2468
4313,22
4313,1180
4313,4740
4313,846
4313,709
4313,49
4313,183
4313,1184
4313,196
4313,3236
4313,207
4313,208
3219,1288
3219,66
3219,67
3219,3400
3219,1184
3219,2458
3219,79
3219,189
3219,2607
3219,92
3219,3410
189,175
189,26
189,3852
189,5293
189,66
189,1184
189,2608
189,2610
189,848
189,4331
189,3225
189,3234
189,3235
3404,2580
3404,2025
3404,1027
3404,2596
3404,49
3404,62
3404,64
3404,66
3404,1183
3404,3405
3404,190
3404,92
3404,2613
3404,1198
3404,123
3404,2639
3404,1320
3404,3417
3404,2663
3405,3844
3405,1179
3405,3851
3405,2596
3405,3394
3405,64
3405,67
3405,4742
3405,2599
3405,90
3405,3404
3405,2608
3405,3655
3405,3417
3405,2820
2602,2575
2602,174
2602,1286
2602,3216
2602,4740
2602,3393
2602,3394
2602,183
2602,1183
2602,93
2602,2610
2602,1294
2602,1732
2602,2623
2602,2626
4314,4255
4314,1180
4314,2025
4314,2033
4314,49
4314,66
4314,1183
4314,1184
4314,84
4314,2609
4314,1564
4314,2465
4314,3250
4314,4445
2603,2546
2603,5233
2603,3510
2603,2577
2603,1403
2603,1274
2603,1276
2603,1419
2603,1171
2603,3849
2603,2234
2603,1287
2603,2238
2603,2241
2603,1559
2603,2594
2603,66
2603,1183
2603,3400
2603,1290
2603,190
2603,2608
2603,4321
2603,2275
2603,2615
2603,1439
2603,1567
2603,2620
2603,1303
2603,2290
2603,2645
2603,3573
2603,1341
2603,318
2604,1286
2604,1287
2604,3216
2604,4740
2604,709
2604,60
2604,66
2604,67
2604,4306
2604,2602
2604,190
2604,92
2604,2610
2604,1294
2604,1295
2604,2465
2604,1729
2604,1850
2604,1851
2604,1730
2604,1858
2604,1870
2604,123
1292,2560
1292,2580
1292,2585
1292,2590
1292,1283
1292,4285
1292,1286
1292,1288
1292,709
1292,66
1292,67
1292,1290
1292,2600
1292,2606
1292,91
1292,2608
1292,97
1292,1294
1292,2613
1292,2615
1292,3411
1292,102
1292,1299
1292,2625
1292,1316
1186,1153
1186,1168
1186,1171
1186,3395
1186,183
1186,1183
1186,2600
1186,92
1186,1926
1186,4762
1186,2639
1186,2642
1186,1335
2605,376
2605,1184
2605,91
2605,2610
2605,1564
2605,97
2605,2614
2605,2615
2605,1747
2605,102
2605,386
2605,195
2606,2590
2606,1286
2606,66
2606,2608
2606,92
2606,93
2606,2613
2606,1745
2607,2588
2607,2590
2607,4738
2607,709
2607,183
2607,66
2607,3401
2607,2605
2607,2606
2607,91
2607,2608
2607,92
2607,2611
2607,2639
91,1403
91,2221
91,2580
91,1405
91,1411
91,27
91,2451
91,1171
91,1181
91,4739
91,4740
91,50
91,2598
91,1028
91,66
91,1183
91,3400
91,1184
91,2608
91,2610
91,97
91,98
91,2463
91,2615
91,102
91,741
91,2644
190,2542
190,2550
190,2551
190,161
190,3379
190,16
190,923
190,4740
190,846
190,712
190,713
190,1028
190,479
190,56
190,480
190,64
190,66
190,1842
190,1183
190,1184
190,78
190,1290
190,90
190,2605
190,2609
190,93
190,2610
190,1564
190,1435
190,2615
190,4325
190,616
190,1858
190,1438
190,3411
190,103
190,2617
190,387
190,3226
190,1308
190,851
190,2625
190,936
190,4442
190,2637
190,123
190,2639
190,2640
190,1319
190,2644
190,3250
190,2661
190,212
190,1479
190,2673
190,4536
2608,4942
2608,3398
2608,709
2608,49
2608,50
2608,66
2608,67
2608,68
2608,3217
2608,1433
2608,1183
2608,3400
2608,2458
2608,1290
2608,2459
2608,2605
2608,91
2608,92
2608,2610
2608,95
2608,97
2608,2611
2608,1436
2608,102
2608,111
2608,5876
2608,2644
2608,2660
92,5705
92,5707
92,4788
92,2550
92,5015
92,2410
92,5229
92,3511
92,4826
92,4827
92,3529
92,3547
92,3559
92,4717
92,2446
92,1407
92,2589
92,2590
92,4283
92,3848
92,1286
92,4740
92,3394
92,3395
92,49
92,50
92,725
92,1028
92,57
92,60
92,62
92,64
92,66
92,67
92,70
92,3217
92,1433
92,1183
92,1184
92,2762
92,2599
92,1290
92,2600
92,83
92,3404
92,3405
92,2606
92,91
92,190
92,93
92,2610
92,94
92,95
92,97
92,2613
92,2614
92,1435
92,2615
92,1438
92,3234
92,2474
92,4442
92,2637
92,123
92,2639
92,4443
92,5877
92,2641
92,1319
92,2642
92,2644
92,2645
92,3250
92,4445
92,3417
92,2650
92,2652
92,2909
92,2661
92,2663
92,3123
92,1464
92,2913
92,3771
92,3141
2609,1254
2609,3379
2609,4271
2609,1286
2609,63
2609,64
2609,66
2609,68
2609,1183
2609,2600
2609,2603
2609,1292
2609,190
2609,2608
2609,93
2609,2610
2609,97
2609,1438
2609,2620
2609,2622
2609,123
2609,2640
2609,3250
2609,4534
2609,2679
2609,2688
93,1286
93,846
93,66
93,67
93,1183
93,3401
93,190
93,2608
93,92
93,2610
93,97
93,2613
93,1743
93,1745
93,1942
93,1300
93,123
93,2639
93,2642
2610,3746
2610,1403
2610,2588
2610,1286
2610,4289
2610,4739
2610,4740
2610,66
2610,67
2610,1183
2610,1184
2610,2600
2610,1292
2610,2605
2610,2606
2610,91
2610,190
2610,2608
2610,95
2610,2611
2610,98
2610,2463
2610,2616
2610,2622
2610,1574
2610,111
2610,2638
2610,2639
2610,2660
94,5707
94,2554
94,2555
94,3060
94,2560
94,3067
94,4813
94,4826
94,4827
94,4839
94,3547
94,5291
94,2579
94,175
94,1171
94,1179
94,1180
94,66
94,1183
94,3400
94,1184
94,2599
94,186
94,2600
94,381
94,4313
94,189
94,1292
94,91
94,190
94,2608
94,2609
94,2610
94,95
94,97
94,1294
94,1438
94,1567
94,3226
94,3234
94,2474
94,1306
94,2774
94,2638
94,123
94,4443
94,2641
94,2643
94,3250
94,4445
94,3417
94,2650
94,3252
94,2907
94,2908
94,2484
94,2657
94,2658
94,2661
94,3119
94,3123
94,3126
94,1595
94,3000
94,208
94,4524
94,2506
1564,1553
1564,1179
1564,2022
1564,1290
1564,2603
1564,2605
1564,2608
1564,2610
1564,2611
1564,98
1564,3406
1564,2613
1564,2615
1564,1746
1564,1589
1564,1322
1564,2690
1293,2588
1293,3849
1293,2260
1293,4740
1293,66
1293,67
1293,3400
1293,2603
1293,2605
1293,2608
1293,2610
1293,1564
1293,96
1293,2613
1293,2614
1293,1567
1293,4443
1293,2655
95,3510
95,3511
95,4740
95,66
95,3400
95,3219
95,91
95,190
95,2608
95,92
95,2610
95,96
95,97
95,98
95,2479
96,3372
96,3060
96,4892
96,4934
96,1550
96,3200
96,3201
96,2580
96,1410
96,3215
96,2455
96,4740
96,66
96,3400
96,2603
96,2610
96,1564
96,1293
96,1294
96,1295
96,2612
96,2613
96,2614
96,2615
96,1187
96,102
96,103
96,849
96,3237
96,2655
96,1322
97,2588
97,709
97,50
97,66
97,1183
97,185
97,79
97,89
97,2603
97,2608
97,92
97,2610
97,2611
97,2279
97,1850
97,618
97,2474
97,123
2611,60
2611,66
2611,67
2611,1183
2611,2600
2611,2609
2611,2610
2611,1294
2611,103
2611,1042
2611,111
2611,2479
2611,123
1294,37
1294,4739
1294,4740
1294,66
1294,3400
1294,1290
1294,91
1294,2608
1294,1295
1294,2615
1295,4284
1295,1286
1295,2031
1295,709
1295,1290
1295,2600
1295,2608
1295,1294
1295,2648
1295,2653
2612,37
2612,66
2612,91
2612,2608
2612,92
2612,2610
2612,97
2612,1294
2612,1295
2612,98
2612,2613
2612,2465
2612,2615
2612,2628
2612,2644
2612,2648
2612,2653
2612,2506
98,37
98,4739
98,66
98,2605
98,2608
98,2610
98,95
98,1294
3406,2580
3406,2455
3406,3387
3406,60
3406,73
3406,2457
3406,3400
3406,190
3406,92
3406,2613
3406,3408
3406,2615
3406,1734
3406,1320
3406,2484
3406,4475
3407,2347
3407,5548
3407,5549
3407,2454
3407,4740
3407,3394
3407,60
3407,62
3407,66
3407,2457
3407,3401
3407,78
3407,2601
3407,190
3407,92
3407,3406
3407,2462
3407,2615
3407,2616
3407,620
3407,2474
3407,2628
3407,3415
3407,1320
3407,3417
3407,2491
3407,3434
2613,4726
2613,2590
2613,4740
2613,66
2613,1183
2613,78
2613,2603
2613,2606
2613,2607
2613,93
2613,2610
2613,1564
2613,97
2613,2614
2613,4321
2613,102
2613,2620
2613,4758
2614,66
2614,2603
2614,2605
2614,2610
2614,95
2614,2613
2614,2615
2614,4748
2614,2625
99,566
99,24
99,373
99,49
99,50
99,1028
99,66
99,1183
99,2599
99,1290
99,2600
99,2603
99,2608
99,97
99,2613
99,622
99,1300
99,623
99,2620
289,2102
289,589
289,2104
289,1171
289,1177
289,480
289,60
289,1183
289,293
289,2275
289,2278
289,2106
289,2279
289,1858
289,1861
289,2280
289,2115
289,2135
289,3764
290,356
290,2450
290,1168
290,1170
290,2025
290,2252
290,2761
290,719
290,1562
290,53
290,480
290,60
290,4741
290,66
290,376
290,2762
290,83
290,483
290,381
290,383
290,289
290,293
290,295
290,298
290,299
290,300
290,303
291,281
291,282
291,2450
291,1422
291,1168
291,1170
291,1171
291,2252
291,709
291,66
291,3399
291,376
291,1185
291,2601
291,381
291,189
291,1294
291,289
291,293
291,2278
291,2468
291,1567
291,300
291,305
292,3975
292,231
292,178
292,4272
292,1153
292,589
292,1168
292,1170
292,1177
292,4291
292,66
292,596
292,376
292,2265
292,1183
292,83
292,381
292,608
292,2611
292,289
292,609
292,293
292,300
292,395
292,4393
609,1841
609,2233
609,2255
609,722
609,68
609,596
609,376
609,2265
609,600
609,602
609,1183
609,606
609,2601
609,2278
609,1726
609,1850
609,1851
609,616
609,617
609,1854
609,1865
609,1868
609,2145
293,229
293,252
293,253
293,260
293,356
293,273
293,274
293,275
293,277
293,2450
293,371
293,284
293,285
293,373
293,1177
293,591
293,4291
293,2025
293,2052
293,718
293,376
293,83
293,381
293,289
293,2466
293,2279
293,1858
293,1861
293,2280
293,294
293,3222
293,296
293,299
293,300
293,506
293,406
293,305
293,306
293,2640
4315,3849
4315,3388
4315,2241
4315,2027
4315,2260
4315,4297
4315,2265
4315,3401
4315,3403
4315,2615
4315,2279
610,2393
610,28
610,2025
610,2242
610,2256
610,2034
610,2040
610,4735
610,3390
610,38
610,593
610,595
610,2265
610,600
610,2272
610,2279
610,2774
2271,2231
2271,2242
2271,2034
2271,1289
2271,4740
2271,3393
2271,600
2271,2600
2271,2272
2271,2615
2271,2279
2271,2113
2271,2077
2271,664
2272,2355
2272,2221
2272,4291
2272,2238
2272,2240
2272,2241
2272,2242
2272,2252
2272,2255
2272,2263
2272,38
2272,2056
2272,2265
2272,2275
2272,2615
2272,2282
2272,637
2272,638
100,2590
100,3393
100,3394
100,3395
100,56
100,183
100,66
100,67
100,73
100,3400
100,2606
100,2608
100,93
101,32
101,37
101,38
101,713
101,726
101,57
101,60
101,3400
101,3402
101,119
3408,2343
3408,2347
3408,2580
3408,2454
3408,2592
3408,3387
3408,3393
3408,62
3408,73
3408,2457
3408,3400
3408,79
3408,80
3408,3406
3408,3407
3408,2615
3408,1932
3408,1936
3408,2638
3408,123
3408,4443
2462,2347
2462,2412
2462,2580
2462,2454
2462,60
2462,62
2462,66
2462,2457
2462,2459
2462,2608
2462,3407
2462,2464
2462,1857
2462,2616
2462,2469
2462,849
2462,1758
2462,2482
1434,2024
1434,2239
1434,2241
1434,2243
1434,2248
1434,1430
1434,2262
1434,1028
1434,1433
1434,3400
1434,185
1434,86
1434,2059
1434,1438
1434,2765
1434,4750
1434,2774
1434,1459
1434,3680
848,789
848,794
848,5705
848,803
848,3185
848,4823
848,4188
848,4199
848,171
848,5823
848,838
848,841
848,842
848,3848
848,30
848,846
848,1028
848,480
848,74
848,1184
848,189
848,4319
848,1438
848,4331
848,849
848,1189
848,4751
848,194
848,195
848,851
848,2773
848,1200
848,3856
848,2774
848,1463
848,1218
5845,3923
5845,3982
5845,3384
5845,4165
5845,4166
5845,4168
5845,4169
5845,2757
5845,4270
5845,2230
5845,1156
5845,4279
5845,5833
5845,5834
5845,1180
5845,2236
5845,2240
5845,4294
5845,4295
5845,4297
5845,4736
5845,4301
5845,60
5845,4303
5845,1184
5845,4310
5845,2610
5845,95
5845,4315
5845,4318
5845,4320
5845,4321
5845,4323
5845,4324
5845,2764
5845,849
5845,1189
5845,4333
5845,4346
5845,4358
5845,3857
5845,4388
5845,4395
5845,4398
5845,4421
5845,4422
5845,4439
5845,4458
5845,3420
5845,4509
5845,4517
5845,4519
5845,4546
5845,4566
5845,1492
5845,4591
5846,2347
5846,2543
5846,2548
5846,2166
5846,2732
5846,331
5846,3826
5846,2174
5846,3510
5846,5394
5846,5532
5846,1264
5846,1102
5846,1110
5846,3103
5846,5810
5846,3838
5846,1268
5846,3106
5846,836
5846,1024
5846,173
5846,1141
5846,2230
5846,1168
5846,1173
5846,5834
5846,2020
5846,2241
5846,2038
5846,1430
5846,4738
5846,45
5846,713
5846,49
5846,1028
5846,375
5846,376
5846,1031
5846,1433
5846,3400
5846,1184
5846,2762
5846,185
5846,1290
5846,2608
5846,2466
5846,2279
5846,1936
5846,1854
5846,1438
5846,1439
5846,3411
5846,849
5846,2766
5846,2771
5846,1575
5846,202
5846,2998
5846,2777
5846,4758
5846,2117
5846,5871
5846,2786
5846,3123
5846,1464
5846,648
5846,861
5846,1057
5846,869
5846,2673
5846,4537
5846,4558
5846,2316
5846,2317
5846,1805
5846,3576
5846,3577
5846,4629
611,45
611,717
611,481
611,1031
611,1842
611,604
611,482
611,608
612,577
612,2238
612,2242
612,2050
612,2265
612,600
612,604
612,605
612,2278
612,2279
612,620
612,1567
612,2284
612,737
612,627
612,663
613,2221
613,577
613,2242
613,598
613,2265
613,1842
613,2061
613,634
613,650
2273,5778
2273,5626
2273,2242
2273,2262
2273,713
2273,48
2273,1433
2273,3400
2273,2059
2273,1438
2273,3411
2273,3855
2273,2774
2273,4395
2273,1466
3409,175
3409,2242
3409,2260
3409,5293
3409,3391
3409,4740
3409,3394
3409,713
3409,3400
3409,1184
3409,1438
3409,3414
1435,271
1435,1407
1435,1167
1435,1168
1435,1169
1435,2040
1435,4734
1435,67
1435,3410
1435,1733
1435,191
1435,1855
1435,1438
1435,3412
1435,1454
1435,1485
4316,4726
4316,1420
4316,1422
4316,1423
4316,4291
4316,2028
4316,2038
4316,3400
4316,4320
3410,1399
3410,3391
3410,4740
3410,1183
3410,3400
3410,1290
3410,2106
3410,1438
3410,2280
3410,4347
3410,1449
3410,3427
3410,3432
4317,1982
4317,4270
4317,3386
4317,1169
4317,4734
4317,1183
4317,3400
4317,4318
4317,4319
4317,2279
4317,1744
4317,1438
4317,3411
4317,103
4317,4332
4317,3334
4317,4395
4317,2916
4317,4553
4318,2986
4318,3511
4318,271
4318,1841
4318,2021
4318,2260
4318,4738
4318,1433
4318,2613
4318,3409
4318,1435
4318,4316
4318,4317
4318,4319
4318,4320
4318,1438
4318,2280
4318,4333
4318,4356
4318,1454
4319,1131
4319,837
4319,1151
4319,1156
4319,1417
4319,1167
4319,1168
4319,1170
4319,1171
4319,3848
4319,3850
4319,1432
4319,3853
4319,4740
4319,480
4319,1433
4319,1183
4319,3400
4319,1184
4319,1292
4319,1435
4319,4317
4319,4318
4319,1721
4319,1857
4319,1438
4319,102
4319,103
4319,2904
4319,3233
4319,4356
4319,851
4319,2906
4319,2918
4319,2927
1436,3596
1436,1837
1436,1407
1436,1707
1436,1414
1436,1416
1436,1167
1436,1168
1436,1171
1436,49
1436,3400
1436,1290
1436,1435
1436,4316
1436,3410
1436,4317
1436,4319
1436,4320
1436,5847
1436,2615
1436,4325
1436,1935
1436,1857
1436,1437
1436,1438
1436,2765
1436,3228
1436,851
1436,2906
1436,2912
1436,3784
4320,1089
4320,1414
4320,1419
4320,3409
4320,1435
4320,4316
4320,3410
4320,4318
4320,4319
4320,1438
4320,4333
5847,5749
5847,5768
5847,1376
5847,5782
5847,5791
5847,5793
5847,5817
5847,5825
5847,1414
5847,4270
5847,5832
5847,4271
5847,1154
5847,1841
5847,2232
5847,1179
5847,3848
5847,5836
5847,3219
5847,2273
5847,4316
5847,3410
5847,4317
5847,4318
5847,4319
5847,1436
5847,1740
5847,1438
5847,4331
5847,4332
5847,4356
5847,851
5847,1196
5847,1456
5847,2910
5847,1463
5847,5880
5847,1492
5847,2929
5848,2347
5848,2227
5848,2241
5848,3852
5848,4736
5848,713
5848,49
5848,480
5848,66
5848,376
5848,1433
5848,1183
5848,3400
5848,2762
5848,185
5848,2608
5848,92
5848,2273
5848,1857
5848,1438
5848,5850
5848,3411
5848,1188
5848,849
5848,2471
5848,2774
5848,1464
5848,3761
5848,3784
4321,5750
4321,2347
4321,3992
4321,4708
4321,4722
4321,1553
4321,4252
4321,2455
4321,3849
4321,2594
4321,4736
4321,4738
4321,2761
4321,66
4321,3400
4321,185
4321,78
4321,1290
4321,2608
4321,2613
4321,2464
4321,2466
4321,2615
4321,1936
4321,1438
4321,3411
4321,2765
4321,2772
4321,4355
4321,200
4321,4758
4321,933
4321,4429
4321,2642
4321,1320
4321,1800
4321,4625
4321,4637
4322,1416
4322,4283
4322,1179
4322,2040
4322,2053
4322,2260
4322,376
4322,1433
4322,3400
4322,3401
4322,1184
4322,185
4322,1846
4322,1858
4322,1437
4322,1438
4322,2533
2274,3510
2274,1283
2274,2022
2274,4291
2274,2238
2274,2242
2274,2028
2274,2031
2274,2033
2274,2256
2274,4733
2274,3564
2274,37
2274,53
2274,54
2274,726
2274,60
2274,1433
2274,3400
2274,1292
2274,2273
2274,2615
2274,2279
2274,1437
2274,1447
2274,1572
2274,1574
2274,1575
2274,1580
2274,1307
2274,3571
2274,1468
2274,1211
4323,2230
4323,2017
4323,1285
4323,1286
4323,2235
4323,4291
4323,2238
4323,2240
4323,2242
4323,2243
4323,2255
4323,4292
4323,3850
4323,2058
4323,4311
4323,1301
4323,4521
4323,4592
4323,2083
2463,1411
2463,2451
2463,2241
2463,37
2463,3395
2463,66
2463,67
2463,376
2463,1183
2463,89
2463,2603
2463,2608
2463,97
2463,2272
2463,2278
2463,1314
4324,846
4324,3394
4324,60
4324,3400
4324,4525
2464,2337
2464,4719
2464,2433
2464,1706
2464,2455
2464,2104
2464,2233
2464,49
2464,2459
2464,2461
2464,3405
2464,2462
2464,2276
2464,2466
2464,2615
2464,2279
2464,1740
2464,1936
2464,2469
2464,2765
2464,2482
1717,1682
1717,1687
1717,2592
1717,50
1717,64
1717,92
1717,98
1717,3407
1717,2276
1717,2465
1717,2279
1717,1853
1717,1930
1717,1936
1717,1742
1717,1857
1717,1858
1717,1437
1717,390
2275,1403
2275,2225
2275,585
2275,1426
2275,2239
2275,2242
2275,2027
2275,1427
2275,2260
2275,38
2275,2603
2275,2276
2275,2278
2275,2615
2275,2279
2275,1855
2275,320
2276,2011
2276,1422
2276,2023
2276,3388
2276,2239
2276,2241
2276,2242
2276,2248
2276,2037
2276,2594
2276,30
2276,713
2276,66
2276,3400
2276,1290
2276,2060
2276,2603
2276,2273
2276,2279
2276,1932
2276,1938
2276,1855
2276,1857
2276,1858
2276,1743
2276,2280
2276,2765
2276,1455
2276,1458
2276,1208
2277,2090
2277,4098
2277,4716
2277,1915
2277,2429
2277,3105
2277,4240
2277,589
2277,2104
2277,1168
2277,1177
2277,4291
2277,2025
2277,2105
2277,709
2277,713
2277,714
2277,593
2277,595
2277,596
2277,597
2277,376
2277,2265
2277,600
2277,289
2277,293
2277,2465
2277,2279
2277,1723
2277,1847
2277,1735
2277,1861
2277,619
2277,4328
2277,622
2277,2472
2277,4336
2277,2473
2277,4358
2277,2110
2277,2115
2277,2294
2277,2117
2277,1955
2277,4483
2277,648
2277,659
2277,2159
2465,4713
2465,2429
2465,4729
2465,2584
2465,1286
2465,1287
2465,37
2465,38
2465,717
2465,480
2465,184
2465,66
2465,1183
2465,1185
2465,1292
2465,1294
2465,2061
2465,2279
2465,1846
2465,1849
2465,1850
2465,1860
2465,622
2465,1863
2465,2473
2465,2117
2465,648
2465,3776
1926,4239
1926,1146
1926,1149
1926,3387
1926,1168
1926,1169
1926,1171
1926,2027
1926,1027
1926,4740
1926,2596
1926,3394
1926,3395
1926,3399
1926,2457
1926,1183
1926,3400
1926,3404
1926,3405
1926,190
1926,2278
1926,2615
1926,1932
1926,1935
1926,1936
1926,1438
1926,2280
1926,1582
1926,4364
1926,3417
1926,1595
1926,2491
1926,1229
2466,2387
2466,2409
2466,2412
2466,2436
2466,1706
2466,1925
2466,2239
2466,3399
2466,2459
2466,2461
2466,4321
2466,2464
2466,1926
2466,1734
2466,1738
2466,1740
2466,1935
2466,1860
2466,1862
2466,2126
2466,3420
2466,4566
2466,1964
1927,41
1927,183
1927,66
1927,1183
1927,614
1927,615
1927,1850
1927,1851
1927,616
1927,617
1927,1932
1927,1938
1927,1743
1927,1861
1927,645
2278,2384
2278,2385
2278,2386
2278,2393
2278,2409
2278,1682
2278,1919
2278,1692
2278,2225
2278,1706
2278,1707
2278,2229
2278,1711
2278,2103
2278,2018
2278,3388
2278,4291
2278,2239
2278,2241
2278,1289
2278,1427
2278,4741
2278,2458
2278,4310
2278,2603
2278,4321
2278,2275
2278,2061
2278,2615
2278,1738
2278,1740
2278,1935
2278,1438
2278,3411
2278,1188
2278,103
2278,2774
2278,1877
2278,2499
2278,1810
2106,2225
2106,4249
2106,2102
2106,1925
2106,1148
2106,589
2106,2103
2106,2104
2106,2233
2106,1177
2106,2018
2106,3388
2106,4291
2106,2238
2106,2241
2106,2242
2106,2027
2106,2252
2106,2030
2106,2105
2106,4735
2106,53
2106,726
2106,593
2106,376
2106,2266
2106,381
2106,293
2106,2272
2106,2278
2106,2061
2106,2615
2106,1738
2106,1739
2106,1935
2106,1857
2106,4328
2106,4336
2106,1759
2106,1873
2106,2120
2106,980
2061,671
2061,2103
2061,3388
2061,2239
2061,2242
2061,2027
2061,2028
2061,2038
2061,3390
2061,44
2061,3397
2061,713
2061,716
2061,719
2061,723
2061,480
2061,184
2061,60
2061,1183
2061,2600
2061,2060
2061,2279
2061,1846
2061,1729
2061,1730
2061,1932
2061,1936
2061,1854
2061,1860
2061,2280
2061,4336
2061,4358
2061,2774
2061,2120
2061,131
2061,4574
2615,2412
2615,4717
2615,2588
2615,2454
2615,2238
2615,2239
2615,2240
2615,2241
2615,2242
2615,2027
2615,2256
2615,4738
2615,4740
2615,480
2615,66
2615,185
2615,2458
2615,2600
2615,2603
2615,2605
2615,2607
2615,92
2615,2610
2615,2612
2615,3406
2615,2613
2615,4315
2615,4321
2615,2464
2615,2276
2615,1740
2615,1932
2615,1936
2615,1938
2615,1858
2615,2616
2615,103
2615,2765
2615,2506
2615,1800
1718,2025
1718,2238
1718,2239
1718,2026
1718,2241
1718,2242
1718,2027
1718,2040
1718,4733
1718,37
1718,38
1718,3393
1718,3395
1718,2600
1718,2603
1718,2061
1718,2279
1718,1437
1718,1862
1718,103
1718,2066
2279,2343
2279,2347
2279,2351
2279,4098
2279,4716
2279,2216
2279,1917
2279,1684
2279,4272
2279,588
2279,589
2279,2103
2279,2104
2279,2233
2279,1167
2279,1172
2279,1424
2279,1177
2279,2018
2279,3388
2279,4291
2279,2025
2279,2238
2279,2240
2279,2241
2279,2242
2279,2252
2279,2030
2279,2034
2279,2038
2279,2054
2279,4733
2279,32
2279,3395
2279,3398
2279,713
2279,592
2279,5839
2279,60
2279,62
2279,595
2279,376
2279,4742
2279,2265
2279,600
2279,601
2279,1433
2279,1183
2279,3401
2279,1843
2279,1290
2279,4746
2279,381
2279,2608
2279,92
2279,2613
2279,289
2279,290
2279,2464
2279,2275
2279,2276
2279,2466
2279,2278
2279,2106
2279,2061
2279,2615
2279,1718
2279,1846
2279,1852
2279,1737
2279,1740
2279,1932
2279,1933
2279,1854
2279,1855
2279,1857
2279,1858
2279,1437
2279,1860
2279,1861
2279,1862
2279,620
2279,1438
2279,2280
2279,4328
2279,1439
2279,1566
2279,103
2279,1567
2279,2765
2279,4335
2279,2107
2279,622
2279,2472
2279,4336
2279,5852
2279,1581
2279,1582
2279,4358
2279,2066
2279,4362
2279,1869
2279,1870
2279,2108
2279,2110
2279,2115
2279,2117
2279,2119
2279,2483
2279,3116
2279,2124
2279,1955
2279,4483
2279,648
2279,2150
1845,1286
1845,1287
1845,66
1845,67
1845,1292
1845,1729
1845,1851
1845,1730
1845,1857
1845,1858
1845,1859
1845,1437
1845,1750
1845,389
1719,2575
1719,1286
1719,2027
1719,37
1719,709
1719,480
1719,2457
1719,4742
1719,1183
1719,4746
1719,97
1719,1294
1719,2465
1719,1723
1719,1850
1719,1851
1719,616
1719,1852
1719,1857
1719,1859
1719,1753
1719,2626
1719,407
1928,3058
1928,3849
1928,1286
1928,4291
1928,709
1928,66
1928,67
1928,73
1928,78
1928,2603
1928,190
1928,848
1928,2615
1928,1845
1928,616
1928,1932
1928,1857
1928,2625
1928,1772
1720,1681
1720,1177
1720,4291
1720,376
1720,381
1720,2615
1720,2279
1720,1723
1720,1850
1720,1732
1720,1930
1720,1932
1720,1857
1720,1943
1720,1870
1720,1773
1720,650
1720,1798
1720,1967
1720,1806
4325,2587
4325,4279
4325,4283
4325,1169
4325,2040
4325,5293
4325,3400
4325,3401
4325,190
4325,92
4325,4316
4325,1436
4325,1718
4325,2279
4325,1729
4325,1855
4325,1438
1721,4728
1721,1714
1721,1168
1721,49
1721,183
1721,66
1721,376
1721,1031
1721,1433
1721,1184
1721,4745
1721,2270
1721,3407
1721,1435
1721,4319
1721,2615
1721,1718
1721,2279
1721,1848
1721,1850
1721,616
1721,1855
1721,1857
1721,1437
1721,1438
1721,2280
1721,1752
1721,1451
1721,207
1722,1702
1722,92
1722,1564
1722,2106
1722,2615
1722,1846
1722,1724
1722,1726
1722,1728
1722,1730
1722,1741
1722,1937
1722,1857
1722,2468
1722,390
1722,1754
1722,4443
1846,2027
1846,2030
1846,3390
1846,1294
1846,2061
1846,2615
1846,2279
1846,1855
1846,1858
1846,1860
1846,1862
1846,4336
4747,5532
4747,1416
4747,1177
4747,67
4747,376
4747,3400
4747,92
4747,293
4747,1729
4747,1730
4747,616
4747,1852
4747,1853
4747,1742
4747,1854
4747,1856
4747,1857
614,4259
614,2233
614,2242
614,2252
614,1560
614,709
614,62
614,2269
614,1726
614,1850
614,616
614,617
614,4326
614,645
1723,62
1723,595
1723,64
1723,2457
1723,2279
1723,1720
1723,614
1723,1847
1723,1724
1723,615
1723,1726
1723,1728
1723,1729
1723,1730
1723,1856
1723,1857
1723,1859
1723,4326
1723,2616
1723,1866
1723,1870
1723,2626
1723,1763
1723,1973
1847,2231
1847,595
1847,602
1847,2602
1847,2279
1847,614
1847,1723
1847,615
1847,1726
1847,1850
1847,616
1847,617
1847,1732
1847,4326
1847,1870
1847,636
1724,1686
1724,1713
1724,62
1724,66
1724,1564
1724,2614
1724,2278
1724,2106
1724,1722
1724,1726
1724,1727
1724,1851
1724,1730
1724,1740
1724,1936
1724,1857
1724,1858
1724,2468
1724,2616
1724,1438
1724,1748
1724,2280
1724,1750
1724,1763
1724,1874
1724,1813
1724,1973
615,2347
615,574
615,4272
615,1177
615,2265
615,600
615,4304
615,605
615,1564
615,289
615,1726
615,1850
615,616
615,617
615,1732
615,1932
615,1857
615,1861
615,2616
615,1863
615,2283
615,1871
615,2626
615,645
615,312
615,1879
615,1973
1725,2585
1725,2103
1725,1176
1725,50
1725,62
1725,2458
1725,1564
1725,2106
1725,1846
1725,1724
1725,615
1725,1726
1725,1727
1725,1728
1725,1850
1725,1851
1725,616
1725,1852
1725,1736
1725,1853
1725,1737
1725,1930
1725,1739
1725,1740
1725,1932
1725,1936
1725,1937
1725,1742
1725,1941
1725,1857
1725,2468
1725,620
1725,4327
1725,1863
1725,1758
1725,1944
1725,4389
1725,1949
1725,1951
1725,2124
1726,2181
1726,2233
1726,3388
1726,2238
1726,2241
1726,2027
1726,1560
1726,3395
1726,714
1726,53
1726,60
1726,62
1726,595
1726,2278
1726,614
1726,1723
1726,615
1726,616
1726,617
1726,1932
1726,1857
1726,1858
1726,1743
1726,620
1727,2412
1727,1839
1727,1711
1727,2252
1727,2040
1727,32
1727,2460
1727,2615
1727,2279
1727,1845
1727,614
1727,1723
1727,1724
1727,1726
1727,1728
1727,1850
1727,1851
1727,1730
1727,617
1727,1731
1727,1737
1727,1930
1727,1740
1727,1932
1727,1936
1727,1937
1727,1938
1727,1854
1727,1857
1727,2468
1727,1862
1727,2616
1727,1438
1727,1748
1727,1751
1727,3411
1727,1781
1727,1973
1728,1636
1728,1657
1728,2585
1728,592
1728,725
1728,1842
1728,92
1728,1564
1728,614
1728,1724
1728,615
1728,1726
1728,1727
1728,1729
1728,1850
1728,1851
1728,1730
1728,616
1728,617
1728,618
1728,1732
1728,1853
1728,1737
1728,1930
1728,1937
1728,1941
1728,1855
1728,1857
1728,1745
1728,2622
1728,1754
1728,1944
1728,1951
1728,1476
1848,1825
1848,3042
1848,1709
1848,1416
1848,3848
1848,4740
1848,3393
1848,47
1848,48
1848,91
1848,2061
1848,2279
1848,1730
1848,617
1848,1852
1848,1857
1848,1859
1848,1438
1848,1440
1848,1757
1848,3123
1848,1803
1729,1416
1729,3394
1729,721
1729,67
1729,92
1729,1850
1729,1730
1729,616
1729,617
1729,1852
1729,1857
1729,1858
1729,2906
1849,2436
1849,2238
1849,2030
1849,1427
1849,289
1849,2465
1849,2106
1849,2061
1849,2279
1849,1845
1849,1726
1849,1850
1849,1851
1849,616
1849,617
1849,618
1849,1852
1849,1853
1849,2467
1849,1939
1849,1854
1849,1855
1849,1857
1849,1858
1849,1437
1849,1862
1849,619
1849,1873
1850,2172
1850,1922
1850,1841
1850,592
1850,50
1850,66
1850,1031
1850,4746
1850,2271
1850,2615
1850,1845
1850,1721
1850,1848
1850,1729
1850,1851
1850,616
1850,617
1850,618
1850,1852
1850,1855
1850,1858
1850,1862
1850,4327
1850,1567
1850,1865
1850,1866
1850,1867
1851,368
1851,592
1851,4746
1851,2270
1851,2604
1851,4319
1851,1845
1851,1850
1851,1730
1851,616
1851,617
1851,618
1851,1854
1851,1857
1851,1437
1851,1870
1851,424
1851,1884
1730,1286
1730,2027
1730,592
1730,62
1730,67
1730,68
1730,2279
1730,1729
1730,1850
1730,1851
1730,616
1730,617
1730,618
1730,1852
1730,1742
1730,1856
1730,1859
616,1636
616,2173
616,1714
616,3388
616,2241
616,2242
616,2034
616,3393
616,713
616,714
616,592
616,719
616,2056
616,721
616,50
616,2598
616,595
616,66
616,67
616,68
616,596
616,376
616,3400
616,607
616,381
616,93
616,609
616,1718
616,2279
616,1850
616,617
616,1852
616,1858
616,1747
616,4327
616,4750
616,1866
616,2774
616,2626
616,424
617,562
617,2104
617,2233
617,3388
617,2025
617,2240
617,2241
617,2242
617,2027
617,2248
617,2252
617,2054
617,1560
617,3396
617,3398
617,713
617,714
617,592
617,721
617,60
617,62
617,595
617,66
617,596
617,2265
617,601
617,605
617,730
617,606
617,2279
617,614
617,1726
617,1850
617,1851
617,616
617,618
617,1853
617,1932
617,1854
617,1855
617,1857
617,1743
617,1862
617,4327
617,1867
617,1871
617,4392
617,636
617,748
617,2124
617,2079
618,1401
618,2241
618,2242
618,2027
618,592
618,596
618,2265
618,730
618,608
618,3410
618,1726
618,1850
618,1851
618,616
618,617
618,1852
618,1857
618,1313
1731,2585
1731,1840
1731,2279
1731,1846
1731,1726
1731,1727
1731,1728
1731,1729
1731,1850
1731,1730
1731,1852
1731,1934
1731,1858
1731,1859
1731,2468
1731,1196
1732,1701
1732,3393
1732,709
1732,67
1732,2265
1732,2602
1732,2608
1732,2278
1732,2279
1732,1719
1732,1720
1732,1847
1732,1850
1732,1851
1732,616
1732,1856
1732,1858
1732,1859
1732,1437
1732,4326
1732,1862
1732,1753
1732,1870
1732,1775
1733,1416
1733,3400
1733,2613
1733,2614
1733,2273
1733,1435
1733,1742
1733,1855
1733,1859
1733,1438
1733,390
1852,3058
1852,2587
1852,4271
1852,1174
1852,1286
1852,2027
1852,50
1852,4742
1852,4317
1852,2106
1852,2615
1852,1850
1852,618
1852,1932
1852,1934
1852,1855
1852,1856
1852,1858
1852,1859
1852,1745
1852,1750
1852,102
1852,4332
1852,2107
1852,4389
1852,4473
191,2696
191,2347
191,1377
191,2412
191,1657
191,5531
191,1676
191,3759
191,1414
191,4271
191,1419
191,1168
191,1169
191,3332
191,1283
191,2040
191,2260
191,4735
191,44
191,1028
191,3108
191,3217
191,1031
191,1433
191,1184
191,185
191,1290
191,2600
191,382
191,91
191,92
191,97
191,2613
191,1436
191,2615
191,2279
191,1726
191,1729
191,616
191,1733
191,1852
191,1936
191,1937
191,1742
191,1854
191,1857
191,1743
191,1859
191,1437
191,1438
191,2280
191,3411
191,1440
191,103
191,849
191,1444
191,1575
191,1581
191,1451
191,1205
191,1325
1929,2412
1929,2585
1929,190
1929,2106
1929,2615
1929,1852
1929,1932
1929,1938
1929,1742
1929,1857
1929,1858
1929,1743
1929,1859
1929,1942
1929,4332
1929,1863
1929,1581
1929,1953
1929,1772
1929,1777
1929,3669
1734,1649
1734,2412
1734,1901
1734,4740
1734,183
1734,73
1734,2457
1734,2278
1734,2615
1734,1848
1734,1737
1734,1930
1734,1931
1734,1935
1734,1936
1734,1938
1734,1742
1734,1857
1734,1858
1734,2468
1734,1747
1734,4330
1734,1439
1734,1761
1734,1776
1734,2669
1734,1818
1735,5829
1735,3386
1735,1169
1735,1176
1735,2025
1735,4740
1735,593
1735,4741
1735,2615
1735,1720
1735,615
1735,1726
1735,1727
1735,1728
1735,1850
1735,616
1735,1734
1735,1853
1735,1737
1735,1930
1735,1740
1735,1932
1735,1936
1735,1937
1735,1857
1735,2468
1735,103
1735,1754
1735,1761
1735,1765
1735,2296
1735,1773
1735,1776
1735,1798
1735,1967
1735,1804
1736,1676
1736,23
1736,2585
1736,1840
1736,1723
1736,1724
1736,1726
1736,1728
1736,1850
1736,618
1736,1852
1736,1737
1736,1930
1736,1740
1736,1935
1736,1937
1736,1742
1736,1855
1736,1857
1736,1858
1736,1859
1736,1437
1736,1750
1736,1754
1736,1944
1736,1763
1736,4451
1736,1476
1736,1781
1853,2347
1853,355
1853,1168
1853,50
1853,2269
1853,2279
1853,1726
1853,1727
1853,616
1853,1733
1853,1852
1853,1735
1853,1736
1853,1737
1853,1930
1853,1740
1853,1936
1853,1937
1853,1742
1853,1941
1853,1854
1853,1857
1853,1858
1853,1743
1853,1438
1853,1754
1853,1763
1853,1205
1853,1781
1737,1657
1737,1403
1737,1703
1737,1839
1737,1840
1737,184
1737,62
1737,66
1737,97
1737,3407
1737,2615
1737,2279
1737,614
1737,1726
1737,1727
1737,1728
1737,1850
1737,1730
1737,616
1737,618
1737,1852
1737,1736
1737,1930
1737,1739
1737,1740
1737,1932
1737,1934
1737,1935
1737,1936
1737,1937
1737,1938
1737,1742
1737,1941
1737,1855
1737,1857
1737,1858
1737,1859
1737,1437
1737,2468
1737,1862
1737,2616
1737,1438
1737,1748
1737,2280
1737,1946
1737,4389
1737,1460
1737,1951
1737,2651
1737,3123
1737,1780
1737,1781
1930,2347
1930,1673
1930,1703
1930,183
1930,2279
1930,1726
1930,1727
1930,1850
1930,616
1930,618
1930,1735
1930,1853
1930,1737
1930,1740
1930,1935
1930,1936
1930,1938
1930,1742
1930,1743
1930,1859
1930,2468
1930,1748
1930,2280
1930,4389
1930,1951
1738,271
1738,1706
1738,2449
1738,1710
1738,1711
1738,589
1738,4283
1738,2457
1738,4742
1738,190
1738,2278
1738,2106
1738,2061
1738,1739
1738,1740
1738,1741
1738,1931
1738,1935
1738,1742
1738,1941
1738,1855
1738,1857
1738,1743
1738,1756
1738,4362
1738,4396
1738,1767
1738,1809
1738,4662
1739,1632
1739,2354
1739,2412
1739,1916
1739,1678
1739,1403
1739,1918
1739,1689
1739,2436
1739,2437
1739,1690
1739,1693
1739,1694
1739,2443
1739,1702
1739,1706
1739,1921
1739,1707
1739,1840
1739,1924
1739,1710
1739,1711
1739,284
1739,1925
1739,1148
1739,1419
1739,589
1739,2103
1739,2104
1739,1167
1739,1175
1739,1176
1739,1177
1739,2025
1739,593
1739,3399
1739,2457
1739,1843
1739,2461
1739,190
1739,2609
1739,293
1739,2464
1739,2466
1739,2278
1739,2106
1739,2615
1739,2279
1739,1724
1739,1725
1739,1728
1739,1850
1739,1852
1739,1853
1739,1930
1739,1738
1739,1740
1739,1932
1739,1935
1739,1936
1739,1937
1739,1742
1739,1940
1739,1941
1739,2468
1739,1860
1739,1861
1739,4328
1739,3411
1739,1440
1739,4748
1739,1865
1739,2283
1739,299
1739,1583
1739,1756
1739,4359
1739,2066
1739,1759
1739,1947
1739,2626
1739,1768
1739,3123
1739,1785
1739,2496
1739,1809
1739,1810
1739,438
1739,1817
1740,2393
1740,2180
1740,2412
1740,4109
1740,1678
1740,1683
1740,2443
1740,1707
1740,1711
1740,589
1740,2239
1740,2241
1740,2457
1740,76
1740,2599
1740,78
1740,190
1740,2608
1740,2609
1740,1564
1740,97
1740,2464
1740,2466
1740,2278
1740,2106
1740,2061
1740,2615
1740,1722
1740,1726
1740,616
1740,1735
1740,1853
1740,1930
1740,1738
1740,1741
1740,1931
1740,1932
1740,1933
1740,1938
1740,1940
1740,2468
1740,1860
1740,2280
1740,1750
1740,3411
1740,1754
1740,1756
1740,1944
1740,1945
1740,2478
1740,4447
1740,1961
1740,1964
1740,4662
1741,1678
1741,1841
1741,2599
1741,78
1741,1564
1741,2613
1741,2465
1741,2615
1741,1846
1741,1729
1741,1736
1741,1737
1741,1738
1741,1739
1741,1932
1741,1742
1741,1857
1741,1743
1741,1861
1741,1942
1741,1863
1741,390
1741,1756
1741,1949
1741,1767
1931,4109
1931,2219
1931,4235
1931,1924
1931,593
1931,2457
1931,2466
1931,2106
1931,2615
1931,617
1931,1738
1931,1740
1931,1932
1931,1933
1931,1934
1931,1935
1931,1936
1931,1939
1931,1747
1931,627
1931,4359
1931,1944
1931,4653
1932,1678
1932,2009
1932,2585
1932,1171
1932,1177
1932,2237
1932,4291
1932,2025
1932,2239
1932,2242
1932,2027
1932,4732
1932,3216
1932,595
1932,2457
1932,2603
1932,2615
1932,1846
1932,1729
1932,1849
1932,1850
1932,1851
1932,1730
1932,618
1932,1852
1932,1738
1932,1739
1932,1740
1932,1935
1932,1936
1932,1938
1932,1855
1932,1858
1932,1743
1932,1437
1932,1860
1932,1862
1932,2280
1932,3411
1932,4358
1932,1757
1932,1943
1932,1953
1932,1954
2467,1633
2467,1891
2467,1824
2467,1638
2467,1642
2467,1646
2467,2406
2467,1660
2467,4080
2467,1661
2467,4104
2467,3528
2467,1666
2467,2427
2467,1670
2467,1671
2467,1837
2467,1676
2467,1678
2467,1681
2467,1683
2467,1685
2467,1689
2467,2436
2467,2437
2467,1690
2467,2438
2467,2439
2467,1691
2467,1692
2467,2441
2467,1693
2467,4240
2467,1702
2467,1703
2467,1705
2467,1707
2467,4260
2467,1708
2467,1709
2467,1924
2467,5832
2467,4272
2467,1710
2467,1711
2467,1712
2467,1925
2467,1148
2467,1713
2467,1177
2467,32
2467,592
2467,596
2467,3399
2467,2457
2467,2461
2467,609
2467,2464
2467,1926
2467,2466
2467,2278
2467,2061
2467,2615
2467,1718
2467,2279
2467,1845
2467,1720
2467,1721
2467,1722
2467,614
2467,1723
2467,615
2467,1726
2467,1727
2467,1728
2467,1848
2467,1729
2467,1850
2467,1851
2467,1730
2467,616
2467,617
2467,1731
2467,1852
2467,1929
2467,1734
2467,1735
2467,1853
2467,1737
2467,1930
2467,1739
2467,1740
2467,1741
2467,1931
2467,1932
2467,1933
2467,1934
2467,1935
2467,1936
2467,1937
2467,1938
2467,1742
2467,1940
2467,1941
2467,1854
2467,1855
2467,1856
2467,1857
2467,1858
2467,1743
2467,1859
2467,1860
2467,1746
2467,1861
2467,4326
2467,1747
2467,620
2467,1748
2467,4327
2467,2280
2467,1750
2467,4328
2467,1751
2467,4332
2467,4336
2467,5854
2467,390
2467,1752
2467,4353
2467,4358
2467,1754
2467,1756
2467,4359
2467,1758
2467,5860
2467,4361
2467,1759
2467,4362
2467,1943
2467,1869
2467,1870
2467,1945
2467,1946
2467,1947
2467,1762
2467,1949
2467,1763
2467,1765
2467,1874
2467,1767
2467,1952
2467,1954
2467,1770
2467,5882
2467,1773
2467,1775
2467,1777
2467,3420
2467,1877
2467,1781
2467,1783
2467,1784
2467,1789
2467,1790
2467,1961
2467,1792
2467,1796
2467,1798
2467,1964
2467,1801
2467,1967
2467,1968
2467,1804
2467,1805
2467,1971
2467,1814
2467,4652
1933,1676
1933,186
1933,2609
1933,1564
1933,1926
1933,2279
1933,1726
1933,1727
1933,1728
1933,616
1933,1739
1933,1740
1933,1741
1933,1932
1933,1934
1933,1937
1933,1938
1933,1742
1933,1941
1933,1857
1933,1859
1933,1751
1933,1754
1933,1759
1933,1946
1934,2172
1934,1916
1934,4260
1934,1708
1934,1171
1934,1179
1934,4291
1934,2239
1934,2596
1934,3393
1934,721
1934,53
1934,4325
1934,1729
1934,1850
1934,1852
1934,1737
1934,1738
1934,1931
1934,1932
1934,1933
1934,1935
1934,1936
1934,1938
1934,1855
1934,1857
1934,1858
1934,1567
1934,2475
1934,5870
1934,123
1934,1958
1935,2172
1935,5043
1935,3069
1935,1694
1935,1839
1935,2229
1935,2592
1935,2239
1935,2027
1935,2276
1935,2278
1935,2106
1935,2279
1935,1729
1935,1850
1935,1852
1935,1736
1935,1737
1935,1930
1935,1932
1935,1934
1935,1936
1935,1938
1935,1940
1935,1941
1935,1858
1935,1743
1935,1437
1935,2280
1935,1750
1935,1440
1935,1867
1935,1757
1935,1948
1935,1781
1935,1881
1935,1803
1935,1810
1935,1817
1936,4014
1936,4058
1936,1909
1936,2436
1936,4235
1936,4240
1936,588
1936,589
1936,2239
1936,593
1936,2457
1936,2265
1936,2464
1936,2466
1936,2061
1936,2615
1936,2279
1936,1739
1936,1740
1936,1932
1936,2467
1936,1934
1936,1935
1936,1937
1936,1938
1936,1939
1936,1854
1936,1855
1936,1857
1936,1858
1936,1743
1936,1437
1936,3411
1936,4358
1936,4359
1936,1757
1936,4362
1936,1945
1936,1953
1936,4451
1936,1963
1937,2279
1937,1850
1937,1730
1937,1852
1937,1735
1937,1853
1937,1737
1937,1930
1937,1932
1937,1936
1937,1938
1937,1742
1937,1941
1937,1743
1937,1859
1937,2280
1937,1944
1937,1951
1937,4451
1938,2412
1938,2241
1938,66
1938,2615
1938,2279
1938,1846
1938,1932
1938,1937
1938,1855
1938,1857
1938,1858
1938,1743
1938,2280
1938,4449
1938,4451
1938,1772
1742,1657
1742,1676
1742,2454
1742,2615
1742,2279
1742,1845
1742,1728
1742,1850
1742,616
1742,1733
1742,1852
1742,1736
1742,1853
1742,1737
1742,1930
1742,1933
1742,1935
1742,1936
1742,1937
1742,1938
1742,1941
1742,1856
1742,1857
1742,1743
1742,1859
1742,1745
1742,1438
1742,2622
1742,1780
1939,1896
1939,1909
1939,1917
1939,2436
1939,1707
1939,1710
1939,1711
1939,1419
1939,2235
1939,4291
1939,2239
1939,2457
1939,2266
1939,2275
1939,1926
1939,2061
1939,2615
1939,2279
1939,1849
1939,1850
1939,1851
1939,1852
1939,1853
1939,1930
1939,1740
1939,1741
1939,1932
1939,2467
1939,1934
1939,1935
1939,1936
1939,1937
1939,1742
1939,1940
1939,1854
1939,1743
1939,2280
1939,4359
1939,1944
1939,1767
1939,1952
1939,1954
1939,1958
1939,1959
1939,1974
1940,37
1940,66
1940,189
1940,2278
1940,1850
1940,1852
1940,1930
1940,1931
1940,1932
1940,1935
1940,1936
1940,1937
1940,1742
1940,1437
1940,1438
1940,1944
1940,1952
1940,1814
1940,4652
1940,1974
1941,3072
1941,66
1941,92
1941,2106
1941,2279
1941,1848
1941,1729
1941,1730
1941,1736
1941,1737
1941,1930
1941,1932
1941,1936
1941,1937
1941,1938
1941,1742
1941,1855
1941,1858
1941,1743
1941,1859
1941,1745
1941,1942
1941,1944
1941,1946
1941,1953
1854,3400
1854,1721
1854,1849
1854,1850
1854,1853
1854,2467
1854,1855
1854,1857
1854,1858
1854,1860
1854,2470
1854,1864
1854,1865
1854,1870
1854,4484
1854,4693
1855,1655
1855,2009
1855,4270
1855,4271
1855,1416
1855,1167
1855,1169
1855,1177
1855,3848
1855,3849
1855,1286
1855,2237
1855,3388
1855,4291
1855,2238
1855,2242
1855,2053
1855,4732
1855,32
1855,4740
1855,3394
1855,713
1855,592
1855,60
1855,62
1855,64
1855,66
1855,68
1855,1029
1855,376
1855,3401
1855,1184
1855,730
1855,1843
1855,2270
1855,1292
1855,3407
1855,2274
1855,2106
1855,2061
1855,2615
1855,2279
1855,1845
1855,4325
1855,1721
1855,1846
1855,1723
1855,1726
1855,1729
1855,1850
1855,1851
1855,1733
1855,1852
1855,1853
1855,1737
1855,1932
1855,1936
1855,1938
1855,1941
1855,1856
1855,1857
1855,1858
1855,1743
1855,1859
1855,1437
1855,1860
1855,1862
1855,2616
1855,1438
1855,103
1855,4332
1855,622
1855,1864
1855,1752
1855,4358
1855,1757
1855,4360
1855,4361
1855,1870
1855,1944
1855,1946
1855,401
1855,1762
1855,2119
1855,1772
1855,4764
1855,2124
1855,2132
1855,4484
1855,2150
1856,2454
1856,2233
1856,2241
1856,50
1856,66
1856,68
1856,376
1856,2269
1856,609
1856,1436
1856,2615
1856,2279
1856,1845
1856,1848
1856,1850
1856,1851
1856,616
1856,618
1856,1852
1856,1736
1856,1737
1856,1937
1856,1742
1856,1857
1856,1858
1856,1743
1856,1859
1856,1437
1856,102
1856,1944
1856,1327
1857,2347
1857,1377
1857,1643
1857,1644
1857,3528
1857,1666
1857,1675
1857,1678
1857,2447
1857,2241
1857,60
1857,376
1857,2457
1857,2608
1857,1436
1857,2464
1857,1717
1857,2106
1857,2615
1857,1726
1857,1849
1857,1850
1857,616
1857,1732
1857,1733
1857,1852
1857,1853
1857,1737
1857,1930
1857,1738
1857,1739
1857,1740
1857,1932
1857,2467
1857,1936
1857,1937
1857,1938
1857,1742
1857,1854
1857,1855
1857,1743
1857,1859
1857,1437
1857,1862
1857,2280
1857,1750
1857,4335
1857,4358
1857,1943
1857,1869
1857,1870
1857,1944
1857,1947
1857,1762
1857,1764
1857,4408
1857,2483
1857,1820
1858,2455
1858,1286
1858,1287
1858,2027
1858,3393
1858,3398
1858,709
1858,66
1858,67
1858,376
1858,381
1858,2270
1858,2278
1858,2061
1858,2615
1858,2279
1858,1845
1858,4325
1858,1846
1858,1850
1858,1733
1858,1852
1858,1934
1858,1855
1858,1857
1858,2616
1858,2280
1858,1750
1858,389
1858,393
1858,396
1743,1636
1743,2412
1743,1092
1743,1922
1743,2585
1743,2590
1743,4285
1743,1286
1743,2237
1743,2025
1743,2239
1743,2027
1743,2260
1743,3397
1743,66
1743,68
1743,2599
1743,78
1743,1292
1743,2606
1743,2607
1743,190
1743,92
1743,97
1743,2613
1743,2276
1743,2106
1743,2615
1743,2279
1743,4747
1743,1729
1743,1850
1743,1851
1743,1730
1743,616
1743,617
1743,618
1743,1852
1743,1932
1743,1935
1743,1938
1743,1856
1743,1857
1743,1858
1743,1437
1743,1745
1743,1860
1743,1438
1743,3411
1743,4750
1743,390
1743,2622
1743,1757
1743,1767
1743,2639
1743,4449
1743,5882
1743,1968
1859,1701
1859,1840
1859,63
1859,68
1859,185
1859,2279
1859,615
1859,1728
1859,1729
1859,1850
1859,1730
1859,618
1859,1733
1859,1852
1859,1853
1859,1932
1859,1935
1859,1742
1859,1856
1859,1437
1859,4326
1859,2280
1859,4389
1859,1952
1859,1876
1437,2393
1437,2014
1437,1841
1437,1167
1437,1169
1437,1172
1437,1179
1437,3848
1437,2237
1437,2027
1437,38
1437,592
1437,480
1437,1433
1437,3400
1437,3403
1437,1435
1437,2274
1437,2106
1437,2279
1437,1850
1437,1858
1437,1438
1437,2280
1437,1583
1437,1508
1744,2347
1744,1433
1744,186
1744,190
1744,2106
1744,2279
1744,1931
1744,1742
1744,1941
1744,1855
1744,1856
1744,1857
1744,1743
1744,1745
1744,1438
1744,2625
2468,2343
2468,2347
2468,3388
2468,2242
2468,2051
2468,1560
2468,714
2468,183
2468,60
2468,62
2468,66
2468,2601
2468,2464
2468,2276
2468,2615
2468,2279
2468,1740
2468,1936
2468,1742
2468,1855
2468,1747
2468,2616
2468,1748
2468,1865
2468,2287
2468,2625
2468,4392
1745,2536
1745,2347
1745,4699
1745,3060
1745,3070
1745,2590
1745,1286
1745,713
1745,66
1745,1292
1745,2606
1745,2607
1745,91
1745,1293
1745,97
1745,2613
1745,2615
1745,2279
1745,1846
1745,1729
1745,1850
1745,1851
1745,1730
1745,1852
1745,1855
1745,1856
1745,1857
1745,1858
1745,1743
1745,1862
1745,1438
1745,2280
1745,1942
1745,102
1745,2622
1745,2639
1745,1780
1860,3942
1860,4098
1860,1913
1860,2429
1860,3105
1860,564
1860,1684
1860,586
1860,2103
1860,2104
1860,2233
1860,1175
1860,3388
1860,593
1860,4315
1860,2465
1860,2061
1860,1729
1860,617
1860,1855
1860,1858
1860,1746
1860,620
1860,2107
1860,622
1860,4336
1860,2473
1860,1756
1860,2120
1860,648
1860,659
1746,2231
1746,4291
1746,2256
1746,1289
1746,62
1746,1183
1746,2606
1746,92
1746,1294
1746,1295
1746,2279
1746,614
1746,1726
1746,616
1746,2468
1746,1747
1746,1867
1746,123
1746,2642
1746,1322
1746,2690
1861,2103
1861,2104
1861,2233
1861,2025
1861,62
1861,595
1861,598
1861,190
1861,92
1861,2278
1861,2106
1861,2615
1861,2279
1861,614
1861,1847
1861,1850
1861,616
1861,617
1861,618
1861,1437
1861,1860
1861,4332
1861,2283
1861,2124
4326,4721
4326,1708
4326,4283
4326,2027
4326,63
4326,2608
4326,98
4326,4318
4326,1718
4326,2279
4326,1729
4326,1850
4326,1852
4326,1854
4326,1857
4326,1859
4326,2280
4326,1874
4326,4408
4326,2640
4326,2651
4326,3123
1862,3388
1862,2241
1862,2242
1862,2615
1862,2279
1862,1733
1862,1865
1747,1651
1747,2448
1747,366
1747,2455
1747,1286
1747,4291
1747,2239
1747,1559
1747,42
1747,62
1747,66
1747,376
1747,601
1747,602
1747,603
1747,2459
1747,381
1747,1294
1747,1295
1747,2615
1747,1850
1747,616
1747,1857
1747,2468
1747,1746
1747,103
1747,393
1747,2621
1747,1756
1747,398
1747,1802
2616,2252
2616,4732
2616,3395
2616,66
2616,3399
2616,2458
2616,91
2616,3407
2616,2462
2616,2615
2616,2469
2616,4753
2616,2482
2616,114
2616,2521
619,573
619,589
619,2104
619,3388
619,713
619,66
619,597
619,2265
619,602
619,603
619,2061
619,2279
619,1723
619,1850
619,616
619,1855
619,1861
619,620
619,622
619,626
619,2108
619,1872
619,1873
619,2114
619,2115
619,2117
619,2298
619,2303
619,2142
620,2229
620,2103
620,4291
620,2241
620,2242
620,2252
620,48
620,593
620,595
620,600
620,602
620,730
620,2603
620,609
620,2278
620,616
620,1931
620,1747
620,2280
620,1865
620,2621
620,2143
620,4766
1438,2696
1438,5780
1438,4892
1438,1407
1438,2587
1438,1416
1438,1419
1438,1841
1438,5626
1438,1169
1438,1179
1438,3848
1438,1283
1438,2240
1438,4734
1438,66
1438,67
1438,76
1438,1183
1438,3400
1438,186
1438,382
1438,3219
1438,2603
1438,92
1438,2611
1438,3409
1438,1435
1438,3410
1438,4317
1438,1436
1438,1721
1438,1848
1438,1729
1438,1850
1438,1730
1438,1852
1438,191
1438,1857
1438,1858
1438,1437
1438,1438
1438,2280
1438,1750
1438,3411
1438,2470
1438,4338
1438,2904
1438,1305
1438,1456
1438,2906
1438,1459
1438,1463
1438,2912
1438,2916
1438,1485
1748,2343
1748,2347
1748,2412
1748,2025
1748,2028
1748,62
1748,730
1748,2459
1748,291
1748,2462
1748,2466
1748,2278
1748,2615
1748,1726
1748,2468
1748,1861
1748,2616
1748,620
1748,1751
1748,102
1748,2621
1749,1637
1749,3398
1749,60
1749,4742
1749,3400
1749,2459
1749,2276
1749,2278
1749,2615
1749,2279
1749,1730
1749,616
1749,1852
1749,1853
1749,2468
1749,1751
1749,733
4327,4253
4327,2229
4327,588
4327,589
4327,1841
4327,4291
4327,2265
4327,3400
4327,2278
4327,2279
4327,1852
4327,4353
2280,1646
2280,261
2280,1683
2280,271
2280,2443
2280,273
2280,277
2280,278
2280,2587
2280,4281
2280,2592
2280,373
2280,1168
2280,1177
2280,4291
2280,2025
2280,2239
2280,2241
2280,2242
2280,2260
2280,1432
2280,3395
2280,3398
2280,376
2280,1183
2280,2762
2280,2458
2280,2267
2280,83
2280,2459
2280,289
2280,293
2280,3410
2280,1436
2280,2615
2280,2279
2280,1740
2280,1855
2280,1857
2280,1438
2280,1750
2280,1440
2280,294
2280,2765
2280,3222
2280,3231
2280,296
2280,5860
1750,2347
1750,4713
1750,1683
1750,1687
1750,277
1750,4222
1750,2587
1750,1713
1750,1841
1750,2242
1750,1432
1750,76
1750,95
1750,1436
1750,2615
1750,1724
1750,1739
1750,1740
1750,1932
1750,1935
1750,1938
1750,1855
1750,1857
1750,1437
1750,1438
1750,2280
1750,3411
1750,1752
1750,1758
1750,5860
1750,3113
1750,1322
1750,4621
1750,1822
4328,1149
4328,589
4328,2104
4328,2233
4328,1171
4328,1177
4328,2027
4328,2252
4328,2278
4328,1751
4328,4751
4328,1759
4328,1947
4328,1955
4328,1241
1751,2347
1751,3373
1751,2412
1751,3387
1751,1171
1751,4291
1751,4741
1751,3399
1751,2457
1751,2599
1751,2460
1751,609
1751,1926
1751,2615
1751,1727
1751,1932
1751,1935
1751,1936
1751,1937
1751,1938
1751,1855
1751,1743
1751,2468
1751,1748
1751,4364
1751,1772
1751,1966
1751,1970
4329,2238
4329,2241
4329,713
4329,718
4329,50
4329,1028
4329,376
4329,603
4329,83
4329,381
4329,616
4329,618
4330,48
4330,596
4330,598
4330,2265
4330,601
4330,602
4330,603
4330,607
4330,2278
4330,616
4330,1734
4330,1746
4330,1747
4330,2281
4330,2282
4330,2295
5849,152
5849,3
5849,4708
5849,5271
5849,35
5849,480
5849,72
5849,75
5849,76
5849,2762
5849,80
5849,4340
5849,200
5849,2774
5849,1501
2281,3388
2281,2242
2281,2252
2281,2039
2281,2263
2281,714
2281,50
2281,1028
2281,68
2281,2265
2281,600
2281,2468
2281,1567
2281,2284
2281,2295
2282,2240
2282,2241
2282,2242
2282,2248
2282,2252
2282,2255
2282,4733
2282,2263
2282,600
2282,2272
2282,2278
2282,2281
2282,1567
2282,2285
2282,638
2282,2295
2282,4404
5850,5749
5850,5750
5850,2347
5850,5756
5850,5757
5850,5759
5850,5762
5850,5763
5850,5764
5850,5768
5850,5769
5850,5771
5850,5773
5850,5774
5850,5776
5850,5782
5850,5783
5850,5784
5850,5786
5850,5787
5850,5788
5850,5789
5850,1658
5850,5790
5850,5791
5850,5792
5850,5793
5850,5794
5850,5796
5850,5797
5850,4935
5850,5800
5850,3510
5850,5802
5850,5803
5850,3533
5850,5805
5850,5806
5850,5807
5850,5808
5850,5809
5850,5810
5850,5812
5850,5813
5850,5816
5850,5817
5850,3322
5850,5818
5850,5819
5850,5820
5850,1404
5850,5822
5850,5824
5850,277
5850,5825
5850,5826
5850,5827
5850,5828
5850,5829
5850,1555
5850,5830
5850,841
5850,5832
5850,1154
5850,2452
5850,5834
5850,5835
5850,2241
5850,2029
5850,5836
5850,4739
5850,5837
5850,43
5850,51
5850,5839
5850,5840
5850,61
5850,597
5850,599
5850,1433
5850,3567
5850,5841
5850,2762
5850,185
5850,379
5850,5843
5850,5845
5850,5846
5850,611
5850,5847
5850,1849
5850,2467
5850,1939
5850,5851
5850,3411
5850,849
5850,2062
5850,5852
5850,5853
5850,5854
5850,5855
5850,5856
5850,5857
5850,5733
5850,5858
5850,1577
5850,5860
5850,5862
5850,5863
5850,5864
5850,2479
5850,5865
5850,5866
5850,5868
5850,856
5850,3654
5850,5869
5850,5870
5850,5871
5850,5872
5850,5873
5850,5875
5850,5876
5850,5877
5850,5879
5850,5880
5850,5881
5850,2666
5850,5883
5850,5884
5850,5886
5850,5887
5850,5888
5850,5889
5850,5891
5850,5892
5850,5893
5850,3784
5850,5894
5850,873
5850,877
5850,5896
5850,5897
2469,2347
2469,3373
2469,4717
2469,4170
2469,3387
2469,4738
2469,66
2469,376
2469,76
2469,1433
2469,185
2469,2458
2469,2459
2469,2608
2469,2464
2469,2466
2469,1855
2469,2765
2469,2479
2469,1762
1942,2560
1942,2412
1942,2585
1942,1286
1942,66
1942,68
1942,78
1942,2607
1942,2608
1942,2609
1942,2610
1942,96
1942,2614
1942,2615
1942,1724
1942,1736
1942,1742
1942,1856
1942,1743
1942,1745
1942,1944
1942,2625
4331,3440
4331,3596
4331,3935
4331,14
4331,167
4331,4199
4331,171
4331,837
4331,838
4331,3212
4331,3214
4331,3846
4331,4275
4331,1165
4331,4736
4331,4738
4331,5293
4331,845
4331,55
4331,480
4331,1183
4331,80
4331,1563
4331,1291
4331,189
4331,848
4331,4317
4331,1438
4331,849
4331,2765
4331,3220
4331,851
4331,3856
4331,1202
4331,2916
5851,1255
5851,3510
5851,1122
5851,566
5851,4263
5851,1413
5851,370
5851,1283
5851,707
5851,42
5851,713
5851,592
5851,598
5851,603
5851,2762
5851,622
5851,2618
5851,2903
5851,387
5851,196
5851,1871
5851,648
5851,3575
1439,3061
1439,1283
1439,1560
1439,1561
1439,1562
1439,60
1439,64
1439,1433
1439,3400
1439,1290
1439,2600
1439,2279
1439,1575
1439,1588
1439,1590
1439,3116
1565,1273
1565,3849
1565,1284
1565,2022
1565,2238
1565,2031
1565,1559
1565,1560
1565,713
1565,1561
1565,1562
1565,1292
1565,1564
1565,1439
1565,1297
1565,4392
1565,937
3333,842
3333,1148
3333,3847
3333,2759
3333,1153
3333,1167
3333,1168
3333,1169
3333,1170
3333,1177
3333,2593
3333,4291
3333,2238
3333,1559
3333,592
3333,376
3333,2457
3333,2265
3333,1183
3333,2762
3333,2599
3333,4308
3333,92
3333,290
3333,616
3333,1932
3333,1578
3333,1306
3333,1450
3333,1458
3333,524
3333,309
3333,3116
1566,1512
1566,2412
1566,3201
1566,1273
1566,1556
1566,24
1566,373
1566,3849
1566,2593
1566,2022
1566,1427
1566,3850
1566,60
1566,66
1566,68
1566,3399
1566,2600
1566,91
1566,1564
1566,1293
1566,2614
1566,3408
1566,2275
1566,2278
1566,1929
1566,1734
1566,1438
1566,1751
1566,1189
1566,1296
1566,1570
1566,1306
1566,1582
1566,1583
1566,1584
1566,3112
1566,3119
1566,1595
1566,3128
1566,1611
3411,5705
3411,1379
3411,2180
3411,3498
3411,1119
3411,1273
3411,1553
3411,4270
3411,4271
3411,3845
3411,1423
3411,1424
3411,1174
3411,1179
3411,3848
3411,3332
3411,3849
3411,1426
3411,2018
3411,2242
3411,2027
3411,2028
3411,2033
3411,1428
3411,2260
3411,1559
3411,3564
3411,1430
3411,5293
3411,66
3411,67
3411,3400
3411,1184
3411,2600
3411,2763
3411,1292
3411,91
3411,2613
3411,2273
3411,3410
3411,4317
3411,1436
3411,2106
3411,2279
3411,1928
3411,1852
3411,1854
3411,1857
3411,1437
3411,1861
3411,1438
3411,2280
3411,103
3411,4332
3411,4337
3411,3220
3411,2620
3411,1303
3411,1447
3411,1574
3411,5863
3411,1459
3411,2910
3411,3256
3411,652
3411,2499
3411,1492
3411,5650
1187,2455
1187,1171
1187,3217
1187,1183
1187,102
1187,1202
1188,2353
1188,5548
1188,5549
1188,5551
1188,2393
1188,3072
1188,3831
1188,5144
1188,4813
1188,5271
1188,2901
1188,22
1188,2449
1188,1168
1188,1179
1188,1181
1188,1432
1188,3852
1188,480
1188,1433
1188,1183
1188,1184
1188,2762
1188,2599
1188,3218
1188,2278
1188,3411
1188,2764
1188,1567
1188,1189
1188,930
1188,2769
1188,1191
1188,1443
1188,1575
1188,1584
1188,851
1188,200
1188,2907
1188,1466
1188,2930
1440,3041
1440,3071
1440,3755
1440,3400
1440,1290
1440,1733
1440,1935
1440,1305
1440,3113
1440,1340
1440,1509
102,2393
102,2410
102,2412
102,2584
102,2587
102,2590
102,2591
102,2455
102,2592
102,66
102,1183
102,3400
102,78
102,2600
102,2603
102,2605
102,2606
102,2607
102,190
102,92
102,2610
102,95
102,2613
102,2614
102,4321
102,2615
102,616
102,1733
102,1852
102,1857
102,1858
102,1745
102,2616
102,1438
102,3411
102,1755
102,2624
102,2639
102,2660
103,5753
103,543
103,2180
103,5062
103,2412
103,1402
103,2227
103,2018
103,2239
103,2041
103,4731
103,480
103,66
103,1183
103,2600
103,91
103,2610
103,1564
103,2611
103,2275
103,2278
103,2106
103,2615
103,2279
103,1567
103,4335
103,2286
103,2117
103,2119
103,1320
103,2124
294,3596
294,3370
294,2431
294,1421
294,1841
294,2103
294,4741
294,3399
294,376
294,2599
294,2458
294,2459
294,2460
294,2601
294,190
294,92
294,2609
294,293
294,3410
294,2466
294,2106
294,1738
294,1931
294,2280
294,4328
294,2765
294,3226
294,3232
294,1944
294,4375
294,4449
294,3123
4332,2221
4332,2009
4332,4270
4332,4271
4332,1174
4332,2018
4332,2237
4332,2258
4332,2260
4332,4738
4332,1842
4332,4317
4332,2279
4332,1730
4332,1852
4332,1857
4332,3411
4332,103
4332,3123
4332,652
2470,1841
2470,1424
2470,1177
2470,37
2470,4740
2470,601
2470,613
2470,2465
2470,2106
2470,2061
2470,1846
2470,1729
2470,1850
2470,616
2470,1852
2470,1854
2470,1858
2470,1860
2470,1440
2470,733
2470,2473
2470,4361
2470,2483
2470,2323
2764,2701
2764,1553
2764,2232
2764,1168
2764,3848
2764,3852
2764,4736
2764,76
2764,1433
2764,1183
2764,1184
2764,2762
2764,4331
2764,3335
2764,1574
2764,1202
2764,2774
2764,2627
2764,4395
3412,4713
3412,1168
3412,2025
3412,2027
3412,3391
3412,3395
3412,3396
3412,3397
3412,713
3412,1183
3412,3400
3412,3402
3412,3403
3412,2615
3412,3123
3412,2489
192,5484
192,3510
192,3544
192,1426
192,2238
192,1560
192,846
192,45
192,723
192,49
192,54
192,604
192,377
192,1290
192,2621
192,2288
192,1464
849,4779
849,3596
849,2347
849,5022
849,5049
849,819
849,5098
849,5099
849,2752
849,825
849,826
849,3510
849,922
849,4209
849,361
849,4225
849,928
849,839
849,585
849,1168
849,3332
849,2241
849,3565
849,30
849,845
849,3390
849,49
849,66
849,2265
849,2762
849,185
849,95
849,848
849,1439
849,2766
849,853
849,854
849,2479
849,931
849,3654
849,936
849,2498
849,864
849,3784
849,3665
849,4768
849,873
849,883
1567,2393
1567,1919
1567,2446
1567,1289
1567,480
1567,60
1567,1183
1567,2603
1567,4321
1567,1584
1567,2475
1189,2395
1189,3835
1189,589
1189,1165
1189,1168
1189,1171
1189,1172
1189,1179
1189,3848
1189,1181
1189,1432
1189,4741
1189,1433
1189,1183
1189,3409
1189,1438
1189,4331
1189,1187
1189,1567
1189,4357
1189,1574
1189,1306
1189,1195
1189,1200
1189,1458
1189,1202
1189,4389
4333,835
4333,2024
4333,2025
4333,2241
4333,2242
4333,2260
4333,4297
4333,1433
4333,4318
4333,1438
4333,4327
4333,4477
4333,3433
2765,2347
2765,4717
2765,4303
2765,2762
2765,2460
2765,2464
2765,294
2765,200
2765,2777
2765,2504
2471,3906
2471,2347
2471,2355
2471,2369
2471,4717
2471,2227
2471,2452
2471,2455
2471,2241
2471,3851
2471,4736
2471,376
2471,1433
2471,3567
2471,2762
2471,4743
2471,185
2471,2458
2471,2459
2471,4321
2471,2464
2471,3411
2471,1188
2471,294
2471,2765
2471,2499
4334,2580
4334,835
4334,1289
4334,4739
4334,3400
4334,91
4334,2278
4334,2615
4334,103
4334,4333
4334,4395
4334,1479
733,829
733,2252
733,3393
733,45
733,713
733,617
733,618
2617,2344
2617,2585
2617,2025
2617,2241
2617,846
2617,709
2617,62
2617,66
2617,2605
2617,190
2617,2608
2617,3406
2617,848
2617,4317
2617,2615
2617,2279
2617,1858
2617,1746
2617,1861
2617,102
2617,4332
2617,1755
2617,2624
2062,2167
2062,2015
2062,1422
2062,2024
2062,2248
2062,2254
2062,2255
2062,2037
2062,2038
2062,2039
2062,844
2062,2051
2063,2218
2063,2009
2063,4291
2063,2241
2063,2242
2063,2027
2063,2028
2063,2248
2063,2252
2063,844
2063,2045
2063,2258
2063,2049
2063,2050
2063,2055
2063,3390
2063,37
2063,722
2063,600
2064,2238
2064,2242
2064,2249
2064,2031
2064,2038
2064,2051
2064,1030
2064,376
2064,1032
2064,83
2064,380
2064,1038
4748,589
4748,1175
4748,591
4748,1289
4748,717
4748,184
4748,2599
4748,1852
4748,4327
4748,4353
4748,2318
621,4291
621,2025
621,2242
621,4735
621,1560
621,47
621,605
621,2266
621,2061
621,2615
621,1860
621,2300
1568,1148
1568,2759
1568,593
1568,64
1568,483
1568,485
1568,3333
1568,295
1568,655
734,2038
734,707
734,593
734,60
734,2265
734,383
734,1192
734,427
4335,585
4335,2018
4335,3388
4335,2241
4335,1427
4335,4738
4335,593
4335,594
4335,2265
4335,2267
4335,2278
4335,2279
4335,2107
4335,1864
4335,4753
4335,1947
4335,2110
4335,2113
4335,935
4335,2124
4335,2126
4335,1955
2107,1650
2107,2104
2107,4291
2107,2242
2107,2028
2107,2279
2107,4336
2107,2117
622,4716
622,561
622,566
622,2104
622,601
622,2277
622,2061
622,2279
622,1855
622,1863
622,1864
622,1871
622,628
622,2108
622,2109
622,2115
622,2116
622,2117
622,2128
622,2143
622,1964
2472,2347
2472,567
2472,2239
2472,2241
2472,2242
2472,593
2472,376
2472,2457
2472,2265
2472,1932
2472,1933
2472,1936
2472,1855
2472,622
2472,4362
2472,1870
2472,2294
2472,2117
2472,4408
4749,3547
4749,2103
4749,2238
4749,2242
4749,2051
4749,2052
4749,44
4749,714
4749,49
4749,1028
4749,54
4749,376
4749,1031
4749,84
4749,381
4749,92
4749,2279
4749,203
4749,1873
4749,2124
4749,2131
4336,4098
4336,2238
4336,2061
4336,2615
4336,2279
4336,1849
4336,1854
4336,1855
4336,1860
4336,620
4336,4335
4336,622
4336,1865
4336,4358
1863,1891
1863,564
1863,1684
1863,1287
1863,58
1863,603
1863,1295
1863,2061
1863,2615
1863,1850
1863,1851
1863,616
1863,1932
1863,1857
1863,1858
1863,1860
1863,733
1863,4336
1863,1870
1863,4408
5852,1908
5852,5829
5852,284
5852,2103
5852,2104
5852,2233
5852,1427
5852,5839
5852,2278
5852,2615
5852,1718
5852,2279
5852,1720
5852,1732
5852,1932
5852,1938
5852,1855
5852,1746
5852,620
5852,1864
5852,5854
5852,1757
5852,2066
5852,1870
5852,2108
5852,5868
5852,2113
5852,1950
5852,2119
5852,1765
5852,1773
5852,2124
5852,2132
5852,2300
5852,1967
5852,1804
1864,2171
1864,1833
1864,2232
1864,2018
1864,726
1864,2275
1864,2278
1864,1854
1864,1855
1864,1437
1864,1861
1864,1862
1864,1438
1864,4335
1864,622
1864,1865
1864,1866
1864,2108
1864,1872
1864,1873
1864,1875
1864,1883
1864,2157
1865,38
1865,1433
1865,2279
1865,1437
1865,1862
1865,1864
2283,2101
2283,3388
2283,2241
2283,2242
2283,601
2283,2266
2283,2106
2283,2279
2283,1846
2283,1935
2283,1855
2283,2282
2283,4336
2283,1865
2283,2108
2283,2132
2283,653
2283,2501
4337,5808
4337,4290
4337,1433
4337,1458
4337,2075
4337,2499
4338,5487
4338,5497
4338,5265
4338,3507
4338,3510
4338,3511
4338,4275
4338,4734
4338,38
4338,4741
4338,2600
4338,1438
4338,4385
4338,3571
3334,2227
3334,1423
3334,4734
3334,3400
3334,1438
3334,3338
104,2263
104,44
104,713
104,54
104,66
104,3400
104,377
193,4215
193,3388
193,4291
193,2238
193,4741
193,83
193,1036
193,1870
193,4374
193,4443
193,2641
193,1319
193,2646
3220,1175
3220,595
3220,4317
3220,3411
3220,1445
3220,1447
3220,2499
4339,3918
4339,3981
4339,3991
4339,4740
4339,480
4339,2603
4339,4341
4339,2774
930,150
930,2699
930,2724
930,1162
930,2232
930,3852
930,4738
930,1433
930,2762
930,4744
930,4308
930,1188
930,1443
930,1452
930,1199
930,507
930,508
930,3654
930,2792
930,940
930,1496
4340,4026
4340,3327
4340,1412
4340,3844
4340,1168
4340,4738
4340,2761
4340,4740
4340,480
4340,1183
4340,2762
4340,84
4340,486
4340,4350
4340,3225
4340,3234
4340,1194
4340,1575
4340,1199
4340,2776
4340,935
4340,3654
4340,2785
4340,4436
4340,4439
4340,1479
4340,4655
2766,2752
2766,4210
2766,926
2766,3844
2766,1170
2766,1171
2766,1173
2766,1432
2766,4303
2766,1433
2766,2762
2766,849
2766,1567
2766,2765
2766,4339
2766,4340
2766,2771
2766,853
2766,935
2766,4427
486,4291
486,2025
486,2242
486,2045
486,4739
486,726
486,480
486,88
486,2279
486,4340
486,2766
486,496
486,497
486,4428
486,4436
384,370
384,179
384,714
384,595
384,376
384,2269
384,2465
384,735
384,207
735,2445
735,1148
735,2242
735,711
735,714
735,592
735,722
735,724
735,376
735,602
735,1183
735,1843
735,2269
735,381
735,289
735,384
105,714
105,50
105,2598
105,60
105,65
4341,3596
4341,4238
4341,4740
4341,2767
4341,4755
4341,204
4342,2725
4342,4167
4342,49
4342,726
4342,480
4342,1032
4342,2762
4342,1036
4342,516
4342,957
4342,2822
4342,5635
4343,469
4343,470
4343,1183
4343,190
4343,490
4343,495
4343,496
4343,521
4343,522
4343,529
487,4740
487,183
487,187
487,4307
487,3221
488,49
488,1183
488,2762
488,3218
488,487
488,3221
488,519
488,521
4344,66
4344,1184
4344,88
4344,90
4344,91
4344,853
4344,4405
4344,2644
489,1013
489,170
489,183
489,1031
489,1032
489,483
489,848
489,4331
489,487
489,295
489,496
489,498
489,3226
489,388
489,3237
490,466
490,2575
490,1560
490,709
490,481
490,66
490,2762
490,2763
490,483
490,484
490,1185
490,290
490,487
490,295
490,495
490,496
490,498
490,499
490,518
490,523
295,1177
295,187
295,483
295,1035
295,88
295,378
295,293
295,496
295,1037
295,426
491,1177
491,183
491,376
491,83
491,4341
491,4342
491,487
491,4344
491,496
491,498
491,499
491,500
491,1042
491,3243
492,2762
492,1033
492,87
492,491
492,494
492,497
492,498
492,1036
492,1037
492,4355
492,2775
492,521
493,2701
493,1403
493,4238
493,4266
493,589
493,2242
493,480
493,73
493,1033
493,87
493,3218
493,4341
493,2767
493,3226
493,204
494,66
494,1183
494,187
494,190
494,487
494,495
494,496
494,498
495,2701
495,4740
495,1183
495,2762
495,84
495,3218
495,4343
495,4344
495,498
495,623
495,3222
495,3225
495,3235
495,1040
495,1041
495,1045
495,523
495,3264
495,531
496,152
496,4200
496,479
496,54
496,480
496,481
496,4303
496,1183
496,2762
496,85
496,87
496,1034
496,88
496,485
496,4341
496,4343
496,487
496,490
496,495
496,497
496,498
496,2768
496,1037
496,4423
496,4424
496,519
496,522
496,4429
496,4431
497,465
497,472
497,42
497,479
497,53
497,726
497,56
497,184
497,60
497,376
497,3217
497,1032
497,4303
497,2599
497,87
497,1034
497,88
497,492
497,494
497,495
497,498
497,499
497,3226
497,1036
497,1037
497,506
497,2775
497,515
497,521
497,522
497,523
497,525
497,528
498,50
498,1028
498,54
498,480
498,88
498,3218
498,492
498,496
498,1037
498,2775
498,521
498,523
499,475
499,2760
499,709
499,50
499,4742
499,1183
499,1184
499,1034
499,88
499,3218
499,190
499,92
499,494
499,498
499,500
499,3226
499,2775
499,2776
499,508
499,3243
499,2779
499,517
499,523
499,1051
499,122
499,533
500,1152
500,1184
500,88
500,487
500,496
500,499
500,3226
500,3234
500,2776
500,508
500,521
500,523
501,466
501,360
501,2242
501,47
501,60
501,2762
501,383
501,291
2767,2355
2767,152
2767,4722
2767,4736
2767,4738
2767,182
2767,60
2767,4303
2767,2762
2767,2599
2767,496
2767,4421
2767,4422
2767,4429
2767,528
2767,213
2284,2241
2284,2242
2284,2252
2284,2045
2284,4733
2284,2263
2284,2056
2284,593
2284,594
2284,600
2284,2468
2284,2281
5853,13
5853,4300
5853,1433
5853,5858
5853,4392
5853,4411
5853,4414
2768,3847
2768,2759
2768,62
2768,2763
2768,483
2768,88
2768,485
2768,293
2768,616
2768,487
2768,496
2768,2618
2768,4429
2768,2800
2768,2802
2768,2803
2768,4558
5854,3071
5854,3332
5854,5839
5854,62
5854,63
5854,64
5854,2466
5854,1859
5854,2468
5854,1565
5854,3333
5854,2768
5854,4392
5854,408
5854,1764
5854,4414
4345,3845
4345,1169
4345,1559
4345,3399
4345,2600
4345,1564
4345,2615
4345,1734
4345,1439
4345,4338
4345,1296
4345,2618
4345,1302
4345,1575
4345,1578
4345,1306
4345,1590
4345,1318
1296,2343
1296,1272
1296,4216
1296,4218
1296,1925
1296,4291
1296,4731
1296,1559
1296,1560
1296,64
1296,3217
1296,1290
1296,1186
1296,1734
1296,1934
1296,1749
1296,2768
1296,4345
1296,4351
1296,1302
1296,1572
1296,1306
1296,1584
1296,4400
1296,1590
1297,2588
1297,4291
1297,3850
1297,4739
1297,1433
1297,1183
1297,2603
1297,4316
1297,2276
1297,103
2618,3060
2618,2560
2618,3636
2618,1674
2618,2585
2618,1283
2618,4737
2618,1562
2618,1183
2618,2599
2618,1290
2618,2600
2618,1563
2618,2608
2618,92
2618,2610
2618,1438
2618,5855
2618,1301
2618,1574
2618,1575
2618,1580
2618,4443
2618,4524
4346,1276
4346,1287
4346,2021
4346,4289
4346,2027
4346,2028
4346,2031
4346,2048
4346,2262
4346,709
4346,3401
4346,1290
4346,4347
4346,4750
4346,4493
4347,1288
4347,2238
4347,2240
4347,2242
4347,1290
4347,3410
4347,4346
4347,1315
4347,4493
5855,2862
5855,1251
5855,6
5855,4033
5855,1252
5855,5015
5855,2560
5855,5787
5855,1262
5855,4149
5855,1550
5855,3201
5855,1270
5855,1272
5855,4216
5855,1553
5855,4230
5855,1276
5855,1278
5855,4264
5855,4265
5855,4284
5855,3849
5855,2234
5855,4285
5855,4286
5855,1285
5855,1286
5855,4289
5855,4292
5855,1290
5855,2600
5855,1563
5855,4306
5855,1564
5855,1295
5855,2615
5855,1297
5855,2618
5855,4346
5855,4347
5855,1298
5855,2619
5855,1301
5855,1302
5855,1304
5855,1306
5855,1583
5855,4401
5855,4409
5855,4441
5855,1316
5855,4443
5855,2645
5855,2655
5855,1322
5855,2656
5855,1323
5855,1329
5855,1336
5855,1222
5855,4615
5855,1358
5855,2937
1298,5047
1298,4717
1298,2241
1298,2033
1298,73
1298,1290
1298,2600
1298,2603
1298,1857
1298,2618
1298,4762
1298,124
1298,1325
1299,2584
1299,1287
1299,2028
1299,3396
1299,709
1299,65
1299,66
1299,186
1299,1290
1299,2608
1299,92
1299,2611
1299,1294
1299,1295
1299,3409
1299,3412
1299,4750
1299,1315
1299,2644
1299,1320
1299,2648
1299,2665
1299,223
2619,1180
2619,66
2619,1183
2619,2600
2619,2610
2619,2611
2619,1294
2619,98
2619,1312
4750,3510
4750,3511
4750,2584
4750,715
4750,719
4750,184
4750,81
4750,2268
4750,1299
4750,1448
4750,2650
4750,3123
1300,2560
1300,2575
1300,566
1300,1286
1300,68
1300,1183
1300,2599
1300,2600
1300,1292
1300,2610
1300,1187
1300,2623
1300,1943
1300,2642
4348,2181
4348,3388
4348,2025
4348,2242
4348,1289
4348,62
4348,600
4348,602
4348,607
4348,2600
4348,2271
4348,616
4348,2468
4348,4330
2769,2739
2769,3543
2769,2753
2769,4739
2769,4740
2769,3397
2769,480
2769,89
2769,1188
2769,4340
2769,4751
2769,3655
2769,858
4349,1181
4349,89
4349,189
4349,1188
4349,2770
4349,3234
4349,3241
4349,4462
3335,3326
3335,3845
3335,3332
3335,4286
3335,1426
3335,1183
3335,3400
3335,89
3335,3411
3335,2770
3335,1443
3335,4462
3335,208
4751,3510
4751,3543
4751,4734
4751,4739
4751,480
4751,2762
4751,4340
4751,4767
4751,4768
1441,842
1441,3331
1441,4275
1441,1169
1441,29
1441,3852
1441,1183
1441,1188
1441,1443
1441,2793
1441,2809
1441,2810
1441,1484
1441,2823
385,3845
385,1179
385,179
385,4294
385,1184
385,89
385,4317
385,3411
385,1584
385,1588
2770,1179
2770,1181
2770,184
2770,74
2770,1183
2770,89
2770,383
2770,95
2770,290
2770,4349
2770,3260
2770,4462
2770,4463
2771,2889
2771,3565
2771,2762
2771,89
2771,849
2771,2766
2771,1443
2771,4419
2771,2799
2771,4463
2771,4576
2771,3673
1190,3291
1190,3320
1190,3326
1190,3845
1190,1153
1190,1166
1190,1168
1190,1170
1190,1172
1190,1179
1190,1191
1190,3856
1190,1588
1190,2917
1191,156
1191,1406
1191,478
1191,1138
1191,3845
1191,1151
1191,1153
1191,1157
1191,1168
1191,1170
1191,2040
1191,3850
1191,2262
1191,3394
1191,3395
1191,3399
1191,2762
1191,1926
1191,1188
1191,2765
1191,1441
1191,1190
1191,1442
1191,1443
1191,195
1191,3226
1191,1458
1191,1588
1191,4761
1191,1466
1191,2917
1191,1471
1191,968
1191,1216
1191,1481
1442,1168
1442,1180
1442,3851
1442,49
1442,479
1442,1032
1442,1184
1442,88
1442,189
1442,1187
1442,1191
1442,1443
1442,2772
1442,623
1442,3225
1442,3226
1442,197
1442,1471
1442,1216
1442,1481
1443,156
1443,3642
1443,3845
1443,1167
1443,29
1443,3398
1443,76
1443,3400
1443,189
1443,190
1443,2273
1443,1188
1443,4751
1443,1441
1443,1190
1443,1191
1443,1443
1443,2772
1443,3338
1443,1588
1443,2807
1443,1470
1443,1471
1443,2918
1443,2814
1443,1217
1443,1484
1443,3673
1443,4648
2772,1406
2772,480
2772,4303
2772,88
2772,2765
2772,2767
2772,1443
2772,2777
2772,521
194,153
194,3986
194,4707
194,3380
194,2571
194,3848
194,74
194,3400
194,1443
194,1448
194,1588
194,3250
194,2999
194,1324
194,877
194,5308
2903,3178
2903,3400
2903,1184
2903,1564
2903,1439
2903,4333
2903,2904
2903,3234
2903,3237
2903,4753
2903,1589
2903,2910
2903,2918
2903,2927
2903,5650
2904,1255
2904,4931
2904,3848
2904,182
2904,3400
2904,1290
2904,2273
2904,2278
2904,1188
2904,2771
2904,2903
2904,2906
2904,1464
2904,3001
2904,2927
2904,2929
2285,2241
2285,2242
2285,2028
2285,2252
2285,2045
2285,3390
2285,2056
2285,721
2285,722
2285,600
2285,2275
2285,2278
2285,2061
2285,2279
2285,2284
2285,1873
4350,4284
4350,3849
4350,1283
4350,1430
4350,1183
4350,1290
4350,1563
4350,91
4350,1439
4350,3411
4350,1572
4350,1575
4350,3664
4351,5047
4351,3544
4351,1559
4351,3565
4351,68
4351,2600
4351,4345
4351,3571
4351,1590
4351,1318
4351,1333
1301,4216
1301,2235
1301,4291
1301,2238
1301,2026
1301,2242
1301,2033
1301,41
1301,4740
1301,718
1301,1290
1301,1563
1301,3403
1301,1297
1301,2618
1301,1575
1301,1579
1301,108
1301,3664
1302,1281
1302,4734
1302,4740
1302,1290
1302,2600
1302,105
1302,107
1302,4373
1302,2075
3221,3197
3221,18
3221,2761
3221,183
3221,60
3221,376
3221,1184
3221,84
3221,291
3221,489
3221,3247
623,5255
623,1168
623,1175
623,2241
623,66
623,2278
623,195
623,2310
386,5705
386,50
386,376
386,3217
386,1031
386,1033
386,381
386,425
386,3273
386,3274
386,215
195,154
195,16
195,171
195,837
195,373
195,2593
195,5293
195,66
195,376
195,3217
195,1184
195,91
195,848
195,3123
195,3273
195,220
3222,3196
3222,1028
3222,376
3222,1184
3222,190
3222,293
3222,3411
3222,3221
3222,387
3222,3225
3222,3226
3222,2924
3222,3277
387,45
387,376
387,1031
387,1184
387,83
387,386
387,3222
387,3226
387,296
387,4369
387,4442
387,216
3413,1125
3413,3203
3413,1153
3413,1180
3413,1183
3413,3400
3413,1184
3413,3410
3413,2904
3413,623
3413,3226
3223,279
3223,480
3223,183
3223,3217
3223,1032
3223,1184
3223,2763
3223,84
3223,1185
3223,87
3223,1035
3223,2608
3223,489
3223,496
3223,2767
3223,3224
3223,502
3223,205
3223,3264
3224,3211
3224,36
3224,49
3224,3217
3224,1032
3224,1184
3224,185
3224,84
3224,87
3224,1034
3224,1035
3224,189
3224,495
3224,2767
3224,3223
3224,1036
3224,1040
3224,3243
3224,2777
3224,3264
3224,1061
3224,218
3225,1095
3225,726
3225,480
3225,3217
3225,1032
3225,1183
3225,1184
3225,185
3225,496
3225,386
3225,3273
3226,3208
3226,282
3226,1421
3226,373
3226,4740
3226,1183
3226,1184
3226,2599
3226,185
3226,1185
3226,190
3226,2465
3226,294
3226,496
3226,499
3226,3222
3226,3225
3226,3229
3226,3230
3226,3233
3226,3241
3226,854
3226,3277
5856,3164
5856,3896
5856,4020
5856,3189
5856,3200
5856,3201
5856,3202
5856,3203
5856,3204
5856,3205
5856,3206
5856,4206
5856,1133
5856,3210
5856,4245
5856,3212
5856,3213
5856,3214
5856,3329
5856,3215
5856,178
5856,373
5856,1180
5856,3217
5856,1184
5856,84
5856,3218
5856,5843
5856,4313
5856,189
5856,2608
5856,4331
5856,386
5856,195
5856,3222
5856,387
5856,3223
5856,3224
5856,196
5856,197
5856,3228
5856,3229
5856,3230
5856,3231
5856,3236
5856,3237
5856,3238
5856,112
5856,3244
5856,3247
5856,1591
5856,3250
5856,3252
5856,3253
5856,3254
5856,3255
5856,3256
5856,3258
5856,3259
5856,3260
5856,3261
5856,3262
5856,3263
5856,2919
5856,3264
5856,3266
5856,3268
5856,3271
5856,3272
5856,4584
5856,215
5856,216
5856,4593
5856,3276
5856,3278
5856,2945
5856,460
3227,3192
3227,1414
3227,1183
3227,1184
3227,3218
3227,289
3227,1438
3227,3228
3227,3229
3227,3234
3227,3248
196,5786
196,4206
196,49
196,1184
196,185
196,190
196,92
196,5856
196,3231
196,1464
197,152
197,171
197,1414
197,1183
197,1184
197,2458
197,189
197,3411
197,3225
197,3232
197,3233
197,3235
3228,2347
3228,3202
3228,23
3228,1414
3228,1167
3228,1183
3228,3400
3228,1184
3228,3218
3228,4313
3228,1438
3228,294
3228,4333
3228,3226
3228,3230
3228,3232
3228,3234
3228,3241
3228,1464
3228,127
3228,2919
3229,152
3229,3202
3229,1414
3229,3846
3229,1183
3229,3400
3229,1184
3229,84
3229,3218
3229,4313
3229,1438
3229,3227
3229,196
3229,3228
3229,3230
3229,3234
3229,3236
3230,2701
3230,1414
3230,1710
3230,73
3230,1183
3230,3400
3230,1184
3230,2599
3230,2460
3230,4313
3230,3219
3230,2278
3230,1438
3230,3228
3230,3229
3230,3232
3230,3234
3230,296
3231,179
3231,1180
3231,480
3231,376
3231,1184
3231,89
3231,189
3231,3228
3231,3230
3232,1095
3232,1096
3232,5835
3232,2599
3232,2460
3232,189
3232,3410
3232,2106
3232,1438
3232,294
3232,3226
3232,197
3232,3233
3232,3234
3233,152
3233,1094
3233,1095
3233,1096
3233,5293
3233,66
3233,3400
3233,1184
3233,2599
3233,2460
3233,189
3233,2608
3233,92
3233,3410
3233,2615
3233,294
3233,197
3233,3232
3233,3234
3233,390
3234,152
3234,1179
3234,5293
3234,3217
3234,1032
3234,76
3234,1184
3234,1033
3234,3219
3234,189
3234,3409
3234,193
3234,623
3234,3227
3234,3228
3234,3230
3234,3233
3234,1036
3234,3248
3235,26
3235,1432
3235,5293
3235,1184
3235,189
3235,3409
3235,3233
3235,3234
296,1180
296,2052
296,376
296,1184
296,83
296,2601
296,190
296,293
296,294
296,3222
296,3234
296,4407
296,3277
296,4675
3236,154
3236,5705
3236,3202
3236,4236
3236,3845
3236,3846
3236,1167
3236,3848
3236,2236
3236,1183
3236,185
3236,1438
3236,3222
3236,196
3236,3123
3236,3266
198,3186
198,158
198,1421
198,1180
198,376
198,3217
198,1183
198,381
198,386
198,296
198,1591
198,3273
198,215
198,216
198,4593
198,5742
198,5650
624,573
624,369
624,1028
624,74
624,2265
624,483
624,290
624,496
5857,1832
5857,4161
5857,1021
5857,361
5857,1023
5857,36
5857,45
5857,50
5857,1028
5857,374
5857,1029
5857,1030
5857,376
5857,74
5857,3217
5857,1031
5857,1032
5857,1033
5857,87
5857,1035
5857,88
5857,382
5857,4342
5857,496
5857,497
5857,386
5857,387
5857,1036
5857,1037
5857,1038
5857,389
5857,399
5857,4368
5857,4369
5857,506
5857,1042
5857,1043
5857,1044
5857,1050
5857,4413
5857,1052
5857,1053
5857,1054
5857,1056
5857,4496
5857,425
5857,4539
5857,1065
1036,36
1036,49
1036,1028
1036,480
1036,1032
1036,4303
1036,1184
1036,1033
1036,87
1036,1034
1036,494
1036,1037
1036,1040
1036,1041
1036,1046
1036,1060
1036,1061
388,356
388,2051
388,1028
388,376
388,1031
388,83
388,381
388,2064
388,1042
1037,49
1037,2598
1037,58
1037,1032
1037,2599
1037,87
1037,1035
1037,89
1037,293
1037,492
1037,497
1037,1036
1037,1038
1037,4355
1037,1040
1037,506
1037,1042
1037,4374
1037,1049
1037,521
1038,563
1038,4291
1038,49
1038,479
1038,4741
1038,74
1038,1032
1038,4303
1038,1183
1038,1184
1038,86
1038,87
1038,1035
1038,1036
1038,388
1038,1037
1038,506
1038,1041
1038,1042
389,359
389,271
389,2443
389,1424
389,49
389,66
389,376
389,381
389,1436
389,1845
389,1721
389,1858
389,2616
389,388
389,399
389,1042
389,2644
1039,1150
1039,4273
1039,2242
1039,2027
1039,45
1039,592
1039,50
1039,1030
1039,376
1039,1031
1039,381
1039,608
1039,2274
1039,415
390,2347
390,2580
390,373
390,376
390,2601
390,2465
390,2279
390,1846
390,1849
390,1857
390,103
390,3246
391,282
391,373
391,376
391,1031
391,1183
391,83
391,2460
391,2601
391,381
391,2465
391,1858
391,390
391,2473
391,1052
297,1023
297,271
297,1151
297,179
297,2242
297,48
297,74
297,83
297,1185
297,378
297,381
297,293
297,2276
297,3223
297,502
297,1200
297,207
297,1058
297,4502
502,2592
502,179
502,480
502,74
502,3217
502,1183
502,1184
502,2763
502,483
502,1185
502,1035
502,496
502,2627
502,1065
736,709
736,714
2473,4034
2473,3543
2473,2580
2473,4734
2473,4738
2473,376
2473,380
2473,608
2473,95
2473,3407
2473,609
2473,2615
2473,103
2473,294
2473,2064
2473,296
2473,2286
2473,302
2473,4375
2473,2628
2473,2117
2473,433
2473,447
2065,1395
2065,2021
2065,4291
2065,2241
2065,2242
2065,2258
2065,3390
2065,3395
2065,2056
2065,47
2065,60
1192,2355
1192,1837
1192,267
1192,281
1192,284
1192,1148
1192,589
1192,2592
1192,1169
1192,1177
1192,2241
1192,2054
1192,846
1192,4742
1192,76
1192,1183
1192,1184
1192,88
1192,89
1192,847
1192,1861
1192,734
1192,2283
1192,195
1192,3237
1192,401
1192,128
106,2252
106,4740
106,49
106,50
106,480
106,3217
106,1183
2620,4071
2620,3510
2620,3511
2620,4826
2620,1393
2620,2241
2620,2594
2620,1433
2620,3400
2620,2600
2620,2608
2620,2610
2620,1293
2620,95
2620,2615
2620,1298
2620,3226
2620,1303
1303,5265
1303,3511
1303,3513
1303,3544
1303,1393
1303,1282
1303,3849
1303,1286
1303,4734
1303,3564
1303,2594
1303,1433
1303,1183
1303,3400
1303,2600
1303,2603
1303,2615
1303,2620
392,326
392,3188
392,369
392,1172
392,4308
392,382
392,393
392,504
392,505
393,357
393,66
393,376
393,1183
393,482
393,2608
393,2064
503,2242
503,2256
503,1560
503,49
503,1561
503,2762
503,2599
503,482
503,485
503,290
503,2616
503,497
503,2800
503,4495
1752,1683
1752,1696
1752,4222
1752,1841
1752,3400
1752,1721
1752,1740
1752,1437
1752,1438
1752,2280
1752,1869
1752,1823
2621,62
2621,66
2621,185
2621,377
2621,1290
2621,2605
2621,2608
2621,2610
2621,1564
2621,1294
2621,1747
2621,192
737,2347
737,588
737,2241
737,4736
737,3398
737,713
737,714
737,722
737,602
737,2124
4352,2025
4352,709
4352,593
4352,598
4352,2265
4352,731
4352,2077
625,578
625,41
625,42
625,48
625,56
625,593
625,60
625,600
625,601
625,602
625,92
625,123
4353,2347
4353,589
4353,2018
4353,4291
4353,2241
4353,480
4353,1852
4353,1854
4353,1861
4353,4327
4353,3411
4353,4332
4353,4336
4353,2283
4353,1756
4353,4473
4353,4692
504,709
504,66
504,601
504,1183
504,2763
504,483
504,381
504,2608
504,290
504,3411
504,192
504,501
504,385
504,392
504,402
504,2631
504,2684
298,281
298,1171
298,1177
298,179
298,3389
298,3400
298,1184
298,289
298,290
298,293
298,1730
298,299
298,300
298,394
299,2252
299,60
299,66
299,2267
299,289
299,290
299,609
299,293
299,103
299,303
300,231
300,233
300,1689
300,2450
300,1424
300,183
300,376
300,1184
300,1185
300,289
300,291
300,293
300,299
300,301
394,3197
394,363
394,281
394,1138
394,1177
394,376
394,1183
394,381
394,382
394,91
394,289
394,293
394,2616
394,298
394,299
394,300
394,1196
1193,4270
1193,1148
1193,1168
1193,1169
1193,1171
1193,1173
1193,1426
1193,28
1193,2027
1193,1431
1193,1433
1193,1437
1193,3412
1193,1583
1193,2489
1304,3386
1304,4284
1304,3849
1304,2022
1304,2260
1304,3564
1304,1290
1753,183
1753,68
1753,601
1753,1183
1753,1294
1753,1719
1753,1720
1753,1726
1753,1850
1753,1851
1753,616
1753,1852
1753,1857
1753,1859
1753,2626
1753,407
1753,1764
1753,1775
1753,4764
1753,1820
2622,4699
2622,67
2622,1292
2622,91
2622,2608
2622,1942
2622,1448
2474,4740
2474,2459
2474,2601
2474,3407
2474,1320
2474,2660
1305,3759
1305,3849
1305,1283
1305,2027
1305,4734
1305,3400
1305,1290
1305,1435
1305,1438
1305,1583
1305,3573
301,231
301,233
301,275
301,1421
301,5293
301,184
301,60
301,1032
301,1184
301,84
301,1035
301,289
301,293
301,3225
301,296
301,300
395,1681
395,2450
395,1177
395,376
395,2265
395,2459
395,381
395,289
395,290
395,292
395,609
395,293
395,2469
199,1098
199,1665
199,1179
199,4291
199,3393
199,1932
199,1857
199,4487
199,941
4354,4005
4354,588
4354,2242
4354,45
4354,68
4354,74
4354,2265
4354,600
4354,604
4354,1036
4354,2774
4354,651
626,577
626,2242
626,66
626,2265
626,601
626,613
626,1850
626,616
626,617
626,1854
626,1861
626,619
626,2470
626,622
4355,3596
4355,2725
4355,4008
4355,4065
4355,3635
4355,3648
4355,480
4355,60
4355,2762
4355,3218
4355,4321
4355,3333
4355,496
4355,4755
4355,511
4355,306
4355,2783
4355,2788
4355,523
4355,309
4355,525
4355,2816
4355,992
4355,2837
4356,1422
4356,1179
4356,3848
4356,4318
4356,1436
4356,1438
4356,4395
4357,3835
4357,1167
4357,1179
4357,3395
4357,1563
4357,2273
4357,4317
4357,1926
4357,4331
4357,4753
4357,851
4357,3857
5733,648
3237,3189
3237,1837
3237,3201
3237,3212
3237,3215
3237,1414
3237,3386
3237,3845
3237,1180
3237,1437
3237,4333
3237,194
3237,2903
3237,4356
3237,1446
3237,1583
3237,1202
3237,3245
3237,3254
3237,2915
3237,3002
3237,1615
3237,2925
3237,2941
1444,1551
1444,480
1444,1433
1444,1183
1444,186
1444,1290
1444,1438
1444,1567
1444,1194
1444,1572
1444,1575
1444,1579
1444,1584
1444,851
1444,3112
1444,4443
1444,1325
1569,1084
1569,4708
1569,1172
1569,3850
1569,1562
1569,66
1569,1433
1569,1563
1569,189
1569,2603
1569,1297
1569,2771
1569,1584
1569,1591
1569,3859
1570,1085
1570,4221
1570,1148
1570,1168
1570,1170
1570,3849
1570,3399
1570,1926
1570,1438
1570,3109
1570,1575
1570,1582
1570,1596
3109,1083
3109,3547
3109,1120
3109,1151
3109,1153
3109,1155
3109,1158
3109,1159
3109,1160
3109,1167
3109,1424
3109,66
3109,1183
3109,1843
3109,2600
3109,1926
3109,2278
3109,2615
3109,1932
3109,1582
3109,1201
3109,3122
3109,1595
3109,1210
1445,1422
1445,4735
1445,1433
1445,2273
1445,3411
1445,1447
1445,1574
1445,1575
1445,3864
1445,1477
1446,4230
1446,3849
1446,3853
1446,53
1446,1433
1446,1572
1446,1580
1446,1584
1447,1119
1447,1151
1447,1424
1447,1283
1447,2593
1447,1437
1447,1445
1447,1233
3652,3067
3652,3068
3652,2412
3652,3095
3652,4947
3652,3510
3652,1422
3652,4744
3652,3411
3652,1440
3652,1570
3652,3109
3652,1578
3652,1581
3652,3123
3652,1463
3652,1595
3652,3128
3652,3669
1571,3043
1571,3060
1571,3543
1571,1556
1571,3849
1571,1283
1571,1286
1571,3564
1571,2600
1571,2615
1571,1438
1571,103
1571,1446
1571,1572
1571,1574
1571,1575
1571,1580
1571,3112
1571,1588
1571,1315
1571,4762
1571,1325
1571,1609
1571,3781
1571,1616
1194,1412
1194,1174
1194,3849
1194,1559
1194,2457
1194,2762
1194,2600
1194,90
1194,1575
1194,1448
1194,1579
1194,1197
1194,3859
1194,1224
1572,3094
1572,3510
1572,3511
1572,3519
1572,5804
1572,3849
1572,2238
1572,2241
1572,1428
1572,1559
1572,3566
1572,39
1572,1560
1572,53
1572,56
1572,60
1572,1031
1572,3400
1572,1184
1572,1290
1572,2600
1572,1563
1572,92
1572,2615
1572,1438
1572,1439
1572,4337
1572,4338
1572,1194
1572,1573
1572,1575
1572,1576
1572,1448
1572,1579
1572,1584
1572,3571
1572,1585
1572,1315
1572,2791
1572,2633
1572,1318
1572,1464
1572,3000
1572,1211
1572,3424
1572,1342
1573,1522
1573,4784
1573,5721
1573,2862
1573,1528
1573,1530
1573,1531
1573,1253
1573,4826
1573,3512
1573,1551
1573,1555
1573,1556
1573,3851
1573,3394
1573,480
1573,73
1573,1183
1573,3400
1573,3218
1573,2607
1573,190
1573,92
1573,1564
1573,96
1573,4331
1573,1189
1573,1446
1573,1572
1573,1574
1573,1575
1573,1576
1573,1580
1573,1590
1573,1592
1573,1593
1573,1594
1573,2638
1573,123
1573,3250
1573,2657
1573,1324
1573,2915
1573,1597
1573,1613
1573,3424
1573,1342
1573,1615
1573,1617
1573,1625
1573,3281
1574,1517
1574,2347
1574,1519
1574,3611
1574,1543
1574,1391
1574,3510
1574,3514
1574,1546
1574,1548
1574,1267
1574,1551
1574,1555
1574,1556
1574,1560
1574,1562
1574,3400
1574,3401
1574,1184
1574,2762
1574,1438
1574,1439
1574,849
1574,1194
1574,1572
1574,1573
1574,1575
1574,1576
1574,1578
1574,1579
1574,1590
1574,1464
1574,1597
1574,1600
1574,1613
1574,3424
1574,3342
1574,1615
1574,1622
1575,1517
1575,1532
1575,1253
1575,4926
1575,3513
1575,3514
1575,1549
1575,1551
1575,1554
1575,1556
1575,2760
1575,373
1575,1179
1575,3849
1575,1426
1575,3388
1575,4291
1575,2238
1575,2242
1575,2033
1575,2257
1575,1559
1575,3564
1575,1560
1575,1562
1575,480
1575,1183
1575,3400
1575,1184
1575,2600
1575,2604
1575,2613
1575,1438
1575,1187
1575,1189
1575,4338
1575,1297
1575,3237
1575,1447
1575,1572
1575,1573
1575,1574
1575,1576
1575,1578
1575,1448
1575,1579
1575,1580
1575,1582
1575,2774
1575,1587
1575,3112
1575,1588
1575,1590
1575,3123
1575,1600
1575,1604
1575,1613
1575,3424
1575,3342
1575,1617
1575,1345
1575,1620
1575,453
1576,1554
1576,4726
1576,1555
1576,68
1576,3400
1576,186
1576,2608
1576,4337
1576,3232
1576,1194
1576,1572
1576,1575
1576,1579
1576,2643
1576,1224
5858,1524
5858,1534
5858,1267
5858,1553
5858,1555
5858,1556
5858,1558
5858,1559
5858,1560
5858,1562
5858,1433
5858,1439
5858,2768
5858,4350
5858,1569
5858,1446
5858,1572
5858,1573
5858,1574
5858,1575
5858,1576
5858,1577
5858,1578
5858,1583
5858,1584
5858,1589
5858,1591
5858,1208
5858,2915
5858,1604
1577,1511
1577,1515
1577,1516
1577,1519
1577,1520
1577,1521
1577,1536
1577,1537
1577,1540
1577,1543
1577,1386
1577,1545
1577,4926
1577,1551
1577,1552
1577,1555
1577,1556
1577,1557
1577,1558
1577,1283
1577,1559
1577,1560
1577,1561
1577,1562
1577,1563
1577,1439
1577,1565
1577,1567
1577,1569
1577,1446
1577,1571
1577,1572
1577,1573
1577,1574
1577,1575
1577,1576
1577,5858
1577,1578
1577,1579
1577,1581
1577,1582
1577,1583
1577,1584
1577,1586
1577,1588
1577,1589
1577,1590
1577,1592
1577,1593
1577,1596
1577,1599
1577,1604
1577,1607
1577,4561
1577,1616
1577,1617
1577,1621
1577,1622
1577,1624
1578,1521
1578,1538
1578,4729
1578,4274
1578,3849
1578,1283
1578,3564
1578,1562
1578,1433
1578,3400
1578,2762
1578,2615
1578,1439
1578,3652
1578,1580
1578,3125
1578,1477
1578,1612
1578,3424
1578,3342
1448,1117
1448,1554
1448,1137
1448,1555
1448,5293
1448,846
1448,3400
1448,186
1448,1570
1448,1194
1448,1575
1448,1579
1448,1580
1448,5861
1448,5875
1448,4454
1448,3136
1448,1342
1579,1519
1579,3957
1579,1525
1579,5038
1579,3510
1579,3511
1579,3513
1579,3546
1579,3547
1579,3102
1579,4156
1579,3319
1579,1396
1579,1117
1579,1137
1579,3326
1579,178
1579,3331
1579,1152
1579,1153
1579,1157
1579,4274
1579,1167
1579,1424
1579,1283
1579,1428
1579,3853
1579,3395
1579,480
1579,1183
1579,3400
1579,4745
1579,1435
1579,1438
1579,3411
1579,1445
1579,1194
1579,1572
1579,1575
1579,1448
1579,1580
1579,1584
1579,3571
1579,1586
1579,1588
1579,3342
1579,3669
1579,1230
1579,4633
1580,3061
1580,2560
1580,1386
1580,3510
1580,4826
1580,3513
1580,3514
1580,5146
1580,5147
1580,3321
1580,1273
1580,1411
1580,1156
1580,1167
1580,1168
1580,1169
1580,1171
1580,1172
1580,1173
1580,3849
1580,1283
1580,4285
1580,2593
1580,2022
1580,2241
1580,2027
1580,1289
1580,4734
1580,3564
1580,4740
1580,53
1580,3400
1580,1184
1580,4745
1580,2600
1580,1844
1580,1292
1580,1564
1580,3406
1580,1434
1580,3410
1580,2274
1580,2615
1580,1855
1580,1437
1580,1438
1580,3411
1580,1570
1580,1446
1580,1447
1580,3652
1580,1572
1580,1575
1580,1578
1580,1579
1580,1306
1580,1583
1580,1584
1580,1307
1580,3571
1580,1588
1580,124
1580,1464
1580,3125
1580,3127
1580,3128
1580,1477
1580,1220
1580,3342
1580,1233
1581,1377
1581,3067
1581,2412
1581,3073
1581,3102
1581,3103
1581,4271
1581,3849
1581,2593
1581,2027
1581,1289
1581,3400
1581,2600
1581,2609
1581,1564
1581,2615
1581,1928
1581,1852
1581,1929
1581,1932
1581,1938
1581,1856
1581,1743
1581,1438
1581,1566
1581,2618
1581,1582
1581,1946
1581,4443
1581,1595
1581,3000
1581,1777
1581,1472
1306,3060
1306,1267
1306,3400
1306,95
1306,97
1306,1581
1306,4448
1582,3067
1582,1910
1582,3103
1582,1398
1582,1921
1582,1707
1582,1414
1582,1161
1582,1167
1582,1169
1582,1283
1582,2018
1582,4291
1582,2025
1582,2027
1582,1432
1582,66
1582,601
1582,3400
1582,3409
1582,2274
1582,2275
1582,1932
1582,1935
1582,1438
1582,1299
1582,1305
1582,1572
1582,1581
1582,1583
1582,1201
1582,3122
1582,3124
1582,1595
1582,1596
1582,3129
1583,1518
1583,3043
1583,3319
1583,2026
1583,4734
1583,66
1583,2600
1583,2061
1583,1437
1583,1438
1583,1297
1583,1305
1583,1571
1583,2774
1583,1313
1583,3112
1583,3123
1583,3573
1584,1084
1584,3061
1584,4118
1584,1162
1584,2454
1584,1168
1584,1287
1584,3564
1584,480
1584,4742
1584,1183
1584,3400
1584,3409
1584,3410
1584,1189
1584,1569
1584,1572
1584,1576
1584,3424
738,706
738,2242
738,45
738,709
738,713
738,715
738,717
738,719
738,2056
738,1842
738,730
738,731
738,642
2623,2560
2623,2590
2623,3393
2623,3394
2623,3395
2623,709
2623,713
2623,66
2623,67
2623,79
2623,2600
2623,2602
2623,1292
2623,92
2623,1294
2623,2642
5859,3328
5859,3845
5859,1167
5859,1179
5859,3848
5859,1184
5859,2762
5859,190
5859,1188
5859,851
5859,3341
5859,1479
5859,2813
5859,5629
5859,5632
1866,53
1866,2278
1866,1726
1866,1850
1866,1852
1866,1858
1866,4327
1866,1863
4358,4115
4358,4283
4358,1167
4358,2275
4358,2061
4358,2615
4358,1932
4358,1858
4358,1437
4358,1438
4358,4336
4358,1572
4358,4362
4358,4405
4358,3123
1867,1685
1867,1289
1867,4746
1867,2615
1867,1718
1867,1729
1867,1850
1867,617
1867,1932
1867,1936
1867,1937
1867,1858
1867,1757
1867,2066
1754,1676
1754,1726
1754,1728
1754,1850
1754,1740
1754,1932
1754,1933
1754,1936
1754,1857
1755,1416
1755,2455
1755,1841
1755,2252
1755,78
1755,2613
1755,2614
1755,2106
1755,2279
1755,1846
1755,1932
1755,1858
1755,1860
1755,2280
1755,390
1756,589
1756,2241
1756,2278
1756,2106
1756,2615
1756,1846
1756,1850
1756,1738
1756,1932
1756,1857
1756,1747
1756,390
627,2439
627,2025
627,2240
627,2241
627,2242
627,595
627,600
627,602
627,2106
627,1732
627,1932
627,4332
627,4359
627,1870
627,632
627,2126
627,4482
4359,1419
4359,2025
4359,2239
4359,4731
4359,2106
4359,2615
4359,1931
4359,1932
4359,1934
4359,1935
4359,1936
4359,1939
4359,1858
4359,627
4359,2066
4359,4653
1757,2577
1757,4260
1757,1708
1757,2593
1757,2603
1757,2615
1757,1850
1757,1852
1757,1932
1757,1935
1757,1938
1757,1855
1757,1857
1757,1858
1757,1743
1757,1437
1757,1942
1757,1455
1757,1208
1757,1803
2066,4291
2066,2238
2066,2026
2066,2242
2066,2027
2066,3393
2066,2600
2066,2465
2066,1718
2066,2279
2066,1846
2066,616
2066,1932
2066,1858
2066,1864
2066,4348
2066,1583
2066,2295
2066,665
850,820
850,5373
850,39
850,480
850,60
850,1031
850,1183
850,1184
850,185
850,92
850,849
850,206
850,210
1449,3206
1449,1841
1449,373
1449,376
1449,2458
1449,293
1449,2273
1449,3410
1449,2616
1449,2280
1449,3234
1449,296
1449,2491
1449,1479
1758,2347
1758,3028
1758,1696
1758,1699
1758,1702
1758,1841
1758,2613
1758,1932
1758,1935
1758,1936
1758,2280
1758,1440
1758,294
1758,3226
1758,2474
1758,3123
1758,3135
5860,775
5860,4012
5860,2401
5860,1646
5860,4104
5860,4896
5860,252
5860,253
5860,5819
5860,1683
5860,271
5860,2443
5860,272
5860,276
5860,277
5860,1699
5860,280
5860,2449
5860,285
5860,1712
5860,4281
5860,1841
5860,1177
5860,289
5860,291
5860,292
5860,293
5860,1930
5860,1740
5860,2467
5860,1935
5860,1858
5860,2280
5860,1750
5860,1188
5860,296
5860,1752
5860,1449
5860,1758
5860,1456
5860,2787
5860,1793
5860,1811
5860,3358
5861,1630
5861,1363
5861,1364
5861,4826
5861,1695
5861,1696
5861,1697
5861,1698
5861,1704
5861,1555
5861,1169
5861,3849
5861,3566
5861,3400
5861,3401
5861,186
5861,2603
5861,1740
5861,1572
5861,1583
5861,1196
5861,1205
5861,5875
5861,1317
5861,1807
5861,1504
3854,3380
3854,923
3854,3837
3854,3206
3854,2232
3854,3848
3854,3852
3854,3853
3854,480
3854,3400
3854,4318
3854,4319
3854,1438
3854,2764
3854,104
3854,1450
3854,1452
3854,2774
3854,3655
3854,3859
3854,3864
3854,1477
3854,1478
3854,3868
3854,3869
1450,1179
1450,480
1450,66
1450,73
1450,1433
1450,3333
1450,194
1450,3765
1450,4596
1450,3793
1307,1283
1307,2241
1307,3564
1307,5293
1307,3400
1307,2600
1307,1435
1307,2274
1307,1437
1307,1438
1307,1572
1307,1580
1307,3124
4360,1423
4360,3388
4360,4291
4360,2238
4360,2242
4360,3396
4360,1030
4360,376
4361,2030
4361,4297
4361,376
4361,1433
4361,380
4361,2615
4361,1718
4361,2279
4361,1729
4361,1855
4361,1437
3568,3622
3568,3539
3568,3544
3568,4729
3568,838
3568,3848
3568,3564
3568,38
3568,3395
3568,2762
3568,848
3568,4331
3568,849
3568,2774
3568,2775
3568,877
4752,2221
4752,4215
4752,4225
4752,4735
4752,2265
4752,1864
4752,2771
4752,1443
4752,1875
1308,1256
1308,1663
1308,1260
1308,1161
1308,1170
1308,1172
1308,3849
1308,1183
1308,91
1308,190
1308,1932
1308,1452
1308,1467
4753,1419
4753,4291
4753,2025
4753,709
4753,4741
4753,2279
4753,4596
1759,1920
1759,1706
1759,1924
1759,1177
1759,2466
1759,2106
1759,2279
1759,1931
1759,1857
1759,1964
1760,3071
1760,2993
1760,1675
1760,1740
1760,1859
1760,1438
1760,1749
1760,1440
1760,1763
3760,920
3760,1269
3760,1282
3760,30
3760,726
3760,57
3760,60
3760,66
3760,185
3760,1314
3760,3761
3760,957
3760,3579
1195,1144
1195,2260
1195,595
1195,1183
1195,3400
1195,1567
1195,1584
4362,2354
4362,4256
4362,4272
4362,589
4362,4291
4362,289
4362,292
4362,2106
4362,2279
4362,1738
4362,1740
4362,1932
4362,1935
4362,1857
4362,1784
4362,1961
5862,5749
5862,5768
5862,5782
5862,5791
5862,1384
5862,5793
5862,5530
5862,5817
5862,5825
5862,2447
5862,1555
5862,5832
5862,4275
5862,3849
5862,1428
5862,4734
5862,1559
5862,3564
5862,1429
5862,3566
5862,5836
5862,4310
5862,5847
5862,4337
5862,4338
5862,1445
5862,1447
5862,1572
5862,1448
5862,5875
5862,4490
5862,4563
5862,4581
5863,5749
5863,1363
5863,5768
5863,5770
5863,5778
5863,5782
5863,5791
5863,5793
5863,5796
5863,3317
5863,5817
5863,3323
5863,5825
5863,3326
5863,3327
5863,3328
5863,3330
5863,2232
5863,1179
5863,3332
5863,3400
5863,848
5863,1438
5863,3411
5863,3220
5863,3335
5863,1447
5863,1579
5863,5864
5863,1588
5863,3345
851,5705
851,3510
851,925
851,838
851,841
851,3331
851,1167
851,1179
851,4740
851,846
851,73
851,1433
851,1183
851,1184
851,2762
851,185
851,186
851,3219
851,190
851,848
851,1438
851,3411
851,103
851,849
851,930
851,1443
851,194
851,1450
851,3855
851,4422
851,1479
851,4596
851,887
851,5650
2067,2011
2067,2012
2067,2239
2067,2026
2067,2242
2067,2253
2067,2030
2067,2032
2067,2035
2067,714
2067,2068
4754,2347
4754,2037
4754,4736
4754,2774
1451,4153
1451,1403
1451,1024
1451,4284
1451,2033
1451,1430
1451,1433
1451,2762
1451,1290
1451,2763
1451,2618
1451,2771
4363,2194
4363,2195
4363,2010
4363,4291
4363,2242
4363,2027
4363,2035
4363,844
4363,37
4363,38
4363,4739
4363,3395
4363,713
4363,718
4363,188
4363,4312
4363,2292
4363,2305
4363,211
1452,1076
1452,3820
1452,1255
1452,5237
1452,3840
1452,4221
1452,1172
1452,4284
1452,1433
1452,3402
1452,1563
1452,4350
1452,1574
1452,3854
1452,3855
1452,3857
1452,3859
1452,3864
1452,2918
1452,1477
1452,1478
1452,4562
1452,3878
1453,1167
1453,4291
1453,2026
1453,2260
1453,4294
1453,1433
1453,4333
1453,2904
1453,2774
1453,1486
1196,5484
1196,1152
1196,1153
1196,1168
1196,1170
1196,4742
1196,3400
1196,186
1196,1730
1196,1438
1196,1204
396,2242
396,45
396,592
396,50
396,60
396,729
396,608
396,2279
1868,3208
1868,586
1868,3388
1868,480
1868,596
1868,601
1868,613
1868,2279
1868,1728
1868,1850
1868,616
1868,1855
1868,619
1868,3226
1868,1754
1868,2121
739,4299
739,713
739,717
739,719
739,49
739,184
739,745
740,4159
740,2242
740,2246
740,2260
740,713
740,50
740,1562
505,1172
505,2025
505,2241
505,2242
505,1432
505,376
505,3217
505,86
505,90
505,2616
505,1451
505,436
4364,4723
4364,1149
4364,1164
4364,2454
4364,3387
4364,4734
4364,3399
4364,2615
4364,1932
4364,1437
4364,1305
4364,1583
3414,2242
3414,3400
3414,3409
3414,3410
741,1405
741,1411
741,26
741,27
741,39
741,44
741,713
741,49
741,2598
741,69
741,2608
1197,1144
1197,1165
1197,1166
1197,1168
1197,1171
1197,1177
1197,1179
1454,4719
1454,1419
1454,2236
1454,2027
1454,2260
1454,3564
1454,2594
1454,4740
1454,3400
1454,3409
1454,4318
1454,1733
1454,1438
1454,2916
4365,53
4365,4301
4365,4302
4365,2774
1198,3211
1198,2454
1198,1179
1198,1180
1198,1027
1198,2596
1198,76
1198,1183
1198,3400
1198,3403
1198,87
1198,3405
1198,3407
1198,2475
1198,3655
1198,3123
1198,1595
4755,2701
4755,4719
4755,3844
4755,3387
4755,2762
4755,482
4755,290
4755,496
4755,4355
4755,2826
2773,5328
2773,3740
2773,4128
2773,3328
2773,1412
2773,2232
2773,3848
2773,480
2773,76
2773,1183
2773,2762
2773,848
2773,4331
2773,3411
2773,3336
2773,3857
2773,2774
2773,2797
2773,957
2773,3873
3336,1365
3336,3299
3336,3303
3336,3306
3336,3307
3336,3311
3336,3312
3336,3314
3336,1119
3336,3329
3336,1412
3336,3330
3336,3846
3336,1152
3336,1153
3336,1165
3336,1166
3336,1172
3336,1424
3336,1176
3336,1432
3336,376
3336,603
3336,2273
3336,1573
3336,1197
3336,2773
4756,288
4756,2051
4756,30
4756,3389
4756,3395
4756,3398
4756,713
4756,376
4756,3400
4756,381
4756,293
4756,3333
3337,154
3337,3304
3337,3835
3337,4236
3337,1151
3337,1169
3337,1179
3337,3848
3337,2260
3337,3389
3337,3400
3337,3411
3337,849
3337,1195
3337,1197
3337,1200
3337,957
3110,4696
3110,3712
3110,1403
3110,3107
3110,1286
3110,2018
3110,5293
3110,4739
3110,66
3110,1433
3110,1435
3110,2106
3110,2615
3110,1942
3110,102
3110,103
3110,3111
3110,4405
3110,3123
3110,4467
3110,2314
3111,3025
3111,5146
3111,2007
3111,1403
3111,1707
3111,1557
3111,3107
3111,1423
3111,3848
3111,1426
3111,2018
3111,2027
3111,2028
3111,66
3111,2600
3111,1292
3111,1437
3111,1438
3111,3411
3111,1305
3111,3109
3111,1583
3111,3110
3111,3122
1943,1720
1943,1723
1943,1847
1943,1726
1943,1732
1943,1932
1943,1937
1943,1858
1943,1870
1943,2626
1869,1685
1869,1709
1869,1289
1869,1294
1869,1848
1869,1850
1869,1851
1869,618
1869,1852
1869,1858
1869,1437
1869,4326
1869,2294
1869,1327
1869,648
1869,1878
1870,5043
1870,1671
1870,1837
1870,1699
1870,1708
1870,2599
1870,730
1870,2604
1870,1846
1870,1851
1870,1732
1870,1743
1870,1860
1870,4408
1870,123
1870,1775
1870,1806
397,3039
397,5063
397,586
397,717
397,376
397,4742
397,601
397,1843
397,289
397,613
397,1720
397,616
397,1732
397,2107
397,1870
397,398
397,4394
397,410
398,1672
398,2448
398,1432
398,709
398,53
398,376
398,601
398,1183
398,613
398,1850
398,616
398,1732
398,1853
398,1740
398,2107
398,1870
398,410
1944,1840
1944,1924
1944,2106
1944,1852
1944,1735
1944,1736
1944,1737
1944,1930
1944,1738
1944,1931
1944,1932
1944,1933
1944,1935
1944,1937
1944,1938
1944,1742
1944,1940
1944,1941
1944,1856
1944,1857
1944,1743
1944,1945
1944,1946
1944,1964
1944,1814
1945,2385
1945,4014
1945,4058
1945,1908
1945,4109
1945,1910
1945,1675
1945,1924
1945,593
1945,2457
1945,382
1945,190
1945,2609
1945,2275
1945,2615
1945,1720
1945,1723
1945,1852
1945,1735
1945,1737
1945,1741
1945,1931
1945,1932
1945,1933
1945,1935
1945,1936
1945,1937
1945,1938
1945,1940
1945,1941
1945,1857
1945,1858
1945,1743
1945,390
1945,1582
1945,1754
1945,1944
1945,1947
1945,2626
1945,1953
1945,4483
1945,1963
1945,1964
1945,1801
1945,1967
1946,190
1946,2279
1946,1852
1946,1929
1946,1935
1946,1936
1946,1937
1946,1742
1946,1941
1946,1856
1946,1944
1946,1945
1946,1794
1946,1964
1946,1966
2286,5063
2286,4712
2286,2233
2286,2242
2286,2252
2286,593
2286,602
2286,1843
2286,2615
2286,2279
2286,1851
2286,650
3653,3510
3653,4726
3653,3565
3653,4740
3653,66
3653,1290
3653,2600
3653,1448
1947,1906
1947,1907
1947,1908
1947,1912
1947,589
1947,1424
1947,3388
1947,4291
1947,2609
1947,1926
1947,1928
1947,1932
1947,1857
1947,1743
1947,2468
1947,4328
1947,1440
1947,193
1947,1944
1947,1945
1947,3123
1947,1955
1947,4483
1947,1967
2624,4699
2624,2585
2624,66
2624,78
2624,190
2624,97
2624,3406
2624,2613
2624,1857
2624,1745
2624,1861
2624,103
2624,1766
2624,2632
1309,4739
1309,41
1309,66
1309,2600
1309,2604
1309,1187
1309,103
1309,1298
1309,2631
1309,4764
1871,566
1871,4742
1871,600
1871,2266
1871,607
1871,2279
1871,616
1871,622
1871,2117
2287,3388
2287,2241
2287,2242
2287,2039
2287,2105
2287,1560
2287,3394
2287,57
2287,60
2287,2468
2287,2117
1455,1373
1455,4721
1455,2594
1455,3391
1455,3400
1455,2603
1455,3412
1455,4758
1456,1393
1456,1403
1456,1407
1456,1414
1456,1419
1456,2260
1456,4740
1456,66
1456,3400
1456,80
1456,190
1456,3410
1456,1438
1456,1455
1456,1497
2905,5564
2905,5601
2905,2899
2905,1151
2905,1171
2905,3848
2905,1183
2905,1184
2905,89
2905,3218
2905,1188
2905,1189
2905,2903
2905,3234
2905,1464
2905,2918
2905,3341
2905,5650
1199,1119
1199,4270
1199,1151
1199,1152
1199,1155
1199,1156
1199,1157
1199,1164
1199,1168
1199,1169
1199,1174
1199,1175
1199,2031
1199,480
1199,593
1199,1183
1199,4317
200,4708
200,4727
200,3851
200,480
4366,4064
4366,4719
4366,4726
4366,1153
4366,1179
4366,3852
4366,480
4366,4303
4366,76
4366,2764
4366,2765
4366,3855
4366,3857
4366,4377
4366,2775
4366,852
4366,3654
4366,3858
4366,2793
4366,2796
3855,2701
3855,3828
3855,3829
3855,3834
3855,3835
3855,3837
3855,3841
3855,1277
3855,1179
3855,3850
3855,3852
3855,2262
3855,4740
3855,480
3855,1291
3855,2764
3855,851
3855,1452
3855,3857
3855,2774
3855,852
3855,4403
3855,3858
3855,1490
3855,3870
3855,3872
3855,3877
1457,2393
1457,1131
1457,1167
1457,1168
1457,1171
1457,2018
1457,3850
1457,1432
1457,3852
1457,1433
1457,1183
1457,3400
1457,3412
1457,3855
1457,1458
1457,3857
1457,3859
1457,1469
1457,1473
1200,1116
1200,3835
1200,1131
1200,3841
1200,1280
1200,3331
1200,1159
1200,1167
1200,1169
1200,1171
1200,3848
1200,3850
1200,1432
1200,3852
1200,1183
1200,1438
1200,3855
1200,1458
1200,3859
1200,1464
1200,1466
1458,3821
1458,3823
1458,3835
1458,3841
1458,4726
1458,1432
1458,3852
1458,4739
1458,846
1458,2600
1458,2603
1458,3411
1458,1447
1458,1469
1458,1483
3856,3835
3856,5823
3856,4221
3856,1167
3856,3848
3856,1432
3856,4740
3856,74
3856,1183
3856,848
3856,4331
3856,1200
3856,1458
3857,3888
3857,1369
3857,3828
3857,3511
3857,3543
3857,3834
3857,1165
3857,3848
3857,1445
3857,1452
3857,2773
3857,4366
3857,3870
3857,3874
3857,3879
2475,2347
2475,2434
2475,1179
2475,4291
2475,60
2475,1183
2475,294
2475,1567
2475,1449
1201,1414
1201,4274
1201,1419
1201,1420
1201,1168
1201,1169
1201,1173
1201,3849
1201,2018
1201,2021
1201,2027
1201,4740
1201,3400
1201,80
1201,3410
1201,2275
1201,2615
1201,1932
1201,1437
1201,1570
1201,3109
1201,1581
1201,1582
1201,3122
1201,2335
1202,3622
1202,3331
1202,1171
1202,480
1202,1183
1202,3218
1202,848
1202,1189
1310,1416
1310,3849
1310,1286
1310,2018
1310,4291
1310,2260
1310,4734
1310,4745
1310,1290
1310,2600
1310,2603
1310,2274
1310,1305
1310,1583
1310,3123
742,713
742,719
742,736
4367,4079
4367,4299
4367,721
4367,49
4367,50
4367,726
4367,184
4367,60
4367,66
4367,749
107,49
107,1028
743,713
743,714
743,50
743,66
3238,1151
3238,480
3238,3217
3238,1184
3238,91
399,45
399,1029
399,74
399,3217
399,1031
399,87
399,381
399,2270
399,388
399,1038
399,1042
399,1071
4368,376
4368,3217
4368,386
4368,390
4368,3246
4369,45
4369,50
4369,3217
4369,1031
4369,2616
4369,1050
4369,4413
400,1008
400,2211
400,1424
400,4738
400,1028
400,1029
400,376
400,3217
400,1032
400,399
400,1042
400,1044
1040,3331
1040,1032
1040,86
1040,87
1040,1034
1040,1035
1040,91
1040,495
1040,1036
1040,1037
1040,1049
1040,1059
1040,1061
506,1031
506,1032
506,1035
506,497
506,1037
1041,4740
1041,49
1041,60
1041,1035
1041,381
1041,2060
1042,334
1042,1016
1042,1030
1042,3217
1042,1031
1042,1032
1042,1036
1042,1037
1042,1038
1042,399
1043,1028
1043,480
1043,1042
1044,563
1044,1031
1044,4355
1044,399
1044,1052
1045,1015
1045,1028
1045,1031
1045,2762
1045,86
1045,190
1045,492
1045,495
1045,496
1045,498
1045,3225
1045,4442
1045,4445
1045,1056
1045,1060
1046,4299
1046,1028
1046,183
1046,65
1046,1032
1046,1034
1046,1036
1046,1037
1046,1038
1046,1040
4370,929
4370,36
4370,1028
4370,374
4370,1032
4370,185
4370,1035
4370,1036
4370,1040
744,1007
744,709
744,713
744,714
744,723
744,50
744,184
108,1028
108,185
108,4371
109,49
109,108
4371,3921
4371,4192
4371,2039
4371,2600
4371,4373
1047,49
1047,50
1047,1028
1047,4368
1047,1042
1047,1043
4372,674
4372,4739
4372,50
4372,2598
4372,60
4372,1043
4372,1047
110,50
110,184
110,744
110,142
4373,4215
4373,49
4373,4300
4373,70
4373,1183
4373,484
4373,4314
4373,107
4373,4371
4374,4716
4374,4161
4374,1021
4374,49
4374,2598
4374,479
4374,184
4374,83
4374,4746
4374,193
4374,4342
4374,497
4374,1036
4374,1038
4374,4372
4374,3250
4374,2646
1048,4733
1048,4739
1048,50
1048,1028
1048,66
1048,1035
1048,2610
1048,4370
1048,111
111,27
111,50
111,66
111,3403
111,2608
111,2610
111,2611
111,4750
111,1048
1049,3331
1049,1177
1049,36
1049,48
1049,50
1049,1028
1049,374
1049,479
1049,68
1049,1032
1049,1184
1049,86
1049,1034
1049,1035
1049,1037
1049,1038
1049,1040
2288,2035
2288,1560
2288,79
2288,498
2068,2454
2068,2234
2068,2239
2068,2241
2068,2035
2068,2040
2068,66
2068,2059
2906,1432
2906,3400
2906,3219
2906,4319
2625,2412
2625,846
2625,78
2625,190
2625,2608
2625,1564
2625,1928
2625,1743
2625,1942
2625,2624
2625,1772
2625,4764
2476,2343
2476,3387
2476,1183
2476,2458
2476,2608
2476,92
2476,3406
2476,2469
2476,2491
1948,4742
1948,2599
1948,2276
1948,1845
1948,1851
1948,1932
1948,1935
1948,1938
1948,1743
1948,2280
745,714
745,715
745,716
745,719
745,722
745,50
745,739
302,4034
302,4712
302,4220
302,373
302,66
302,2599
302,83
302,2611
302,195
302,296
302,2473
302,4375
302,2651
302,433
4375,2347
4375,329
4375,4220
4375,2448
4375,2608
4375,848
4375,2465
4375,2469
4375,296
4375,390
4375,302
4375,853
4375,433
4375,447
4376,1179
4376,179
4376,1184
4376,290
4376,1567
4376,624
4376,1450
4377,2697
4377,4719
4377,4261
4377,3853
4377,4738
4377,4303
4377,2762
4377,2765
4377,4340
4377,3568
4377,3857
4377,2776
4377,4427
507,3847
507,1151
507,480
507,2762
507,930
507,495
507,497
507,498
507,2775
507,508
507,3248
507,4426
507,528
2774,3
2774,2756
2774,4254
2774,1430
2774,36
2774,4739
2774,4740
2774,46
2774,53
2774,55
2774,726
2774,480
2774,60
2774,2762
2774,849
2774,854
2775,2701
2775,2761
2775,4740
2775,480
2775,4303
2775,188
2775,1188
2775,4342
2775,858
2775,3859
2775,2793
2775,2796
2775,1479
2776,2761
2776,4740
2776,3395
2776,479
2776,4302
2776,4303
2776,2762
2776,4340
2776,4342
2776,2776
2776,3416
2776,2791
2776,3859
2776,2793
2776,2797
2776,205
2776,3862
2776,4458
2776,1479
508,709
508,480
508,4742
508,4303
508,2599
508,82
508,499
508,3226
508,2775
508,521
852,2701
852,2710
852,3960
852,3844
852,4286
852,28
852,2022
852,3852
852,38
852,849
852,2766
852,1297
852,3855
852,3857
852,3654
852,874
852,3876
2069,2169
2069,2239
2069,2242
2069,2038
2069,4737
2069,2262
2069,1560
2069,1433
2069,2060
2069,2774
5864,3824
5864,3839
5864,2232
5864,3848
5864,3852
5864,3853
5864,4331
5864,2764
5864,3335
5864,3336
628,15
628,4717
628,2241
628,2242
628,709
628,1842
628,2279
628,2107
628,634
2108,2096
2108,2101
2108,2272
2108,1862
2108,622
2108,1864
2108,1865
2108,1872
2108,2110
2108,2152
4378,1828
4378,1681
4378,590
4378,4291
4378,2599
4378,2279
4378,615
4378,1855
4378,1865
4378,2121
4378,2132
4378,2144
2109,42
2109,717
2109,48
2109,593
2109,1033
2109,2279
2109,622
2109,1872
2109,2114
2109,2115
2109,2117
2109,2634
2109,2652
1872,578
1872,724
1872,619
1872,103
1872,4335
1872,4336
1872,1865
1872,2108
1872,2109
2110,2241
2110,714
2110,2278
2110,2279
2110,1854
2110,1855
2110,1861
2110,4335
2110,1864
2110,2108
629,593
629,60
201,4225
201,4291
201,593
201,594
201,4380
201,2124
2477,2004
2477,3388
2477,2239
2477,2248
2477,2260
2477,2457
2477,2061
4379,1707
4379,2242
4379,181
4379,594
4379,1936
4379,2065
2111,1707
2111,590
2111,2105
2111,53
2111,593
2111,1931
2111,1932
2111,629
2111,4608
202,1177
202,3388
202,2040
202,2105
202,594
202,64
202,3399
202,2117
4380,724
4380,593
4380,594
4380,201
4380,1873
4380,2124
2112,2186
2112,588
2112,3388
2112,2105
2112,183
2112,593
2112,201
2112,2477
2112,2111
2112,2123
4381,1560
4381,593
4381,60
4381,594
1311,1403
1311,3849
1311,4287
1311,2028
1311,3564
1311,3852
1311,845
1311,66
1311,1183
1311,3400
1311,2603
1311,1324
2478,2347
2478,2393
2478,1171
2478,1740
2478,2495
4382,2347
4382,2454
4382,3849
4382,2026
4382,2027
4382,2253
4382,2030
4382,2040
4382,1559
4382,4738
4382,1560
4382,2615
4383,2393
4383,5237
4383,4150
4383,2239
4383,2026
4383,3400
4383,2600
4383,1564
4383,2615
4383,3411
4383,103
4383,4751
4383,4553
4757,4215
4757,3388
4757,4291
4757,709
4757,722
4757,60
4757,2279
4384,3495
4384,5265
4384,3510
4384,4291
4384,2239
4384,2026
4384,4734
4384,3564
4384,4746
4384,2106
4384,1852
4384,4332
4384,4751
4384,3571
3569,3495
3569,3499
3569,5265
3569,3510
3569,5146
3569,3543
3569,3544
3569,2240
3569,2242
3569,2255
3569,3565
3569,181
3569,3397
3569,3398
3569,709
3569,3401
3569,103
3569,1303
3569,4384
3569,3570
3569,3571
3569,2075
3569,3573
3569,3664
3570,1980
3570,3495
3570,3507
3570,3511
3570,3544
3570,2235
3570,2236
3570,2026
3570,2027
3570,2040
3570,2041
3570,4735
3570,2273
3570,4384
3570,3569
3570,3571
2070,4291
2070,2238
2070,2239
2070,2242
2070,2033
2070,2038
2070,2615
2070,3569
2070,4559
4385,4726
4385,3852
4385,181
4386,1557
4386,2239
4386,2026
4386,2241
4386,2615
4386,3571
4386,2075
4386,3685
3571,5484
3571,5497
3571,5022
3571,3507
3571,3544
3571,2255
3571,1559
3571,182
3571,3578
4387,3849
4387,2018
4387,2027
4387,4740
4387,2615
4387,1439
4387,103
1312,2022
1312,2026
1312,2028
1312,1290
1312,1564
1312,2611
1312,1294
1312,2619
1312,1459
1312,4443
1312,4582
4388,4294
4388,4295
4388,4739
4388,3397
4388,3400
4388,4587
3239,164
3239,5293
3239,376
3239,1183
3239,3400
3239,3401
3239,1184
3239,83
3239,189
3239,190
3239,92
3239,3409
3239,4325
3239,3234
3239,448
203,381
203,294
630,42
630,713
630,50
630,593
630,60
630,602
630,730
3240,9
3240,579
3240,367
3240,45
3240,58
3240,376
3240,1747
3240,3235
1761,2575
1761,4291
1761,1720
1761,1932
1761,1747
1761,401
2626,174
2626,2602
2626,1732
4389,4099
4389,4279
4389,4736
4389,2273
4389,4326
4389,1874
4389,4583
4390,4111
4390,2022
4390,1562
4390,1184
4390,91
4390,1567
4390,4750
4390,2771
4390,134
853,3511
853,5271
853,4199
853,3391
853,4739
853,3397
853,1433
853,849
853,1582
853,4517
853,877
3338,896
3338,5548
3338,2227
3338,2255
3338,726
3338,3400
3338,3401
3338,89
3338,190
3338,1438
3338,3334
3338,1443
3338,2772
3338,2807
2998,1408
2998,3849
2998,4741
2998,1183
2998,1184
2998,2600
2998,2603
2998,2614
2998,4319
2998,1300
2998,2620
2998,1305
2998,1583
2998,4758
2998,1320
2998,3123
2998,3126
2998,4467
2998,3141
3241,5234
3241,16
3241,3208
3241,4740
3241,846
3241,3217
3241,1183
3241,91
3241,2608
3241,849
3241,195
3241,3225
3241,3226
3241,3242
3241,2627
3241,854
3242,3198
3242,47
3242,48
3242,50
3242,183
3242,73
3242,3217
3242,185
3242,195
3242,3241
3242,2627
3242,931
3242,139
2627,1184
2627,92
2627,2609
2627,849
2627,195
2627,3241
2627,3242
2627,4442
2627,3250
2627,212
854,773
854,5548
854,2750
854,2444
854,4251
854,839
854,3853
854,845
854,480
854,2762
854,190
854,3333
854,849
854,930
854,3855
854,3241
854,2627
854,931
854,2778
854,2633
854,2807
854,939
854,2810
854,2821
854,881
3243,1032
3243,84
3243,3225
3243,112
509,360
509,481
509,66
509,67
509,2763
509,482
509,613
509,490
509,295
509,501
509,530
112,66
112,1183
112,1184
112,83
112,89
112,189
112,1188
2777,4726
2777,4736
2777,4738
2777,480
2777,4303
2777,2765
2777,4758
4758,4722
4758,1268
4758,2230
4758,4738
4758,5846
4758,983
2289,368
2289,2033
2289,592
2289,2279
2289,1861
2289,103
2289,656
1585,3511
1585,5269
1585,1167
1585,3848
1585,3849
1585,1283
1585,74
1585,3400
1585,1563
1585,2615
1585,1438
1585,1572
1585,1575
1585,1576
1585,1583
1585,2774
1585,3571
2479,902
2479,4705
2479,823
2479,2422
2479,829
2479,833
2479,22
2479,928
2479,843
2479,2241
2479,30
2479,181
2479,60
2479,66
2479,185
2479,2600
2479,2459
2479,2608
2479,92
2479,2610
2479,95
2479,849
2479,2774
2479,933
2479,4510
2479,943
2479,944
2479,2498
2479,863
2479,978
631,2242
631,2252
631,30
631,4739
631,4740
631,714
631,719
631,598
631,2266
631,3407
631,2479
631,643
631,653
631,951
631,4590
401,1149
401,1168
401,1169
401,1173
401,3397
401,3401
401,1926
3244,3183
3244,4197
3244,589
3244,2021
3244,2028
3244,480
3244,1184
3244,292
3244,2615
3244,103
3244,1574
3244,1050
3244,403
3244,421
4391,2347
4391,3373
4391,2412
4391,2221
4391,2022
4391,3389
4391,3394
4391,2457
4391,2599
4391,2600
4391,89
4391,2615
2480,4825
2480,2454
2480,3398
2480,719
2480,66
2480,2457
2480,4742
2480,3400
2480,3401
2480,2608
2480,92
2480,3406
2480,3407
2480,2615
2480,2476
2480,2660
2628,2347
2628,4713
2628,2580
2628,37
2628,2608
2628,2612
2628,2615
2628,2616
2628,103
2628,2644
2628,2506
855,2343
855,5066
855,1151
855,1432
855,183
855,60
855,74
855,3217
855,1184
855,1436
855,1852
855,624
855,936
855,1464
855,1214
2290,3510
2290,3515
2290,1280
2290,2235
2290,2239
2290,2032
2290,3850
2290,3852
2290,2262
2290,2059
2290,1297
2290,1458
2290,2069
2290,1483
2290,1490
2290,1347
2290,1498
4759,3
4759,2167
4759,4826
4759,5271
4759,1546
4759,3331
4759,2024
4759,846
4759,3395
4759,847
4759,3234
4759,2929
4760,831
4760,3391
4760,3393
4760,49
4760,97
4760,1572
4760,2774
2071,2010
2071,3388
2071,4291
2071,2242
2071,2250
2071,2031
2071,2051
2071,1028
2071,4741
2071,2058
2071,4312
2071,2064
2072,1989
2072,4291
2072,2238
2072,2242
2072,2028
2072,2249
2072,37
2072,2060
2072,2071
632,4233
632,2241
632,2242
632,593
632,598
632,600
632,602
632,2271
632,2279
632,4352
632,625
632,627
402,2051
402,2052
402,42
402,376
402,2265
402,381
402,4308
402,383
402,2064
402,409
402,418
402,419
4392,1147
4392,2028
303,3091
303,1124
303,281
303,376
303,289
303,293
303,3333
303,298
2629,2252
2629,183
2629,62
2629,66
2629,376
1050,1031
1050,1184
1050,848
1050,3254
1050,3265
1050,139
403,2580
403,4243
403,368
403,2450
403,4273
403,2031
403,376
403,381
403,608
403,292
403,609
403,2272
403,2061
403,616
403,300
403,1050
403,404
403,415
403,420
403,424
403,428
404,327
404,328
404,373
404,2035
404,2052
404,3216
404,592
404,66
404,376
404,3217
404,87
404,1034
404,2459
404,609
404,390
404,420
405,164
405,45
405,1030
405,603
405,1183
405,484
405,1851
405,3239
304,288
304,608
304,382
304,92
304,289
304,290
304,293
304,488
304,299
304,300
304,310
304,417
633,2242
633,593
633,376
633,598
633,2265
633,608
633,616
633,4551
633,445
204,3185
204,1028
204,480
204,2762
204,185
204,4341
204,494
1313,837
1313,1423
1313,2239
1313,1290
1313,2615
1313,1438
1313,1583
406,589
406,58
406,376
406,603
406,381
406,608
406,292
406,609
406,293
406,103
406,752
4393,4034
4393,586
4393,1177
4393,4291
4393,596
4393,608
4393,4309
4393,292
4393,609
4393,1850
4393,616
4393,407
407,2580
407,1424
407,381
407,2465
1586,1390
1586,1273
1586,1148
1586,3331
1586,1164
1586,1167
1586,3849
1586,1283
1586,1183
1586,1575
1586,3664
1586,1230
1459,4696
1459,30
1459,4740
1459,1433
1459,2600
1459,1434
1459,2619
1459,1460
1459,2076
1459,4487
1459,1499
1459,2519
1460,713
1460,4310
1460,4333
1460,1459
1460,1762
1460,1499
4394,4729
4394,4272
4394,2759
4394,4278
4394,190
4394,3410
4394,2465
4394,616
4394,2107
4394,1783
1762,713
1762,1721
1762,1848
1762,1857
1762,1460
634,2221
634,2242
634,50
634,598
634,2265
634,600
634,1842
634,613
634,652
634,658
635,588
635,4281
635,4291
635,2241
635,1427
635,598
635,605
635,2266
635,2278
635,2615
635,2300
635,2141
931,3997
931,928
931,849
5865,2005
5865,5817
5865,4252
5865,3848
5865,1181
5865,3332
5865,1283
5865,2043
5865,5293
5865,2761
5865,4741
5865,3399
5865,1183
5865,3401
5865,91
5865,92
5865,848
5865,4321
5865,1438
5865,4331
5865,3411
5865,1188
5865,1567
5865,1189
5865,2765
5865,1441
5865,3226
5865,3228
5865,3237
5865,1446
5865,1572
5865,1575
5865,200
5865,1202
5865,4395
5865,3245
5865,205
4395,2021
4395,2260
4395,4738
4395,1433
4395,3400
4395,2273
4395,1188
4395,1567
2481,2347
2481,2449
2481,1153
2481,2592
2481,1171
2481,3851
2481,4738
2481,79
2481,2603
2481,2613
2481,4321
2481,1188
2481,1567
5866,2856
5866,5793
5866,5817
5866,3323
5866,4252
5866,1188
5866,1567
5866,1189
5866,3237
5866,1446
5866,2905
5866,1202
5866,5865
5866,3245
5866,5870
5866,1591
5866,2526
3245,1184
3245,3237
408,37
408,498
1587,3331
1587,1169
1587,1170
1587,1283
1587,2593
1587,2615
1587,1305
1587,1447
1587,1574
1587,1575
1587,1580
3112,3043
3112,3849
3112,1283
3112,1183
3112,3109
3112,1572
3112,1575
3112,1576
3112,1581
3112,1583
3112,1201
2073,1271
2073,1426
2073,2021
2073,4291
2073,2241
2073,2242
2073,2031
2073,2262
2073,1290
4396,189
4396,1738
4396,1740
4396,1934
4396,1857
4396,1858
4396,1860
4396,1759
4396,1767
1949,1707
1949,1711
1949,717
1949,2615
1949,1722
1949,1846
1949,1729
1949,1850
1949,1929
1949,1739
1949,1741
1949,1932
1949,1936
1949,1937
1949,1938
1949,1941
1949,1857
1949,1860
1949,1863
1949,390
1949,1756
1949,1944
1949,1951
2482,2347
2482,2459
2482,2462
2482,2464
2482,2466
2482,2488
746,712
746,713
746,714
746,719
746,721
746,723
746,732
636,2242
636,2248
636,2265
636,600
636,730
636,616
636,617
636,662
113,4
113,4740
113,1560
113,709
113,49
113,54
113,55
113,57
113,60
113,66
113,3400
113,138
114,846
114,709
114,49
114,53
114,57
114,183
114,60
114,66
114,2616
2630,66
2630,4742
2630,78
2630,190
2630,2608
2630,92
2630,2609
2630,2613
2630,2625
2630,3250
2630,4445
4397,922
4397,4236
4397,842
4397,1432
4397,185
4397,189
4397,190
4397,2608
4397,4331
4397,123
4397,941
4397,983
1763,1723
1763,1932
1763,1855
1763,1857
1763,4326
1763,2626
1763,1813
1314,1403
1314,1269
1314,2451
1314,2454
1314,66
747,714
747,724
747,50
747,2264
747,3400
747,2279
747,1572
747,630
747,1764
747,756
1203,2393
1203,1118
1203,1128
1203,1168
1203,1169
1203,1171
1203,1172
1203,2025
1203,4316
748,2242
748,714
748,716
748,719
748,732
748,1850
748,616
748,617
748,618
749,2252
749,182
749,712
749,714
749,719
749,2056
749,726
749,60
409,4228
409,2448
409,42
409,592
409,376
409,604
409,381
409,619
409,296
409,389
409,1050
409,426
2074,1977
2074,4717
2074,4290
2074,4291
2074,2025
2074,2238
2074,2241
2074,2249
2074,2250
2074,2037
2074,2038
2074,2051
2074,480
2075,1996
2075,2022
2075,2239
2075,2026
2075,2242
2075,2038
2075,3395
2075,709
4398,4722
4398,4267
4398,4738
4398,845
4398,38
4398,3395
4398,3397
4398,3401
4398,3655
4398,4616
2291,2236
2291,4290
2291,2025
2291,2240
2291,2241
2291,2250
2291,2256
2291,2041
2291,2071
2291,2076
2291,2078
2291,2312
2076,4291
2076,2238
2076,2031
2076,2033
2076,2038
2076,4323
2076,2291
2292,2195
2292,2010
2292,3388
2292,2027
2292,2044
2292,4298
2292,3398
2292,709
2292,718
2292,188
2292,4312
2292,4363
2292,2305
2292,2307
2293,2008
2293,2014
2293,2022
2293,2239
2293,2242
2293,3564
2293,3391
2293,3400
3246,376
3246,83
5867,2347
5867,5780
5867,1379
5867,1433
5867,185
5867,2273
5867,4317
5867,1436
5867,5847
5867,1438
5867,2280
5867,3411
1873,2199
1873,2103
1873,3388
1873,2241
1873,726
1873,601
1873,2275
1873,2278
1873,2061
1873,2279
1873,1437
1873,1863
1873,1864
1873,2285
1873,1870
1873,2483
1873,2128
1873,4638
5868,2186
5868,5794
5868,5815
5868,2101
5868,1920
5868,4240
5868,2225
5868,589
5868,2103
5868,2104
5868,2233
5868,2029
5868,1427
5868,2105
5868,593
5868,4742
5868,599
5868,1843
5868,289
5868,2278
5868,2106
5868,2061
5868,2279
5868,1860
5868,4335
5868,5852
5868,1864
5868,1873
5868,2113
5868,2114
5868,2115
5868,2294
5868,4399
5868,2117
5868,2118
5868,1950
5868,2120
5868,2121
5868,1779
5868,2124
5868,2125
5868,2126
5868,2127
5868,2128
5868,2129
5868,2133
5868,2135
5868,2137
5868,2138
5868,648
5868,2139
5868,3262
5868,3263
5868,649
5868,2145
5868,4554
5868,1960
5868,3271
5868,2148
5868,2149
2113,2090
2113,557
2113,2100
2113,1149
2113,1175
2113,2240
2113,2031
2113,1427
2113,2279
2113,4335
2113,4352
2113,4754
2113,2124
2113,2300
2113,647
2113,2153
2114,2090
2114,2100
2114,2252
2114,600
2114,2279
2114,616
2114,619
2114,622
2114,1863
2114,2283
2114,1872
2114,2115
2114,2128
2114,2129
2114,2133
2114,1883
2115,2018
2115,3388
2115,4739
2115,593
2115,4741
2115,600
2115,2266
2115,2106
2115,2615
2115,2279
2115,622
2115,1864
2115,1872
2115,1873
2115,2114
2115,2117
2115,2124
2115,2129
2116,4723
2116,3388
2116,1427
2116,593
2116,2457
2116,2279
2116,4335
2116,2107
2116,1864
2116,627
2116,1873
2116,2117
2116,2122
2116,4480
2294,1401
2294,2241
2294,596
2294,2279
2294,1850
2294,619
2294,103
2294,4335
2294,622
2294,1947
2294,5868
2294,2117
2294,2124
2294,1955
2294,2129
2294,648
2294,3262
4399,4727
4399,2018
4399,3388
4399,2105
4399,3394
4399,2457
4399,2466
4399,2279
4399,193
4399,1584
4399,2112
4399,2118
4399,2123
4399,2124
4399,2127
4399,1955
4399,2079
2117,2090
2117,593
2117,2265
2117,2465
2117,2061
2117,2279
2117,4328
2117,622
2117,4336
2117,2110
2117,5868
2117,2114
2117,2294
2117,2119
2117,2124
2117,1955
2117,648
2117,2325
2118,2086
2118,2099
2118,2100
2118,3388
2118,2255
2118,289
2118,2106
2118,2279
2118,1861
2118,2280
2118,2117
2118,2131
1950,3388
1950,1427
1950,593
1950,2107
1950,2124
1950,2125
1950,1955
1950,1960
2119,2090
2119,1681
2119,3388
2119,4335
2119,1864
2119,1865
2119,1870
2119,2124
2119,2132
2119,4484
2119,2133
2119,2147
2119,2150
750,2241
750,4738
750,713
750,719
750,598
750,3400
750,2762
750,648
2631,726
2631,480
2631,66
2631,67
2631,1184
2631,2774
2631,139
1204,1125
1204,1128
1204,1152
1204,1153
1204,1157
1204,1421
1204,1168
1204,1170
1204,1171
1204,1175
1204,2027
1204,1196
3339,3311
3339,3329
3339,3330
3339,1573
3339,1196
3339,3336
3339,1588
3339,2798
637,582
637,2018
637,3388
637,2241
637,2242
637,2252
637,53
637,593
637,598
637,2077
2120,2347
2120,1705
2120,1707
2120,2103
2120,2233
2120,3388
2120,1860
1588,3287
1588,3293
1588,3300
1588,3049
1588,3611
1588,3060
1588,1119
1588,3200
1588,3331
1588,1151
1588,1169
1588,1171
1588,3848
1588,480
1588,1183
1588,194
1588,1579
1588,1580
1588,851
1588,3339
1588,1588
1588,1595
1588,3346
1588,3350
1588,3351
1588,3356
1588,3362
1588,3363
1764,50
1764,2279
1764,1850
1764,616
1764,1438
1764,735
1764,747
410,2347
410,5063
410,1164
410,589
410,1177
410,4291
410,2241
410,1183
410,293
410,1732
410,1870
410,397
1765,1681
1765,1700
1765,4291
1765,376
1765,2278
1765,1720
1765,1930
1765,1932
1765,1857
1765,1743
1765,1965
1874,1708
1874,1430
1874,1846
1874,1731
1874,1740
1874,1936
1874,4326
1874,3123
1874,1813
638,2241
638,2242
638,2248
638,2252
638,2045
638,2260
638,2272
638,2278
638,2615
638,2281
638,2282
751,2343
751,2242
751,713
751,716
751,719
751,49
751,54
751,60
751,376
751,4324
751,849
4400,3216
4400,66
4400,91
4400,1037
932,2347
932,3852
932,1433
932,2762
932,185
932,849
932,4543
856,896
856,774
856,786
856,909
856,3997
856,819
856,826
856,3484
856,3634
856,2897
856,3836
856,5822
856,926
856,927
856,928
856,5830
856,839
856,840
856,841
856,3214
856,1410
856,74
856,2608
856,848
856,849
856,194
856,853
856,2479
856,931
856,4397
856,932
856,933
856,935
856,3654
856,2785
856,860
856,940
856,3765
856,5888
856,864
856,947
856,953
856,961
856,868
856,969
856,870
856,4544
856,4546
856,976
856,982
856,983
856,984
856,873
856,876
856,877
856,878
856,879
856,1001
856,889
933,5315
933,2347
933,2241
933,49
933,376
933,1433
933,2762
933,849
933,4546
934,832
934,926
934,1290
934,849
934,1574
934,935
934,959
934,4544
935,4210
935,3844
935,1439
935,849
935,2766
935,3123
3654,919
3654,3510
3654,4210
3654,3844
3654,2019
3654,3852
3654,4738
3654,1433
3654,2762
3654,849
3654,4340
3654,2766
3654,2903
3654,932
3654,934
3654,4439
3654,864
3654,949
3654,950
3654,953
3654,954
3654,959
3654,960
3654,961
3654,964
3654,966
3654,971
3654,978
3654,873
3654,874
3654,3676
3654,995
3654,996
1766,1653
1766,1286
1766,66
1766,68
1766,2603
1766,91
1766,97
1766,1857
1766,1858
1766,2624
1766,2632
4401,1290
4401,2600
4401,4306
4401,2603
4401,1572
4401,1575
4401,1335
4401,4603
4402,1167
4402,1171
4402,1179
4402,179
4402,1432
4402,74
4402,2763
4402,4751
4402,1200
4403,846
4403,3395
4403,66
4403,1183
4403,2616
4403,1452
4403,3855
4403,3857
4403,1469
4403,1479
5869,338
5869,5068
5869,5108
5869,1259
5869,2193
5869,17
5869,1695
5869,1278
5869,1286
5869,708
5869,723
5869,1562
5869,73
5869,1928
5869,509
5869,2289
5869,635
5869,2292
5869,2307
5869,4551
5869,3783
2295,2242
2295,2039
2295,2263
2295,52
2295,593
2295,60
2295,2267
2295,1567
2295,2296
2295,2320
2296,2242
2296,2252
2296,2255
2296,593
2296,2267
2296,1567
2296,2295
2296,2320
1767,2613
1767,2278
1767,2106
1767,2615
1767,1738
1767,1740
1767,1741
1767,1857
1767,1858
1767,1743
1767,2483
1767,1968
3655,3510
3655,3560
3655,1105
3655,3106
3655,4288
3655,2261
3655,2466
3655,1478
4404,2263
4404,709
4404,731
4404,2281
4404,2282
4404,2077
115,1028
115,185
4405,4720
4405,1557
4405,66
4405,1464
4405,1479
1589,3201
1589,1410
1589,4734
1589,66
1589,1433
1589,2600
1589,1564
1589,96
1461,2347
1461,3400
1461,185
1461,1290
1461,2273
1461,1459
857,2025
857,849
857,2482
857,2488
857,863
4406,4291
4406,376
4406,601
4406,609
4406,1720
4406,299
3247,352
3247,60
3247,1184
3247,91
3247,848
3247,4331
3247,496
3247,3221
2077,3105
2077,2025
2077,2242
2077,1560
2077,3398
2077,709
2077,2265
2077,104
2077,4352
2077,2117
4407,373
4407,2052
4407,4739
4407,376
4407,1184
4407,293
1590,1253
1590,1556
1590,3849
1590,2615
1590,1439
1590,4345
1590,1575
4408,2258
4408,4738
4408,1730
4408,1933
4408,1936
4408,1857
4408,1743
4408,4333
4408,1869
4408,1870
752,4713
752,713
752,719
752,376
752,189
1951,1636
1951,1850
1951,616
1951,1736
1951,1930
1951,1937
1951,1938
1951,1743
1951,4451
1951,1973
3113,3071
3113,4237
3113,1707
3113,1414
3113,1416
3113,3400
3113,3410
3113,1850
3113,1440
3113,3123
3415,2343
3415,2347
3415,2454
3415,2457
3415,3406
2632,66
2632,3406
2632,2613
2632,1928
2632,1855
2632,2624
2632,2625
2632,2631
3248,1414
3248,1183
3248,1184
3248,1438
3248,3227
3248,3228
3248,3229
3248,3230
3248,3234
1952,1915
1952,1840
1952,4291
1952,2457
1952,1926
1952,2279
1952,1852
1952,1931
1952,1932
1952,1937
1952,1938
1952,1742
1952,1743
1952,1859
1952,1945
1952,1972
2121,2354
2121,566
2121,2025
2121,2241
2121,4742
2121,2599
2121,613
2121,2279
2121,4378
2121,1875
2121,2151
1768,1705
1768,1711
1768,4291
1768,4740
1768,2278
1768,1857
1768,1437
1768,1860
1768,1861
1768,103
305,2580
305,282
305,373
305,2035
305,182
305,2460
305,2601
305,2465
305,195
305,391
305,2473
305,300
4409,2026
4409,2028
4409,4733
4409,4738
4409,67
4409,2457
4409,2267
4409,1290
4409,1294
2483,2347
2483,2241
2483,2466
2483,2279
2483,1846
2483,390
2483,1945
2483,2286
936,840
936,2762
936,849
936,4340
936,3226
936,2776
936,4410
936,2794
936,3860
936,4449
936,4536
936,2818
936,3277
4410,589
4410,4739
4410,376
4410,2459
4410,4754
4410,2482
4410,956
4410,4618
5870,5591
5870,2732
5870,5443
5870,5444
5870,3470
5870,5791
5870,4804
5870,3500
5870,5825
5870,1137
5870,3328
5870,1179
5870,1181
5870,713
5870,1934
5870,849
5870,1189
5870,4349
5870,4357
5870,1202
5870,4464
5870,4527
5870,3276
4411,2051
4411,592
4411,83
4411,608
4411,609
4411,1726
4411,616
4411,4414
1315,1290
116,593
116,595
116,3404
3858,2260
3858,3852
3858,3394
3858,480
3858,1291
3858,4317
3858,1438
3858,3411
3858,3855
3858,3857
3858,2774
3858,3870
753,4739
753,709
753,2597
753,718
753,719
753,4741
753,66
753,736
753,758
1205,481
1205,4741
1205,4325
1205,1729
1205,1852
1205,1206
1206,1122
1206,3325
1206,1166
1206,1172
1206,1173
1206,1176
1206,3332
1206,4731
1206,2258
1206,1205
1206,3123
1206,1213
1206,1214
2078,2218
2078,2236
2078,4289
2078,2241
2078,2242
2078,2028
2078,2250
2078,2251
2078,2041
2078,3395
2078,2075
4412,45
4412,481
4412,185
4412,122
639,4233
639,2238
639,2246
639,2249
639,2038
639,844
639,4735
639,598
639,2265
639,603
639,1567
639,631
1953,1916
1953,1564
1953,1736
1953,1737
1953,1932
1953,1934
1953,1935
1953,1937
1953,1941
1953,1855
1953,1857
1953,1858
1953,1743
1953,1757
1953,1976
937,177
937,849
937,4548
937,978
937,2678
937,1355
937,4676
4413,4738
4413,3217
4413,1031
4413,616
4413,2616
1591,4286
1591,2022
1591,1433
1591,3400
1591,1184
1591,91
1591,1567
1591,1189
1591,1297
1591,1573
1591,1584
1591,2774
1591,1464
1591,4503
1591,220
411,1403
411,1168
411,1173
411,28
411,2025
411,2028
411,376
411,1183
411,1184
411,2615
411,195
1954,3069
1954,2239
1954,480
1954,2599
1954,91
1954,2279
1954,1850
1954,1932
117,5705
117,4739
117,52
117,57
118,7
118,40
118,65
118,188
118,119
119,4696
119,4697
119,7
119,2740
119,2241
119,4739
119,3398
119,726
119,57
119,60
119,66
119,185
119,3402
119,92
119,101
119,121
119,134
119,136
119,137
119,144
120,714
120,719
120,724
120,726
120,60
121,57
121,58
121,60
121,92
121,4370
121,2774
121,119
1769,2459
1769,1727
1769,1935
1769,1857
1769,2468
1769,1751
1769,1781
4414,2025
4414,480
4414,64
4414,2468
4414,4411
1592,1573
1592,1575
1592,2644
1592,1464
1592,3140
2778,2762
2778,2775
2778,854
2778,4760
2778,3859
2778,2797
2778,2804
2779,2762
2779,2599
2779,2766
2779,496
2779,2767
2779,4427
2779,521
2779,4429
4415,2710
4415,3949
4415,2743
4415,923
4415,4738
4415,2762
4415,490
4415,2774
4415,3654
4415,523
4415,2816
4415,4668
510,4736
510,2762
510,3218
510,4321
510,4342
510,496
510,2786
510,523
510,4429
2780,480
2780,194
2780,3654
2780,2806
2780,982
511,467
511,468
511,288
511,42
511,497
511,2793
306,376
306,2762
306,289
306,294
306,4355
306,412
306,316
2781,2725
2781,3949
2781,2730
2781,2733
2781,2743
2781,175
2781,1179
2781,2761
2781,480
2781,1184
2781,2762
2781,4355
2781,4419
2781,2796
2781,4680
2782,2701
2782,480
2782,60
2782,2787
2782,4427
2782,4663
2783,2734
2783,2831
412,376
412,483
412,290
412,1037
4416,1031
4416,1034
4416,88
4416,496
4416,498
4416,4539
4417,2761
4417,480
4417,2766
4417,4751
4417,413
4417,4427
512,1185
512,1034
512,88
512,293
512,295
512,496
512,497
512,519
512,2800
4418,4736
4418,4738
4419,4101
4419,4734
4419,88
4419,89
4419,2771
4419,2808
4419,4576
513,1168
513,2762
513,88
513,89
513,189
513,487
513,517
513,519
513,520
513,521
2784,271
2784,1424
2784,4739
2784,1030
2784,376
2784,483
2784,290
2784,295
2784,388
2784,412
5871,2733
5871,549
5871,4037
5871,810
5871,4053
5871,552
5871,822
5871,1834
5871,474
5871,4142
5871,350
5871,1111
5871,5808
5871,2219
5871,2101
5871,1692
5871,4226
5871,5834
5871,4308
5871,5846
5871,4335
5871,2770
5871,4355
5871,3239
5871,2116
5871,3654
5871,4413
5871,4415
5871,2781
5871,2783
5871,2787
5871,413
5871,526
5871,2801
5871,1054
5871,2122
5871,4481
5871,422
5871,1785
5871,1062
5871,4526
5871,2816
5871,871
5871,4564
5871,4667
5871,2832
5871,2833
4420,250
4420,89
4420,289
4420,293
4420,2616
4420,498
4420,2771
4420,299
4420,306
4420,4419
4420,4433
514,2701
514,2710
514,2762
514,2775
514,413
514,2817
515,479
515,2599
515,4341
515,494
515,496
515,506
515,2775
858,2701
858,2752
858,28
858,3395
858,480
858,3400
858,2762
858,4340
858,2774
858,2775
2785,3327
2785,2762
2785,2774
2785,4530
4421,2761
4421,480
4421,489
4421,2776
4421,3416
4421,4458
4422,2701
4422,4092
4422,4740
4422,182
4422,851
4422,4421
4423,480
4423,2762
4423,87
4423,496
4423,498
4423,2767
4423,4421
4423,4424
4423,523
4423,4429
4424,182
4424,2762
4424,87
4424,88
4424,496
4424,498
4424,2767
4424,4421
4424,4423
4424,523
4424,4429
3416,2761
3416,2762
3416,4342
3416,2776
3416,3654
3416,4421
3416,4458
2786,846
2786,2762
2786,4429
307,288
307,3399
307,601
307,2762
307,291
307,293
307,487
307,309
308,2762
308,3333
308,4355
308,2775
308,2781
308,2796
4425,2232
4425,4740
4425,497
4425,4421
4425,523
4426,284
4426,4740
4426,480
4426,2762
4426,87
4426,1034
4426,88
4426,497
4426,498
4426,499
4426,1036
4426,507
4426,521
4426,2804
2787,1172
2787,4742
2787,2762
2787,2599
2787,2610
2787,519
2787,2790
2787,309
2787,2793
413,3844
413,1170
413,1172
413,2761
413,480
413,1183
413,89
413,4340
413,2774
413,2776
413,4427
413,1479
4427,4026
4427,4102
4427,4210
4427,3844
4427,2761
4427,182
4427,480
4427,76
4427,2762
4427,4340
4427,2766
4427,496
4427,4751
4427,1452
4427,4377
4427,2776
4427,4417
4427,4428
4427,4429
4427,4530
4427,4605
4427,4623
5872,2841
5872,2699
5872,5760
5872,5761
5872,152
5872,2701
5872,2705
5872,2709
5872,5764
5872,2712
5872,2735
5872,2736
5872,4015
5872,2742
5872,2748
5872,2749
5872,4096
5872,2889
5872,4114
5872,3197
5872,4153
5872,832
5872,2754
5872,4197
5872,4203
5872,2755
5872,2444
5872,4238
5872,4251
5872,2757
5872,288
5872,3847
5872,2759
5872,2232
5872,2761
5872,4303
5872,2762
5872,2599
5872,89
5872,4308
5872,3333
5872,1188
5872,2764
5872,4339
5872,4340
5872,2766
5872,4341
5872,4342
5872,493
5872,496
5872,2767
5872,2768
5872,4349
5872,2771
5872,1191
5872,1443
5872,2772
5872,4355
5872,2775
5872,2776
5872,852
5872,4390
5872,3338
5872,2777
5872,204
5872,2779
5872,4415
5872,2782
5872,2783
5872,4417
5872,4419
5872,2785
5872,4421
5872,4422
5872,2787
5872,413
5872,4427
5872,516
5872,5873
5872,4428
5872,309
5872,2791
5872,3859
5872,2793
5872,2797
5872,3249
5872,4433
5872,2801
5872,3862
5872,4439
5872,2807
5872,4458
5872,4462
5872,2813
5872,2814
5872,3865
5872,3268
5872,4546
5872,4576
5872,2819
5872,316
5872,2821
5872,4620
5872,2822
5872,2824
5872,2827
5872,5632
5872,4648
5872,5635
5872,2833
516,2758
516,4740
516,2599
516,2763
516,483
516,484
516,4342
516,4432
516,4531
516,4689
517,1152
517,1170
517,1171
517,1172
517,42
517,1030
517,601
517,88
517,383
517,487
517,498
517,499
517,1037
517,2779
517,519
517,521
517,524
517,4429
517,414
517,3859
517,2793
517,459
518,4009
518,1560
518,482
518,484
518,2768
518,517
518,519
518,521
518,4428
518,4430
518,4431
518,532
519,2241
519,49
519,593
519,483
519,293
519,487
519,488
519,523
519,4431
520,471
520,372
520,1179
520,60
520,88
520,496
520,2768
520,519
520,521
520,523
520,4431
5873,4009
5873,2763
5873,482
5873,483
5873,484
5873,1185
5873,88
5873,485
5873,3218
5873,4343
5873,490
5873,295
5873,491
5873,496
5873,497
5873,499
5873,500
5873,2768
5873,1037
5873,503
5873,1451
5873,507
5873,511
5873,4425
5873,4426
5873,516
5873,519
5873,521
5873,523
5873,4428
5873,2789
5873,4429
5873,414
5873,4430
5873,2798
5873,4431
5873,527
5873,4432
5873,4434
5873,533
521,85
521,1185
521,88
521,491
521,492
521,496
521,498
521,499
521,2772
521,507
521,2775
521,508
521,4426
521,523
521,4429
521,528
2788,49
2788,50
2788,376
2788,2762
2788,89
2788,495
2788,4355
2788,4416
2788,525
522,469
522,4742
522,3400
522,2762
522,187
522,3218
522,487
522,499
522,508
522,517
522,521
522,4431
522,4434
522,531
523,4303
523,2762
523,3218
523,487
523,498
523,4355
523,2788
523,525
523,4431
524,1183
524,2762
524,84
524,2061
524,496
524,500
524,519
524,521
4428,2761
4428,88
4428,487
4428,495
4428,496
4428,858
4428,4427
4428,519
4428,2788
4428,523
2789,471
2789,1167
2789,725
2789,1028
2789,53
2789,68
2789,376
2789,73
2789,290
2789,1858
2789,496
2789,2618
2789,521
2789,2800
4429,4736
4429,1029
4429,3217
4429,2762
4429,84
4429,88
4429,4342
4429,295
4429,496
4429,498
4429,2767
4429,510
4429,4423
4429,4424
4429,2786
4429,521
4429,536
2790,356
2790,482
2790,483
2790,88
2790,383
2790,290
2790,295
2790,4755
2790,516
414,2762
414,1185
414,88
414,381
414,4751
414,1441
414,309
414,3859
414,2793
414,3250
414,534
309,2759
309,4738
309,2761
309,480
309,189
309,3333
309,2768
309,4355
309,307
309,3859
2791,2708
2791,1028
2791,479
2791,57
2791,480
2791,1183
2791,2762
2791,1575
2791,1576
2791,3859
3859,2741
3859,1167
3859,3850
3859,1432
3859,3852
3859,1183
3859,2766
3859,1194
3859,1196
3859,1457
3859,1200
3859,1458
3859,413
3859,2791
3859,2792
3859,2793
3859,2797
3859,1467
2792,2701
2792,3852
2792,2761
2792,2762
2792,1189
2792,930
2792,4340
2792,2776
2792,3859
2792,2797
2792,1496
2792,4624
2793,175
2793,3853
2793,2761
2793,2762
2793,3333
2793,1441
2793,3336
2793,2775
2793,514
2793,3859
2794,2754
2794,936
2794,3860
2794,1470
2795,2707
2795,3920
2795,4722
2795,175
2795,4736
2795,2761
2795,4740
2795,4302
2795,4340
2795,194
2795,3855
2795,2774
2795,2776
2795,3860
2795,4440
2795,989
5874,2712
5874,2714
5874,3950
5874,2731
5874,2735
5874,2737
5874,3184
5874,810
5874,1383
5874,164
5874,3478
5874,5808
5874,4210
5874,926
5874,4335
5874,1865
5874,2770
5874,4355
5874,1312
5874,3239
5874,935
5874,2781
5874,2787
5874,309
5874,2795
5874,525
5874,3130
5874,125
5874,958
5874,4520
5874,871
5874,874
5874,4667
5874,2833
525,924
525,2232
525,2762
525,4355
525,858
525,4425
525,523
525,525
2796,2761
2796,480
2796,2762
2796,2775
2796,2781
2797,5761
2797,3847
2797,480
2797,1183
2797,2762
2797,3333
2797,2773
2797,2774
2797,2776
2797,3859
2797,3862
2797,4457
3860,2709
3860,2754
3860,3836
3860,1685
3860,3852
3860,60
3860,76
3860,2762
3860,1854
3860,1864
3860,194
3860,2775
3860,936
3860,2794
3860,2795
3860,1967
4761,2888
4761,480
4761,1443
4761,507
4761,2776
4761,4415
4761,1471
3861,832
3861,4210
3861,3844
3861,2762
3861,849
3861,2774
3861,935
3861,3654
3861,4427
3861,953
3861,874
3861,2822
4430,378
4430,497
4430,498
4430,506
4430,4405
4430,518
4430,519
2798,2763
2798,3333
2798,3226
2798,3339
2798,521
2798,2789
526,152
526,473
526,50
526,1183
526,295
526,496
526,497
526,506
526,517
526,519
526,520
526,4434
4431,88
4431,3218
4431,496
4431,499
4431,519
4431,520
4431,521
4431,523
527,487
527,2775
527,519
527,521
2799,1138
2799,1183
2799,2762
2799,89
1051,1031
1051,1034
1051,1035
1051,88
1051,494
1051,497
1051,499
1051,1037
1051,506
1051,517
205,182
205,480
205,185
205,84
205,3225
205,2776
205,4427
205,523
205,2796
3249,1087
3249,1134
3249,1183
3249,1184
3249,89
3249,3243
3249,205
2800,1283
2800,1562
2800,2762
2800,383
2800,506
2800,512
2800,3859
4432,1024
4432,1029
4432,1183
4432,2762
4432,2599
4432,2763
4432,187
4432,483
4432,295
4432,4449
4433,2599
4433,482
4433,2601
4433,290
4433,293
4433,299
4433,4755
4433,4376
4433,2787
2801,3525
2801,1423
2801,2762
2801,1194
2801,4754
2801,3859
2801,1224
2802,2759
2802,62
2802,2768
2802,2803
2803,483
2803,2768
310,1183
310,291
4434,1034
4434,3218
4434,487
4434,490
4434,496
4434,506
4434,4425
4434,523
4434,4431
4435,88
4435,4343
4435,487
4435,499
528,472
528,89
528,3333
528,499
528,2767
528,507
528,4426
528,2799
528,4463
528,531
4436,3327
4436,4340
4436,486
4436,494
4436,496
4436,1196
122,3218
122,4412
4437,4065
4437,3648
4437,2761
4437,4303
4437,2762
4437,4321
4437,4355
4437,4755
4437,4421
2804,2762
4438,4740
4438,848
4438,2773
4438,4421
4438,4422
4438,4440
3862,3852
3862,1183
3862,1196
3862,3336
3862,2776
3862,2791
3862,2797
3862,2820
2805,477
2805,2241
2805,482
2805,496
2805,2768
2805,2298
4439,3648
4439,4738
4439,480
4439,848
4439,4340
4439,3654
4439,936
4440,2721
4440,2756
4440,182
4440,2762
4440,848
4440,5634
2806,2712
2806,182
2806,480
2806,2774
2806,2780
2806,2822
640,552
640,2242
640,3390
640,2265
640,2279
640,1440
754,565
754,2242
754,713
754,2265
754,600
754,602
754,731
754,620
754,738
2633,1251
2633,4926
2633,5255
2633,5530
2633,63
2633,190
2633,2608
2633,92
2633,1572
2633,1591
2633,1318
2633,2913
2633,1479
2633,5737
2633,2677
2633,2931
5875,1517
5875,2862
5875,1528
5875,1548
5875,1117
5875,1554
5875,1555
5875,190
5875,1194
5875,1573
5875,1575
5875,1448
5875,1579
5875,1593
5875,1770
5875,1597
5875,3136
5875,1613
5875,1224
5875,1344
5875,1615
5875,2820
5875,3434
1593,1554
1593,1555
1593,73
1593,1183
1593,3400
1593,1187
1593,1572
1593,1573
1593,1575
1593,1479
5734,5707
5734,5713
5734,5717
5734,5727
5734,2862
5734,4931
5734,838
5734,3332
5734,846
5734,66
5734,1183
5734,1184
5734,2608
5734,92
5734,1588
5734,2910
5734,2912
5734,2922
5734,5737
5734,5747
4441,1261
4441,3849
4441,4738
4441,1290
4441,2600
4441,1564
4441,1297
4441,2618
4441,1306
4441,4443
1594,1519
1594,1171
1594,1183
1594,377
1594,90
1594,1567
1594,1572
1594,1573
1594,1576
1594,2907
1594,1617
1594,5650
4762,2637
4762,2642
1462,4206
1462,1133
1462,4245
1462,1140
1462,1180
1462,4736
1462,1184
1462,4313
1462,92
1462,1438
1462,3252
1462,2909
1462,4577
1462,4593
1462,218
1316,1269
1316,4285
1316,4291
1316,2238
1316,1183
1316,1290
1316,1292
1316,2274
1316,1314
2634,2351
2634,123
2634,3417
2634,2652
2634,2660
1317,368
1317,1169
1317,3394
1317,713
1317,1318
1317,1210
1317,4535
4442,1028
4442,479
4442,190
4442,2608
4442,92
4442,2615
4442,1857
4442,2637
4442,123
4442,2499
2635,1171
2635,4746
2635,1567
2635,2618
2635,2636
2635,123
2635,2639
2636,1082
2636,1403
2636,1426
2636,4291
2636,2028
2636,1289
2636,2599
2636,92
2636,97
2636,123
2636,2642
2636,2656
2637,2551
2637,1028
2637,479
2637,190
2637,2608
2637,92
2637,93
2637,1438
2637,4442
2637,123
2637,2639
2637,2642
2637,3250
2638,1290
2638,2608
2638,2610
2638,1564
2638,97
206,5106
206,166
206,66
206,3217
206,1031
206,1183
206,92
206,95
206,290
206,850
206,4390
123,166
123,3393
123,53
123,62
123,190
123,2608
123,2609
123,2610
123,95
123,2614
123,2639
2639,3935
2639,2543
2639,3543
2639,2022
2639,2242
2639,2027
2639,2028
2639,4740
2639,3395
2639,1028
2639,479
2639,1183
2639,78
2639,190
2639,2608
2639,92
2639,93
2639,95
2639,4751
2639,2637
2639,123
2639,2640
2639,1319
2639,2644
2639,2652
2639,4763
2639,1464
2639,2678
2639,1348
5876,2543
5876,4068
5876,3373
5876,5229
5876,4931
5876,1286
5876,2595
5876,3216
5876,2597
5876,66
5876,67
5876,79
5876,2459
5876,2460
5876,3219
5876,3404
5876,3405
5876,1292
5876,91
5876,190
5876,2608
5876,92
5876,93
5876,2610
5876,95
5876,96
5876,1294
5876,1295
5876,2612
5876,98
5876,3407
5876,2613
5876,2462
5876,2616
5876,2622
5876,111
5876,2633
5876,4442
5876,2635
5876,2639
5876,4443
5876,5877
5876,2641
5876,1319
5876,2642
5876,2644
5876,1320
5876,3250
5876,4444
5876,4445
5876,2647
5876,3417
5876,2648
5876,2653
5876,2484
5876,4763
5876,1322
5876,2663
5876,2678
2640,2544
2640,184
2640,66
2640,67
2640,91
2640,92
2640,93
2640,2610
2640,95
2640,96
2640,1729
2640,103
2640,123
2640,2639
2640,1319
2640,2642
2640,2644
2640,2648
2640,2650
2640,4446
2640,2653
2640,2671
2640,2694
2640,4672
2640,5650
1318,3849
1318,2260
1318,4740
1318,1183
1318,2600
1318,3403
1318,1317
1318,4443
1207,3331
1207,1169
1207,1175
1207,1179
1207,1286
1207,2027
1207,2256
1207,1183
1207,1184
1207,186
1207,2600
1207,1563
1207,123
1207,2641
1207,4444
1207,1348
124,73
124,1290
124,2600
124,92
124,1564
124,2642
4443,2578
4443,1180
4443,4738
4443,1433
4443,1183
4443,186
4443,1290
4443,2600
4443,2608
4443,92
4443,1564
4443,193
4443,2618
4443,2619
4443,1571
4443,1575
4443,3653
4443,1318
4443,124
4443,2641
4443,1319
4443,2642
4443,2643
4443,4763
5877,2540
5877,1374
5877,2551
5877,3191
5877,5015
5877,2567
5877,3194
5877,4924
5877,3510
5877,3511
5877,4827
5877,3529
5877,5290
5877,166
5877,3547
5877,3196
5877,4283
5877,2761
5877,846
5877,62
5877,376
5877,1184
5877,2607
5877,91
5877,190
5877,92
5877,2609
5877,93
5877,95
5877,2615
5877,1573
5877,1870
5877,2633
5877,2634
5877,2637
5877,123
5877,2639
5877,4443
5877,2642
5877,2644
5877,2647
5877,2652
5877,2484
5877,2657
5877,2659
5877,2660
5877,648
5877,3263
5877,863
5877,2674
5877,2677
5877,3277
2641,1151
2641,1153
2641,4740
2641,50
2641,66
2641,1183
2641,2608
2641,2610
2641,193
2641,105
2641,2619
2641,3225
2641,1036
2641,4374
2641,2774
2641,123
2641,1207
2641,4443
2641,3250
2641,4445
2641,2646
2641,2649
2641,2909
2641,4763
2641,2658
2641,2664
2641,1464
1319,2540
1319,4785
1319,2545
1319,5715
1319,5585
1319,2557
1319,4900
1319,5229
1319,2573
1319,4931
1319,2895
1319,2897
1319,4837
1319,4716
1319,4291
1319,2240
1319,3394
1319,2457
1319,4742
1319,76
1319,1183
1319,2600
1319,2605
1319,190
1319,2608
1319,92
1319,1564
1319,4316
1319,2615
1319,1857
1319,193
1319,2474
1319,1574
1319,936
1319,5734
1319,2634
1319,2638
1319,123
1319,1318
1319,4443
1319,2642
1319,2645
1319,2650
1319,2653
1319,2908
1319,2484
1319,4763
1319,1479
1319,2682
2642,1286
2642,4740
2642,66
2642,1183
2642,2600
2642,190
2642,2608
2642,92
2642,93
2642,2637
2642,2639
2643,152
2643,1169
2643,4740
2643,3401
2643,4313
2643,190
2643,2608
2643,2609
2643,2610
2643,2614
2643,193
2643,1207
2643,4443
2643,5877
2643,2644
2643,3250
2643,2908
2643,2484
2643,4763
2643,2657
2643,1464
2644,5715
2644,5229
2644,5255
2644,2580
2644,843
2644,2454
2644,37
2644,50
2644,54
2644,480
2644,66
2644,1183
2644,2606
2644,91
2644,190
2644,2608
2644,92
2644,2610
2644,95
2644,97
2644,2612
2644,103
2644,2904
2644,2628
2644,2633
2644,2640
2644,2650
2644,2651
2644,2908
2644,4763
2644,4964
2644,2506
2644,2931
2644,2681
1320,2347
1320,4942
1320,5290
1320,1917
1320,4284
1320,66
1320,1290
1320,2600
1320,2608
1320,92
1320,1564
1320,96
1320,1294
1320,1295
1320,2613
1320,1936
1320,4347
1320,1298
1320,2619
1320,1319
1320,2642
1320,2655
1320,2484
2645,2241
2645,66
2645,1183
2645,2600
2645,1563
2645,92
2645,2640
2645,1319
2645,2642
3250,4900
3250,16
3250,4740
3250,3217
3250,1183
3250,1184
3250,190
3250,2608
3250,92
3250,2609
3250,93
3250,3225
3250,123
3250,2641
3250,4445
3250,3251
3250,1464
3250,2679
4444,3380
4444,3547
4444,4297
4444,1183
4444,3218
4444,2608
4444,92
4444,1294
4444,2618
4444,1320
4444,3250
4444,1477
4444,4577
4444,1004
4445,16
4445,2022
4445,1028
4445,375
4445,1183
4445,190
4445,2608
4445,2609
4445,93
4445,2610
4445,107
4445,2627
4445,2637
4445,123
4445,2639
4445,3250
4445,3251
4445,212
2646,50
2646,479
2646,66
2646,190
2646,2608
2646,92
2646,193
2646,3225
2646,4374
2646,2641
2646,3250
2646,4445
2646,3251
3251,66
3251,73
3251,84
3251,2608
3251,92
3251,2610
3251,3225
3251,1320
3251,3250
3251,4445
2647,182
2647,66
2647,2599
2647,92
2647,2610
2647,2622
2647,3653
2647,2639
2647,2642
2647,4449
3417,66
3417,4321
3417,2634
3417,123
2648,1287
2648,709
2648,91
2648,2608
2648,92
2648,2610
2648,1295
2648,2612
2648,98
2648,2613
2648,2615
2648,739
2648,2640
2648,2644
2648,2653
2649,4272
2649,709
2649,717
2649,184
2649,66
2649,67
2649,91
2649,2608
2649,2611
2649,123
2649,2640
2649,2650
2649,4446
2649,2671
2650,5715
2650,5585
2650,2454
2650,717
2650,184
2650,66
2650,2608
2650,92
2650,93
2650,2610
2650,96
2650,97
2650,2611
2650,1295
2650,2612
2650,98
2650,2613
2650,2615
2650,4750
2650,2640
2650,1319
2650,2644
2650,2648
2650,2653
2650,1464
2650,2665
2650,5650
2651,5229
2651,4931
2651,5255
2651,2580
2651,5293
2651,2607
2651,2608
2651,92
2651,4326
2651,2644
2651,2648
2651,2653
2651,4964
2651,2681
4446,3936
4446,4079
4446,1286
4446,717
4446,66
4446,2608
4446,92
4446,2610
4446,1294
4446,1295
4446,4750
4446,739
4446,2640
4446,1319
4446,2648
4446,2649
4446,2653
2652,2553
2652,42
2652,62
2652,190
2652,2608
2652,92
2652,1299
2652,123
2652,2639
2652,2644
2652,3417
2653,3403
2653,91
2653,2608
2653,92
2653,93
2653,2610
2653,1295
2653,2612
2653,98
2653,2613
2653,2615
2653,2640
2653,2644
2653,2648
2653,2650
2654,28
2654,2022
2654,2027
2654,4733
2654,3393
2654,1183
2654,3401
2654,2608
1321,1179
1321,2600
1321,4443
1321,2654
1321,3123
1321,3127
1321,1332
3252,5607
3252,1184
3252,3250
3252,2909
3252,3256
3252,1464
3252,5650
2907,5585
2907,5604
2907,2859
2907,1188
2907,2904
2907,3252
2907,1464
2907,2930
2907,5650
2655,2608
2655,96
2655,1294
2655,98
2655,3406
2655,2614
2655,2615
2655,1320
2655,2908
2655,2484
2655,2913
2908,2886
2908,186
2908,2904
2908,2638
2908,2644
2908,3123
2909,1282
2909,3849
2909,3391
2909,1184
2909,2603
2909,2608
2909,2639
2909,2645
2909,2907
2909,1464
2909,2913
2909,5650
2484,2580
2484,2608
2484,3406
2484,2614
2484,123
4763,152
4763,2608
4763,193
4763,123
4763,2641
4763,1319
4763,2642
4763,2644
4763,2664
4763,1464
4763,2671
4763,5650
1322,4739
1322,186
1322,190
1322,2608
1322,92
1322,1564
1322,98
1322,2615
1322,2640
1322,1320
1322,2907
1322,2908
1322,2909
1322,2484
1322,1464
1322,2913
2656,4827
2656,1419
2656,93
2656,2636
2656,2642
2656,4615
2657,1550
2657,2608
2657,2641
2657,3250
2657,2658
2658,2608
2658,92
2658,2610
2658,2611
2658,2615
2658,2657
2659,1253
2659,709
2659,1183
2659,2606
2659,2608
2659,92
2659,93
2659,123
2659,2642
4447,2347
4447,373
4447,1290
4447,2608
4447,2615
4447,197
4447,4443
4447,1319
4447,4449
2660,2590
2660,2454
2660,2601
2660,3405
2660,2605
2660,2606
2660,2608
2660,3407
2660,2614
2660,2615
2660,2474
2660,2634
2660,2639
2660,1320
2660,3417
2660,3434
2661,846
2661,185
2661,190
2661,92
2661,851
2661,2625
2661,4442
4448,1421
4448,1433
4448,1183
4448,2600
4448,3403
4448,1564
4448,1306
4448,2640
4448,3123
4448,3126
2662,4269
2662,190
2662,2608
2662,3250
4449,4738
4449,4742
4449,2599
4449,189
4449,92
4449,1772
1208,4827
1208,1183
1208,3400
1208,2600
1208,92
1208,1575
1208,1345
2663,2598
2663,66
2663,92
2664,2568
2664,66
2664,393
2664,2641
1323,1266
1323,2451
1323,1290
1323,2600
1323,1292
1323,1581
1323,1314
1323,124
641,3388
641,2238
641,2242
641,2039
641,2105
641,1560
641,593
641,2265
641,2287
3253,3180
3253,1167
3253,1184
3253,91
3253,848
3253,3254
3253,3255
3253,3256
3253,1464
3253,220
3114,5531
3114,1840
3114,92
3114,98
3114,2615
3114,1852
3114,1437
3114,103
3114,2639
3114,3123
3114,3125
5878,4271
5878,1417
5878,1852
5878,4332
5878,1581
5878,5885
3115,1398
3115,1415
3115,2027
3115,3566
3115,3400
3115,1852
3115,1440
3115,3109
3115,1582
3115,1583
3115,1595
3116,896
3116,3049
3116,3636
3116,1674
3116,1403
3116,1164
3116,1167
3116,1932
3116,3117
3116,1596
3116,4565
3117,1674
3117,1273
3117,2236
3117,1437
3117,1440
3117,1583
3117,3116
3117,3126
3117,1596
2910,5677
2910,5697
2910,5727
2910,5144
2910,2897
2910,2898
2910,3326
2910,4730
2910,3386
2910,3848
2910,1428
2910,1184
2910,4318
2910,1437
2910,3411
2910,4337
2910,2907
2910,5627
2910,2999
2910,1464
2910,3001
2910,2922
2910,1492
2910,2935
5627,1179
5627,2260
5627,1183
5627,1291
5627,2911
5627,1464
5627,2510
3118,2018
3118,2027
3118,2028
3118,1183
3118,3400
3118,2275
3118,2615
3118,1437
3118,1582
3118,3122
3254,3179
3254,2864
3254,3395
3254,66
3254,1184
3254,190
3254,4319
3254,1439
3254,4342
3254,1575
3254,1584
3254,1591
3254,2639
3254,2644
3254,1320
3254,2909
3254,3253
3254,3256
3254,3257
3254,2999
3254,1464
3254,3002
3254,1479
3254,2925
3254,3679
3254,220
3255,3496
3255,5266
3255,3510
3255,3511
3255,3550
3255,4286
3255,2237
3255,3850
3255,66
3255,3108
3255,1184
3255,91
3255,2610
3255,848
3255,1438
3255,3253
3255,3254
3255,3256
3255,1464
3255,2913
3255,3679
3255,2943
3256,91
3256,123
3256,3253
3256,2910
3256,3254
3256,3255
3256,3257
3256,1464
3256,2919
3256,2925
3256,220
3257,2260
3257,2594
3257,3400
3257,1184
3257,2904
3257,1320
3257,2909
3257,3256
3257,2925
3119,2963
3119,178
3119,185
3119,1438
3119,1579
3119,1306
3119,3000
3120,3041
3120,3054
3120,1708
3120,2593
3120,3389
3120,1851
3120,1855
3120,390
3120,1463
3120,3135
3121,1419
3121,190
3121,1739
3121,1936
3121,1857
3121,1751
3121,3122
3121,3123
3121,1596
3121,1782
3122,1118
3122,1403
3122,1419
3122,2018
3122,2025
3122,2027
3122,3409
3122,2615
3122,1193
3122,1582
3122,1201
3122,3779
3122,3787
3122,3162
5533,3723
5533,3755
5533,3850
5533,3400
5533,3123
4450,2576
4450,1167
4450,3848
4450,2040
4450,74
4450,4405
4450,3123
4450,3127
4450,3143
3123,3036
3123,3037
3123,2959
3123,3047
3123,2873
3123,2878
3123,3054
3123,3060
3123,3069
3123,3080
3123,1658
3123,3084
3123,3087
3123,3099
3123,5797
3123,3101
3123,3102
3123,2902
3123,175
3123,1164
3123,373
3123,1167
3123,2018
3123,3850
3123,5293
3123,67
3123,1433
3123,3400
3123,2599
3123,1857
3123,1438
3123,294
3123,3226
3123,1193
3123,1572
3123,1574
3123,1575
3123,1448
3123,1581
3123,1582
3123,4389
3123,2651
3123,3119
3123,3120
3123,4450
3123,1463
3123,1464
3123,3125
3123,3126
3123,3127
3123,1595
3123,1770
3123,3009
3123,3140
3123,3141
3123,3143
3123,2681
3123,3151
3123,3163
2999,2951
2999,2845
2999,2956
2999,2993
2999,2994
2999,1389
2999,2898
2999,1841
2999,3848
2999,3411
2999,2910
2999,3123
2999,1463
2999,1464
2999,2913
2999,2914
2999,3126
2999,3001
2999,3002
2999,3003
2999,3004
2999,3005
2999,3006
2999,3140
2999,3010
2999,3014
2999,3019
1324,2248
1324,3411
1324,1464
2911,2952
2911,5049
2911,2886
2911,3853
2911,1574
2911,3123
2911,1324
2911,1464
2911,3141
1463,1363
1463,5705
1463,2982
1463,1106
1463,4153
1463,3838
1463,3205
1463,5823
1463,175
1463,840
1463,1557
1463,1412
1463,1167
1463,3848
1463,3852
1463,3400
1463,1184
1463,2763
1463,848
1463,4319
1463,1438
1463,194
1463,1572
1463,3253
1463,3256
1463,3123
1463,2912
1463,1464
1463,3126
1463,2916
1463,3009
1463,3140
5879,5546
5879,5776
5879,2873
5879,2989
5879,5144
5879,1433
5879,2762
5879,1290
5879,2608
5879,1857
5879,849
5879,3120
5879,1464
5879,2915
5879,3003
5879,864
5879,2921
5879,3009
5879,5534
5879,3141
2912,5707
2912,5585
2912,2982
2912,4890
2912,1156
2912,5626
2912,1169
2912,1438
2912,1579
2912,2910
2912,2999
2912,1463
2912,1464
2912,2913
2912,2916
2912,5737
2912,5650
1464,5556
1464,2853
1464,5704
1464,5705
1464,5710
1464,5717
1464,2860
1464,2873
1464,5144
1464,4931
1464,4941
1464,4837
1464,3547
1464,4730
1464,3330
1464,1433
1464,1290
1464,1438
1464,3411
1464,2904
1464,5734
1464,1319
1464,2907
1464,2908
1464,2909
1464,4763
1464,3256
1464,3123
1464,1324
1464,1463
1464,2912
1464,5880
1464,2913
1464,3761
1464,2919
1464,3005
1464,5737
1464,3776
1464,3784
1464,1492
1464,3141
1464,2930
1464,2935
1464,5650
5880,2840
5880,2841
5880,5410
5880,2842
5880,3697
5880,2946
5880,2947
5880,2843
5880,5767
5880,2949
5880,2950
5880,2951
5880,3699
5880,3700
5880,2952
5880,2845
5880,2953
5880,3703
5880,2954
5880,2846
5880,3178
5880,3179
5880,2955
5880,2847
5880,2848
5880,2849
5880,3036
5880,2851
5880,4873
5880,3705
5880,2852
5880,3706
5880,3709
5880,2956
5880,3711
5880,3712
5880,3713
5880,3714
5880,3715
5880,3716
5880,2388
5880,3717
5880,3718
5880,3719
5880,3721
5880,3722
5880,3723
5880,2853
5880,3724
5880,5564
5880,5707
5880,5725
5880,2957
5880,2958
5880,5600
5880,5601
5880,3037
5880,2858
5880,2959
5880,3734
5880,2859
5880,2960
5880,3735
5880,4997
5880,4998
5880,3736
5880,2860
5880,5779
5880,2863
5880,2961
5880,3368
5880,3737
5880,3738
5880,3739
5880,3741
5880,5194
5880,3742
5880,3743
5880,5489
5880,5494
5880,5496
5880,2864
5880,2865
5880,2866
5880,2867
5880,2868
5880,3745
5880,1530
5880,1531
5880,3304
5880,2869
5880,3746
5880,2870
5880,3747
5880,2871
5880,3748
5880,2962
5880,2965
5880,2966
5880,2872
5880,2967
5880,2873
5880,2968
5880,2969
5880,4070
5880,2970
5880,2971
5880,2972
5880,2973
5880,2974
5880,2874
5880,2975
5880,2976
5880,2977
5880,3048
5880,2978
5880,2878
5880,2979
5880,2980
5880,2981
5880,2982
5880,2879
5880,2880
5880,2983
5880,2984
5880,2985
5880,3083
5880,2986
5880,2987
5880,2988
5880,2989
5880,2990
5880,2991
5880,2883
5880,3094
5880,2884
5880,2885
5880,3749
5880,2992
5880,2993
5880,3750
5880,5141
5880,3097
5880,4887
5880,5143
5880,2188
5880,2566
5880,2886
5880,3751
5880,2887
5880,2888
5880,3752
5880,2994
5880,3754
5880,3831
5880,2889
5880,2890
5880,3755
5880,2891
5880,2892
5880,3100
5880,4890
5880,3756
5880,4896
5880,2893
5880,4902
5880,5229
5880,3757
5880,4916
5880,5144
5880,4931
5880,4941
5880,2894
5880,2895
5880,4958
5880,2896
5880,2897
5880,2995
5880,2996
5880,2997
5880,2898
5880,3104
5880,2899
5880,2900
5880,2755
5880,2902
5880,1557
5880,3759
5880,3330
5880,1414
5880,5855
5880,2903
5880,2904
5880,3237
5880,1446
5880,1573
5880,5859
5880,2906
5880,2998
5880,855
5880,2641
5880,2643
5880,3252
5880,2907
5880,2655
5880,2908
5880,2909
5880,2484
5880,4763
5880,1322
5880,2664
5880,3253
5880,2910
5880,5627
5880,3254
5880,3255
5880,3256
5880,3257
5880,2999
5880,1324
5880,2911
5880,1463
5880,2912
5880,1464
5880,2913
5880,2914
5880,3124
5880,2915
5880,3000
5880,2916
5880,1466
5880,2917
5880,3762
5880,2918
5880,2919
5880,3001
5880,3002
5880,3003
5880,3004
5880,3005
5880,3763
5880,3765
5880,3006
5880,1608
5880,3007
5880,2920
5880,2921
5880,1482
5880,2922
5880,1340
5880,1612
5880,3767
5880,1487
5880,4567
5880,3768
5880,4964
5880,3770
5880,2314
5880,3771
5880,2676
5880,3772
5880,3773
5880,1488
5880,3774
5880,3776
5880,3777
5880,3778
5880,3779
5880,3780
5880,3782
5880,3783
5880,3785
5880,1492
5880,3787
5880,3788
5880,3139
5880,3008
5880,3009
5880,3140
5880,3010
5880,5534
5880,2510
5880,3141
5880,3789
5880,2924
5880,2925
5880,2926
5880,3790
5880,3011
5880,3012
5880,3013
5880,5629
5880,3014
5880,2927
5880,2928
5880,2929
5880,2930
5880,3793
5880,3794
5880,3795
5880,3797
5880,4965
5880,3798
5880,3799
5880,3800
5880,4630
5880,3579
5880,3801
5880,3802
5880,3804
5880,2931
5880,3805
5880,3806
5880,3015
5880,3016
5880,3017
5880,3807
5880,3808
5880,3018
5880,2933
5880,3020
5880,3809
5880,3813
5880,3021
5880,5636
5880,2935
5880,3816
5880,2936
5880,1358
5880,2938
5880,5650
5880,2940
5880,2941
5880,2943
5880,5897
5880,2944
5880,2945
5880,3818
5880,3022
2913,2958
2913,2868
2913,3566
2913,3400
2913,2907
2913,2909
2913,3123
2913,2999
2913,1464
2913,3004
2913,1608
2913,3140
2913,3013
2914,2990
2914,2902
2914,2600
2914,2610
2914,2644
2914,1464
2914,3124
2914,3141
3124,3067
3124,1283
3124,1286
3124,2600
3124,2608
3124,1440
3124,2620
3124,1305
3124,1583
3124,3123
3124,4465
3124,4466
3124,1472
3125,2990
3125,4729
3125,1283
3125,53
3125,1572
3125,1580
3125,1588
3125,1605
5881,2873
5881,3058
5881,3060
5881,3067
5881,3069
5881,5786
5881,3073
5881,3079
5881,1658
5881,3087
5881,2990
5881,3100
5881,4272
5881,1439
5881,1440
5881,1581
5881,1582
5881,1583
5881,3119
5881,5533
5881,3123
5881,1463
5881,5880
5881,3126
5881,2915
5881,1595
5881,1596
5881,1770
5881,3138
5881,3141
5881,3159
3126,2965
3126,3061
3126,2994
3126,3101
3126,1398
3126,2902
3126,3109
3126,1306
3126,1582
3126,3123
3126,1465
3126,1595
3126,1596
3126,3145
3126,3150
1465,4270
1465,4285
1465,4734
1465,1290
1465,2600
1465,1581
1465,1583
1465,4443
1465,3126
1465,2915
1465,1596
1465,3009
1465,3141
2915,3037
2915,3084
2915,2989
2915,91
2915,96
2915,1437
2915,1572
2915,2914
2915,1465
2915,3002
2915,3141
2915,2928
3127,3076
3127,390
3127,3123
3127,3126
1595,4706
1595,3058
1595,3067
1595,1167
1595,1168
1595,4332
1595,3109
1595,1580
1595,1581
1595,1582
1595,3123
1595,3125
1595,1596
1595,3136
1595,3669
1596,1398
1596,3400
1596,1570
1596,3109
1596,1582
1596,1313
1596,3122
1596,3123
1596,3127
1596,1595
1596,3137
3128,1424
3128,1283
3128,186
3128,3109
3128,1572
3128,1582
3128,1201
3128,3112
3128,3125
3128,1596
3128,3134
3000,2963
3000,2982
3000,3060
3000,5098
3000,4838
3000,3400
3000,1579
3000,1581
3000,124
3000,1464
3000,3009
3000,3141
3129,2347
3129,1164
3129,1167
3129,1433
3129,3109
3129,1582
3129,1770
3129,2507
1770,1164
1770,1169
1770,1857
1770,1582
1770,3123
1770,3131
2916,3400
2916,4318
2916,1438
2916,3253
3130,3066
3130,3087
3130,837
3130,2252
3130,1437
3130,935
3130,3123
1597,1552
1597,1555
1597,3400
1597,92
1597,1573
1597,1584
1597,3123
1597,2915
1597,1615
3131,3079
3131,3082
3131,2600
3131,4326
3131,1874
3131,3119
3131,1463
3131,1214
3131,965
3131,1884
3131,3154
1466,3840
1466,2908
1466,2999
1466,1324
1466,1464
1466,1479
1466,2920
1466,2922
1771,2393
1771,3388
1771,3393
1771,2457
1771,3400
1771,3401
1771,2466
1771,2615
1771,1932
1771,1935
1771,1938
1771,1857
1771,103
5882,1707
5882,5832
5882,2599
5882,617
5882,1932
5882,2467
5882,1935
5882,1938
5882,1743
5882,1577
4451,1852
4451,1737
4451,1930
4451,1932
4451,1936
4451,1937
4451,1938
4451,1743
4451,4358
1467,1663
1467,1151
1467,1153
1467,1172
1467,1183
1467,2762
1467,1194
1467,3859
1772,2412
1772,182
1772,66
1772,2457
1772,2599
1772,92
1772,2610
1772,2611
1772,1938
1772,1743
1772,2638
1772,123
1772,4443
1772,4449
1772,4593
1773,1908
1773,1681
1773,2456
1773,593
1773,1184
1773,730
1773,381
1773,1720
1773,1735
1773,1945
1773,1782
1774,713
1774,376
1774,2298
1774,2127
1774,1797
2297,160
2297,1688
2297,49
2297,2265
2297,602
2297,603
2297,2600
2297,614
2297,650
2298,5004
2298,5042
2298,2025
2298,714
2298,718
2298,66
2298,376
2298,2265
2298,2271
2298,1846
2298,619
2298,2805
2298,648
2298,2303
4452,2347
4452,2353
4452,4220
4452,2103
4452,294
2807,2444
2807,1841
2807,3852
2807,2761
2807,1443
2807,2776
2807,3871
207,2572
207,4713
207,5293
207,74
207,1184
207,185
2485,1403
2485,4263
2485,4264
2485,2592
2485,1426
2485,4291
2485,2028
2485,66
1209,2236
1209,2025
1209,2027
1209,1183
1209,3401
1209,2600
1209,2273
1209,4448
1209,2665
4453,373
4453,1183
4453,2608
4453,92
4453,1295
4453,1932
4453,2648
4453,2665
2665,1261
2665,373
2665,66
2665,1183
2665,2608
2665,1580
2665,4453
1325,1283
1325,1433
1325,1184
1325,1575
1325,1598
1325,1599
1325,1616
1598,1433
1598,2279
1598,1845
1598,103
1598,1575
1598,3123
1598,1325
1598,1599
1598,1468
1598,1616
1599,2447
1599,1433
1599,2762
1599,1439
1599,1304
1599,1616
1600,837
1600,3849
1600,183
1600,4316
1600,1575
1601,1136
1601,575
1601,1150
1601,1168
1601,3108
1601,376
1601,2265
1601,3123
1601,1598
1601,1602
1602,1150
1602,1167
1602,1283
1602,1575
1602,1583
1602,4450
1602,3123
1602,1598
1602,1468
1468,2180
1468,1424
1468,3849
1468,1283
1468,28
1468,2040
1468,1433
1468,2270
1468,2272
1468,2615
1468,1851
1468,1855
1468,1437
1468,1575
1468,1598
1468,1602
2666,2412
2666,1269
2666,2013
2666,3849
2666,1286
2666,4290
2666,2249
2666,66
2666,2600
2666,2615
2666,1583
2666,1310
2666,1600
1210,1280
1210,1168
1210,1169
1210,1171
1210,3849
1210,4291
1210,2603
4454,1286
4454,1290
4454,1437
4454,1580
4454,1325
1603,1556
1603,3849
1603,1286
1603,4734
1603,1303
1603,1571
1603,1575
1603,1607
1604,4274
1604,4734
1604,3400
1604,1572
1604,1575
1604,1590
1604,1600
3258,3970
3258,1172
3258,1283
3258,3108
3258,2903
3258,3225
3258,1575
3258,1450
3258,3255
1326,3543
1326,1265
1326,2026
1326,4740
1326,3394
1326,1183
1326,3400
1326,1290
1326,1346
1211,1393
1211,1168
1211,1283
1211,4734
1211,1430
1211,2274
1211,1439
1211,1572
1211,1238
4455,356
4455,2053
4455,592
4455,721
4455,50
4455,1029
4455,376
4455,1031
4455,293
4455,451
642,45
3259,1561
3259,60
3259,66
3259,4742
3259,1184
4456,4738
4456,1437
4456,1870
4456,4408
1775,1708
1775,1850
1775,1851
1775,1855
1775,1437
1775,1870
1327,1709
1327,2600
1327,617
1327,1853
1327,1754
1327,1870
1327,3131
1327,1775
4457,3852
4457,1433
4457,2762
4457,3855
4457,1458
4457,2774
1469,3837
1469,3852
1469,3411
1469,1458
1469,3857
1469,4403
1469,1498
1052,50
1052,1028
1052,1031
1052,1042
1052,1053
1053,1008
1053,1011
1053,45
1053,50
1053,1031
1053,400
1053,1042
1053,1052
1054,45
1054,376
1054,1031
1054,388
1054,399
1054,1062
859,923
859,849
1470,2754
1470,3853
1470,1443
1470,2774
1470,3654
1470,3676
2486,4269
2486,78
2486,2601
2486,2614
2486,1934
1328,1403
1328,2239
1328,2028
1328,3391
1328,66
1328,2457
1328,1297
643,2221
643,2239
643,2241
643,4739
643,2275
643,1932
643,631
643,653
643,1959
4764,69
4764,2608
4458,2761
4458,4302
4458,60
4458,2762
4458,2776
4458,4421
4458,3416
2487,2580
2487,4218
2487,60
2122,566
2122,586
2122,2241
2122,593
2122,602
2122,1184
2122,1868
2122,2116
2123,3388
2123,2241
2123,2106
2123,4399
1329,4291
1329,2239
1329,2031
1329,1290
1329,97
1329,2615
1212,1135
1212,1423
1212,1167
1212,1168
1212,1171
1212,1424
1212,4291
1212,2027
1212,3400
4459,4280
4459,4291
4459,2242
4459,2027
4459,4738
4459,3571
4459,2075
5883,3071
5883,5063
5883,1707
5883,1712
5883,1935
5883,1440
5883,3113
3260,1179
3260,1184
3260,2458
3260,1857
3260,2808
3260,4527
125,40
125,46
125,49
125,52
125,60
125,1184
125,2608
529,479
529,4343
529,496
529,498
529,506
529,2799
126,2252
126,60
126,66
126,4762
4460,49
1776,4291
1776,1857
1776,1747
1776,2629
1776,1798
1330,3849
1330,4285
1330,1286
1330,2028
1330,66
1330,1183
1330,1290
1330,1294
1330,1297
1331,2239
1331,2028
1331,3852
1331,709
1331,66
1331,2457
1331,1290
1331,3855
1331,1469
1331,1330
4461,2600
4461,1583
1332,1167
1332,2022
1332,4740
1332,1437
1332,1315
4462,1165
4462,3389
4462,1183
4462,2763
4462,89
4462,95
4462,4349
4462,2770
4462,4463
4463,22
4463,89
4463,496
4463,2770
4463,521
4463,528
4463,4462
4463,4464
4463,537
2808,1118
2808,3331
2808,1421
2808,1179
2808,1183
2808,3400
2808,89
2808,4318
2808,3243
2808,3260
2808,4462
2808,4463
2808,1479
2808,426
4464,930
4464,3654
2917,2890
2917,1168
2917,1179
2917,3848
2917,74
2917,190
2917,1190
2917,1191
2917,2644
2917,1471
2917,2918
2917,1216
1471,156
1471,480
1471,1433
1471,1443
1471,1216
1471,1481
1605,1412
1605,1283
1605,1437
1605,1305
1605,1581
1605,3125
4465,2007
4465,1271
4465,1290
4465,2600
4465,1581
4465,3123
4465,3126
4465,4466
4465,4467
4465,938
4466,2007
4466,3849
4466,1426
4466,2027
4466,66
4466,1290
4466,2600
4466,1583
4466,3124
4466,3126
4466,4465
4466,4467
4466,938
4467,3124
938,2241
938,1290
938,1857
938,849
938,3123
938,4465
938,4466
938,4467
938,956
4468,373
4468,66
4468,1184
4468,609
644,4228
644,577
644,42
644,68
644,1184
644,607
644,609
644,616
644,2627
644,3253
127,480
127,185
127,84
127,1187
127,3226
530,2721
530,589
530,481
530,2763
530,482
530,483
530,490
530,509
4469,2598
4469,68
4469,293
4469,395
4469,415
415,2580
415,4273
415,2052
415,37
415,376
415,1433
415,79
415,2601
415,2612
415,3246
416,4291
416,2242
416,2256
416,2051
416,3397
416,480
416,376
416,1043
416,3246
1777,1720
1777,1726
1777,1851
1777,1936
1777,1937
1777,1857
1777,1751
1777,1788
1777,1796
1777,1799
645,2600
645,615
645,1726
645,1932
645,1857
1778,3367
1778,3070
1778,1925
1778,1151
1778,1161
1778,1168
1778,3848
1778,1186
1778,2279
1778,615
1778,1932
1778,1937
1778,4332
1778,1575
1778,1580
1778,1583
1778,3125
1778,3126
1778,1595
1778,645
1778,1788
1778,1789
1778,1220
1778,1969
128,54
128,60
128,1192
3761,3695
3761,2351
3761,2354
3761,3711
3761,3712
3761,3719
3761,5710
3761,3737
3761,2879
3761,3754
3761,3755
3761,4896
3761,4931
3761,4713
3761,3511
3761,2896
3761,1403
3761,4237
3761,1414
3761,1419
3761,1426
3761,2260
3761,480
3761,3400
3761,92
3761,4316
3761,2615
3761,1188
3761,1440
3761,103
3761,3412
3761,2908
3761,1463
3761,1464
3761,4491
3761,3765
3761,951
3761,1340
3761,3770
3761,2314
3761,3771
3761,2676
3761,3772
3761,1488
3761,3774
3761,3776
3761,3778
3761,3779
3761,3780
3761,3781
3761,3783
3761,3784
3761,3785
3761,3790
3761,3791
3761,1500
3761,4629
3761,3793
3761,3795
3761,3796
3761,3797
3761,3798
3761,3799
3761,3579
3761,3802
3761,3803
3761,3809
3761,4684
3761,3819
3762,1286
3762,2027
3762,67
3762,3400
3762,92
3762,1435
3762,1440
3762,1583
3762,4762
3762,3776
3762,3787
4470,4220
4470,4738
3261,5049
3261,838
3261,846
3261,2762
3261,189
3261,849
3261,851
3261,212
3261,991
2488,2459
2488,863
2488,979
2488,4618
1875,2599
1875,606
1875,1860
1875,1865
1875,2117
1875,1888
417,1028
417,1030
417,489
417,4769
4471,2018
4471,2021
4471,4738
4471,1294
4471,1295
4471,2614
4471,2615
4471,103
4471,2490
2489,1426
2489,2018
2489,2027
2489,3395
2489,2615
2489,1440
2489,103
2489,1193
2489,3123
1472,1403
1472,3849
1472,1426
1472,2027
1472,2615
1472,103
1472,1193
1472,1575
1472,1583
1472,2489
1472,1618
1213,3060
1213,3215
1213,3845
1213,1153
1213,1167
1213,1172
1213,1424
1213,1177
1213,480
1213,3399
1213,502
1213,1588
1213,1206
1213,1595
311,1171
311,1424
311,1177
311,593
311,3108
311,1214
3418,1700
3418,589
3418,376
3418,74
3418,609
3418,293
3418,2106
3418,2616
3418,393
418,1026
418,376
418,1056
419,4308
419,383
419,402
419,4469
419,415
860,3596
860,2241
860,845
860,848
860,849
860,2308
3419,170
3419,62
3419,66
3419,2459
3419,2608
129,2179
129,483
129,388
129,1572
129,3419
129,3262
4472,2701
4472,2762
4472,2599
4472,2763
4472,4755
4472,4432
4473,1167
4473,1031
4473,3400
4473,2599
4473,2270
4473,190
4473,2610
4473,1852
4473,1854
4473,4766
1606,2412
1606,1403
1606,1169
1606,1171
1606,1173
1606,2027
1606,1183
1606,3412
1606,1579
312,272
312,280
312,281
312,376
312,2599
312,290
312,293
312,615
312,299
420,4232
420,588
420,709
420,376
420,608
420,291
420,1740
420,390
420,403
420,404
420,1773
1779,1172
1779,3388
1779,593
1779,2265
1779,600
1779,2279
1779,1932
1779,103
1779,2109
1779,2117
1779,2124
4474,2022
4474,60
4474,4310
646,562
646,2242
646,45
646,2265
646,604
646,730
646,731
313,266
313,281
313,2252
313,381
313,289
313,291
313,293
313,299
4475,4738
4475,3406
2490,1403
2490,2021
2490,4291
2490,4740
2490,3395
2490,2603
2490,2615
2490,103
1055,1028
1055,3217
1055,1184
1055,4747
1055,1848
1055,143
4476,2224
4476,2260
4476,3394
4476,3400
4476,1184
4476,3409
4476,3410
4476,2280
4476,103
4476,3232
4476,941
2667,1403
2667,3219
2667,1292
2667,2606
2667,92
2491,2454
2491,2593
2491,1291
2491,3407
2491,2616
2491,2474
1876,1708
1876,1179
1876,1852
1876,1737
1876,1934
1876,1936
1876,1854
1876,1947
1780,1286
1780,66
1780,2279
1780,1733
1780,1745
1780,1942
3863,3820
3863,1125
3863,3843
3863,4251
3863,2229
3863,589
3863,1167
3863,1170
3863,714
3863,60
3863,600
3863,602
3863,2278
3863,620
3863,1570
3863,1446
3863,3854
3863,3859
3863,2809
3863,3342
1214,1149
1214,1171
1214,1175
1214,4405
1214,123
1214,124
1214,311
4477,4237
4477,2260
4477,1430
4477,4738
4477,4316
4477,4318
4477,1438
4477,4333
4477,2293
4477,3433
3864,3820
3864,3836
3864,1452
3864,1458
3864,1477
421,364
421,376
1056,3390
1056,1028
1056,53
1056,1031
2492,2343
2492,896
2492,2347
2492,5705
2492,1707
2492,4744
2492,2126
2492,648
2492,1877
2492,5738
4478,2225
4478,3388
4478,4291
4478,593
4478,2106
4478,2065
4478,2126
4479,1947
4479,4480
4480,4181
4480,709
4480,593
2124,1890
2124,4154
2124,1427
2124,593
2124,2762
2124,2466
2124,2106
2124,2279
2124,620
2124,4335
2124,1869
2124,2108
2124,2294
2124,2117
2124,1950
2124,2298
2124,4479
2124,2126
2124,2127
2124,2129
2124,4481
2124,2130
2124,4482
2124,4483
2124,647
2124,2137
2124,2138
2124,648
2124,2145
2124,4554
2124,4556
2124,2148
2124,2157
2125,2086
2125,2097
2125,589
2125,2104
2125,1843
2125,2118
2125,2124
2125,1955
2126,1890
2126,2747
2126,1176
2126,1427
2126,593
2126,1931
2126,4479
2126,4480
2126,2124
2126,2130
2126,647
2126,2137
2126,2138
2126,649
2127,1176
2127,2018
2127,3388
2127,2255
2127,1861
2127,2117
2127,2118
1955,1890
1955,2092
1955,1846
1955,4328
1955,4335
1955,1947
1955,1873
1955,2118
1955,1950
1955,4479
1955,2124
1955,2125
1955,2127
1955,2079
2128,2221
2128,4291
2128,2241
2128,2279
2128,4335
2128,2107
2128,622
2128,2283
2128,2285
2128,1873
2128,2114
2128,2115
2128,2124
2128,2129
2128,2299
2128,2148
2129,2177
2129,1707
2129,4281
2129,2018
2129,3388
2129,2105
2129,1873
2129,2115
2129,2117
2129,2124
2129,2125
2129,2127
2129,1955
2129,2128
2129,2141
4481,1707
4481,1427
4481,2124
4481,2126
2079,3388
2079,2241
2079,2242
2079,2279
2079,617
2079,2107
2079,2123
2079,2124
2130,2104
2130,3388
2130,595
2130,1861
2130,2124
2130,2126
4482,2241
4482,4742
4482,2061
4482,2473
4482,2124
4482,2131
2131,2100
2131,2103
2131,2233
2131,2241
2131,593
2131,2465
2131,2061
2131,2279
2131,1846
2131,1863
2131,1873
2131,2143
4483,1424
4483,3388
4483,1427
4483,2279
4483,103
4483,4335
4483,1947
4483,935
2132,2089
2132,4291
2132,2266
2132,2278
2132,1865
2132,2283
2132,4378
2132,2119
2132,4484
2132,2144
2132,2147
4484,103
4484,123
4484,2640
2299,28
2299,3388
2299,3395
2299,4741
2299,730
2299,2106
2299,2107
2299,1869
2299,2114
2299,2118
2299,2124
2299,2128
2299,2079
2299,2300
2133,2088
2133,1427
2133,2275
2133,2114
2133,2117
2133,2119
2133,2124
2133,4485
2133,2300
2133,648
2133,1883
2134,2106
2134,2061
2134,1861
2134,849
2134,622
2134,2294
2134,2631
2134,2124
2134,2133
2134,3262
4485,1427
4485,183
4485,289
4485,2106
4485,2107
4485,2118
4485,2119
4485,2124
2300,2240
2300,2242
2300,709
2300,593
2300,2275
2300,2279
2300,2113
130,896
130,8
130,3388
130,49
130,57
130,183
130,593
130,60
130,601
130,2615
130,3238
130,648
130,3263
2135,2233
2135,4291
2135,2025
2135,1427
2135,4738
2135,289
2135,2106
2135,2615
2135,622
2135,2138
2135,2139
2135,3263
2135,649
2136,2179
2136,2241
2136,376
2136,598
2136,3411
2136,2298
2136,2124
2136,2126
2136,1955
2136,4481
2136,2137
2136,2138
2136,648
2136,3262
2136,3263
2136,2140
2136,2301
2136,3269
2136,3270
2136,3272
647,4335
647,2113
647,648
647,3262
2137,4249
2137,593
2137,63
2137,601
2137,2126
2137,648
2137,650
2138,595
2138,2124
2138,2125
2138,1955
2138,2130
2138,648
2138,2139
2138,3262
2138,3263
648,896
648,5022
648,2241
648,3397
648,480
648,593
648,1184
648,2466
648,2061
648,2615
648,1935
648,103
648,2108
648,2110
648,2124
648,1955
648,2137
648,2139
648,3262
648,3263
648,5884
648,2140
648,2301
648,2303
648,5738
2139,2344
2139,2347
2139,2098
2139,2241
2139,1427
2139,376
2139,1183
2139,1184
2139,730
2139,617
2139,2296
2139,2125
2139,2138
2139,648
2139,3262
2139,3263
2139,649
2139,3270
2139,3271
3262,5022
3262,5099
3262,3238
3262,648
3262,3269
3262,3271
3262,3272
3262,217
3263,896
3263,1014
3263,1176
3263,1427
3263,4740
3263,50
3263,1184
3263,1034
3263,622
3263,3235
3263,2119
3263,2135
3263,648
3263,3262
3263,863
3263,3271
649,2344
649,2098
649,2231
649,1169
649,1427
649,2761
649,4740
649,480
649,2125
649,648
649,2139
649,3262
649,3263
5884,550
5884,8
5884,2093
5884,2183
5884,2184
5884,821
5884,2095
5884,2199
5884,5794
5884,2200
5884,2201
5884,2098
5884,2204
5884,5795
5884,3238
5884,4481
5884,2134
5884,130
5884,2135
5884,2136
5884,647
5884,2137
5884,2138
5884,648
5884,2139
5884,3262
5884,3263
5884,649
5884,2140
5884,4557
5884,3269
5884,3270
5884,3271
5884,217
2140,1427
2140,2615
2140,1955
2140,2300
2140,2135
2301,564
2301,3388
2301,2241
2301,3393
2301,2061
2301,2279
2301,1846
2301,648
650,577
650,2265
650,613
650,2286
650,2297
650,2137
650,132
2918,3840
2918,3848
2918,1432
2918,480
2918,4741
2918,74
2918,2771
2918,1452
2918,3855
2918,2808
2918,2917
939,2723
939,2762
939,185
939,3333
939,849
939,930
939,981
4486,4111
4486,4731
4486,3565
4486,483
4486,2468
4487,60
4487,1184
4487,623
4487,935
940,3332
940,1433
940,849
941,3634
941,3547
941,849
941,940
941,951
941,983
2080,2347
2080,2351
2080,543
2080,2242
2080,2248
2080,2265
2080,600
2080,604
2080,2266
2080,1871
1473,3828
1473,3829
1473,3834
1473,3835
1473,3841
1473,3852
1473,2262
1473,4740
1473,1291
1473,4356
1473,3855
1473,1458
1473,3858
1473,1469
1473,3870
1473,3877
3572,1983
3572,3540
3572,3642
3572,3558
3572,4280
3572,2239
3572,2026
3572,2027
3572,2028
3572,4740
3572,2276
3572,3571
3572,3685
2493,2393
2493,1403
2493,2018
2493,4291
2493,2278
2493,2615
131,2258
131,49
131,60
131,101
131,2061
131,4750
131,119
3340,2232
3340,480
3340,1183
3340,3400
3340,1450
2809,1168
2809,74
2809,3333
2809,849
2809,3862
2809,2810
2810,842
2810,1167
2810,3852
2810,74
2810,2762
2810,377
2810,849
2810,2621
2810,851
3420,2276
3420,2466
1474,3952
1474,1158
1474,1159
1474,1168
1474,1424
1474,2022
1474,3564
1474,3400
1474,1291
1474,3343
4488,5146
4488,4738
4488,4338
4488,3334
4488,3571
4489,5531
4489,4738
4489,3393
4489,1290
4489,2600
4489,1564
4489,4386
4489,3571
2494,2347
2494,3393
2494,67
2494,190
2494,2615
2494,103
2494,1303
2494,2774
2494,1497
2494,2512
3341,4726
3341,4275
132,574
132,2241
132,49
132,1842
132,613
132,2279
132,4747
4490,4310
4490,2278
422,3188
422,370
422,1176
422,179
422,1184
422,89
422,4751
422,392
422,408
422,423
423,3108
423,381
423,616
423,1853
423,309
4491,2239
4491,2027
4491,4734
4491,2457
4491,1433
4492,4738
4492,2761
4492,60
4493,3849
4493,3395
4493,3401
4493,4347
4494,49
4494,50
4494,1043
4494,1047
1877,564
1877,1705
1877,2278
1877,2061
1877,1854
1877,1860
1877,1746
1877,1440
1877,623
1877,1756
1877,2120
1877,2500
1877,1887
424,2242
1475,1277
1475,1151
1475,4734
1475,3850
1475,1432
1475,3852
1475,1183
1475,3400
942,3208
942,2241
942,190
942,92
942,849
942,205
942,648
1476,3105
1476,4283
1476,3108
1476,3400
1476,2279
1476,1848
1476,1859
1476,194
1476,2774
1476,3123
1476,1214
1476,661
1781,2601
1781,1727
1781,1737
1781,1855
1781,1857
1781,2468
1781,2616
1333,5015
1333,1403
1333,1272
1333,2235
1333,1290
1333,1301
1333,4385
1333,3571
1333,1316
2141,1633
2141,2432
2141,1707
2141,1427
2141,2457
2141,2061
2141,1846
2141,1567
2141,2117
2141,2129
2141,2300
651,45
651,1842
651,738
3421,1424
3421,2241
3421,2027
3421,2040
3421,38
3421,60
3421,2270
3421,2279
3421,3428
4495,590
4495,1439
4495,516
1782,4283
1782,4291
1782,1720
1782,1945
1782,3149
861,1420
861,4291
861,2240
861,2242
861,849
861,195
861,4368
861,2774
133,1179
133,3848
133,3400
133,185
133,186
133,2273
133,3411
1057,50
1057,480
1057,1029
1783,592
1783,1842
1783,1851
1783,1857
1783,3123
5885,78
5885,1928
5885,1852
5885,1857
5885,2624
5885,1766
5885,2632
5885,4442
5885,1322
5885,5878
1784,567
1784,596
1784,602
1784,1726
1784,1728
1784,1740
1784,148
2919,5548
2919,5573
2919,5620
2919,3206
2919,5626
2919,53
2919,1184
2919,1464
2919,957
2919,4584
2919,220
2919,2938
2919,2941
2919,2943
2919,2944
3422,3480
3422,3498
3422,3511
3422,3535
3422,4733
3422,2615
3422,3571
2495,2393
2495,2239
2495,2457
2495,76
2495,2615
2495,103
2495,2478
4496,1167
4496,1173
4496,1432
4496,479
4496,4741
4496,1184
4496,189
4496,1437
4496,3225
4496,4584
4496,4671
4497,2026
4497,1430
4497,1290
4497,2600
4497,4311
4497,2615
4497,1297
1058,2242
1058,74
1058,378
1058,2276
1058,297
1058,207
1058,4502
1785,1168
1785,2278
1785,2615
1785,1739
1785,1741
1785,297
1785,4496
1334,2347
1334,1403
1334,2580
1334,2018
1334,2028
1334,4738
1334,2615
1607,2446
1607,1556
1607,4264
1607,3849
1607,2600
1607,3403
1607,1567
1607,1304
1607,1620
1607,1238
652,2221
652,2265
652,1842
652,2267
652,1857
652,4332
1477,5237
1477,3838
1477,3852
1477,1433
1477,3411
1477,1445
1477,1452
1477,3855
1477,3864
1477,4498
1477,4503
1477,1478
1477,3866
1477,4562
1477,3869
4498,4156
4498,4221
4498,3850
4498,1432
4498,2762
4498,1563
4498,4350
4498,1200
4498,3859
4498,1479
4498,3866
4498,3664
4499,1403
4499,2018
4499,3388
4499,2025
4499,2027
4499,2615
4499,1437
4499,1582
4499,4682
3264,480
3264,1032
3264,84
3264,90
3264,189
3264,3224
3264,2776
3264,3243
3264,2685
5886,2347
5886,3510
5886,5817
5886,3323
5886,1841
5886,2762
5886,185
5886,5865
5886,2481
4765,3372
4765,4706
4765,47
4765,56
4765,76
4765,3401
4765,80
4765,101
2496,2435
2496,1149
2496,1168
2496,3849
2496,3388
2496,2027
2496,1730
2496,1743
2496,1583
2496,1809
2496,1239
2496,1241
2496,3161
2811,3838
2811,1152
2811,1153
2811,3852
2811,1183
2811,3400
2811,2762
3265,480
3265,2265
3265,1184
3265,607
3265,1050
208,3335
208,3231
3266,3206
3266,3207
3266,1033
3266,386
3266,3225
3266,2919
3266,4584
2302,28
2302,2242
2302,2027
2302,2037
2302,4740
2302,2615
209,840
209,4742
2303,2560
2303,2242
2303,66
2303,68
2303,2294
2303,2298
4500,5015
4500,4715
4500,1289
4500,709
4500,66
4500,1183
4500,2600
4500,2609
4500,1294
4500,4542
210,2347
210,849
210,2903
755,20
755,713
755,66
755,68
755,3400
755,82
1956,2610
1956,97
1956,1740
1956,1936
1956,3250
1956,1962
1956,1801
1956,1966
134,119
3001,2946
3001,2947
3001,2843
3001,5767
3001,2948
3001,2950
3001,2951
3001,2956
3001,2995
3001,2999
3001,1464
3001,3003
3001,3005
3001,1479
3001,1492
3001,3140
3001,5534
3001,5741
3002,1184
3002,3123
3002,1464
3002,3001
3003,3123
3003,2999
3003,1324
3003,1464
3003,2913
3003,3004
3003,3010
3004,1184
3004,194
3004,2909
3004,2999
3004,2913
3004,3003
3005,2948
3005,2910
3005,2999
3005,1464
3005,2913
3005,3003
3005,3004
3005,3006
4501,4731
4501,37
314,260
314,1695
314,289
314,293
314,294
4502,49
1059,479
1059,1032
1059,4303
1059,87
1059,1441
1060,1031
1060,1032
1060,87
1060,1037
1060,1061
1061,3331
1061,1032
1061,87
1061,188
1061,3224
1061,1036
1061,1040
1061,1041
1061,1049
1061,1059
4503,3850
4503,1584
4503,1477
4503,3866
2304,2241
2304,2252
2304,2256
2304,2049
2304,2055
2304,3390
1478,1651
1478,3831
1478,3636
1478,1412
1478,1167
1478,1172
1478,74
1478,1452
1478,1477
1478,4498
1478,3869
1478,3878
2305,2194
2305,2195
2305,2010
2305,28
2305,4291
2305,2238
2305,2242
2305,2044
2305,709
2305,714
2305,188
2305,4312
2305,2292
2306,2242
2306,2028
2306,2044
2306,714
2306,718
2306,2305
2306,2307
2307,2044
2307,709
2307,714
2307,718
2307,2292
2307,2306
756,3394
756,713
756,714
756,724
756,2264
756,601
1062,1018
1062,45
1062,1028
1062,1031
1062,388
1062,1042
1062,1054
5887,5769
5887,3923
5887,3924
5887,3925
5887,3931
5887,3
5887,5596
5887,4053
5887,5812
5887,26
5887,5891
5887,5892
211,188
4504,4740
4505,900
4505,4077
4505,3654
2668,892
2668,777
2668,3547
2668,846
2668,190
2668,92
2668,99
2668,932
2668,212
212,846
212,190
212,2608
212,849
212,933
3267,3182
3267,3191
3267,4740
3267,1184
3267,190
3267,489
3267,3234
3763,5293
3763,2479
3763,3800
2497,2347
4506,373
4506,190
4506,195
4506,863
3764,3698
3764,3929
3764,5144
3764,4740
3764,709
3764,4512
3764,5889
3764,5890
3764,3796
862,868
3765,3701
3765,782
3765,3705
3765,3709
3765,5705
3765,3761
3765,3774
3765,3793
4507,915
4507,190
4507,931
4507,944
4507,962
4507,979
4508,2592
2812,589
2812,4740
2812,2762
2812,2283
2812,3654
2812,949
2812,3676
4509,3764
4509,4515
4509,967
4510,4158
4510,28
4510,2279
4510,4511
4510,943
4511,2103
4511,2104
4511,2278
4511,2106
4511,4510
4511,943
943,849
943,4510
653,565
653,3388
653,600
653,2279
653,2283
653,631
653,2117
653,643
653,2080
4512,2424
4512,1393
4512,4181
4512,2239
4512,3853
4512,92
4512,289
4512,2278
4512,2644
4512,4505
4512,3764
4512,3765
4512,1479
4512,3141
5888,3538
5888,168
5888,836
5888,4510
5888,4513
5888,863
5888,4517
5888,4520
5888,2308
5888,4524
5888,4525
4513,3996
944,2436
944,849
944,2479
944,4504
944,4507
944,2498
944,4520
945,849
945,3654
945,951
945,3767
4514,4181
4514,2592
4514,2615
4514,944
4514,4516
4514,963
2498,5022
2498,5049
2498,5098
2498,5099
2498,3547
2498,1184
2498,190
2498,2479
2498,648
2498,3262
2498,944
2498,4520
2498,5150
2498,3280
863,92
863,857
863,123
4515,824
4515,4141
4515,4207
4515,30
4515,845
4515,849
4515,4509
4516,2615
4516,631
4517,4168
4517,4719
4517,4728
4517,849
4517,853
4517,3654
4517,864
4517,952
4517,953
4517,1479
4517,961
4517,962
4517,968
4517,4547
4517,4549
864,5144
864,3511
864,1430
864,2762
864,2608
864,849
864,4517
864,869
946,779
946,849
947,2762
947,849
948,800
948,713
948,185
948,849
949,3654
949,950
949,957
949,872
950,3654
950,949
950,4524
950,982
951,849
951,3654
951,954
951,956
951,868
951,869
951,973
951,995
951,997
951,998
952,849
952,3654
952,953
953,788
953,832
953,3844
953,849
953,3654
953,945
954,779
954,2613
954,849
954,3654
954,4513
954,956
954,977
954,2083
955,2351
955,800
955,2457
955,849
955,2479
955,3654
955,3764
955,951
956,4046
956,849
956,3654
956,4410
956,938
956,4515
956,951
956,4546
4518,4077
4518,829
4518,4168
4518,4726
4518,4739
4518,4740
4518,3395
4518,60
4518,849
4518,4504
4518,4505
4518,2497
4518,4515
4518,967
5889,780
5889,782
5889,783
5889,3702
5889,5781
5889,5098
5889,3231
5889,3764
5889,5890
5889,865
5889,3771
5890,780
5890,849
5890,3764
5890,5889
5890,865
865,780
865,849
865,3764
865,5890
425,376
425,1031
425,386
425,861
425,3273
425,3274
957,896
957,5549
957,2017
957,1188
957,1479
866,887
867,782
867,3316
867,4141
867,3654
867,3765
867,957
867,1479
867,968
867,975
5891,5769
5891,1464
5891,5887
5891,5892
5891,1479
5891,3794
5892,3891
5892,782
5892,783
5892,3704
5892,5559
5892,5560
5892,3179
5892,3705
5892,3706
5892,3716
5892,5564
5892,2858
5892,4787
5892,3735
5892,2961
5892,2401
5892,2884
5892,5625
5892,4895
5892,5144
5892,4919
5892,4920
5892,4931
5892,2895
5892,4959
5892,4839
5892,1550
5892,2899
5892,1403
5892,3206
5892,2229
5892,1179
5892,2239
5892,1184
5892,3407
5892,1188
5892,386
5892,1573
5892,2633
5892,2644
5892,1322
5892,2910
5892,3254
5892,3123
5892,3001
5892,425
5892,5891
5892,2921
5892,2501
5892,3274
5892,3009
5892,3790
5892,3012
5892,3795
5892,3796
5892,2931
5892,5632
5892,5636
5892,2533
5892,2943
1479,5226
1479,3839
1479,1137
1479,1412
1479,2451
1479,3848
1479,2235
1479,1560
1479,4745
1479,189
1479,190
1479,1438
1479,2766
1479,1448
1479,851
1479,3765
1479,949
1479,957
1479,979
1479,2929
958,897
958,44
958,849
958,4667
958,996
959,796
959,1290
959,849
959,934
959,3654
959,947
959,3661
959,3575
959,990
959,3280
4519,906
4519,589
4519,4520
4520,589
4520,2104
4520,2233
4520,4736
4520,4738
4520,289
4520,2278
4520,3230
4520,4754
4520,2497
4520,4508
4520,943
4520,1479
4520,4519
4520,4521
4520,4526
960,2762
960,3654
961,849
961,3654
961,947
2308,2241
2308,849
962,5292
962,849
868,1977
868,836
868,585
868,2241
868,844
868,2265
868,1854
868,849
868,862
868,947
868,951
868,883
868,997
4521,4168
4521,4291
4521,2028
4521,4323
4521,4333
4521,1459
4521,2076
4521,4515
4521,965
4521,977
2813,2762
2813,5859
2814,3395
2814,2762
2814,2771
2814,1443
2814,3338
2814,2807
4522,589
4522,4754
4523,929
4524,4751
4524,2643
4524,3250
4525,897
4525,4738
4525,60
4525,188
4525,4363
4525,4510
4525,967
963,2762
963,849
963,4514
964,4026
964,4031
964,4032
964,2752
964,3201
964,1433
964,2762
964,2766
964,3654
964,1464
964,4513
3766,2611
3766,3233
3766,3234
3766,2479
3766,425
965,849
965,948
965,4525
966,2754
966,1167
966,849
966,2766
966,3654
966,949
966,951
966,959
966,968
966,970
4526,589
4526,2104
4526,289
4526,2278
4526,2106
4526,1861
4526,4520
869,776
869,3510
869,3654
869,864
869,947
869,951
869,958
967,4388
967,3654
967,4509
967,956
968,4141
968,1191
968,2473
968,3654
968,949
968,959
969,897
969,2762
969,849
969,3654
969,3676
970,971
971,919
971,849
971,3654
971,959
971,960
971,961
971,962
971,995
3423,1179
3423,3400
3423,1184
3423,1438
3423,4527
4527,1167
4527,1179
4527,3260
4527,3423
531,4343
531,495
531,496
870,786
870,1167
870,74
870,185
870,849
870,982
870,876
4528,3648
4528,480
4528,849
757,45
757,713
757,49
4529,1174
4529,4317
4529,2280
4529,4332
2142,2018
2142,1427
2142,2279
2142,1858
2142,619
2142,4750
2142,1870
1878,4746
1878,1726
1878,1851
1878,618
1878,1870
1786,1701
1786,1840
1786,1850
1786,1852
1786,1857
1786,1859
1786,1870
1786,1766
135,57
135,60
135,92
135,119
135,136
136,713
136,53
136,60
136,377
136,4754
136,119
136,135
137,38
137,60
137,101
137,119
2669,50
2669,62
2669,64
2669,66
2669,2610
972,2762
972,3654
4530,2762
4530,89
4530,2771
4530,853
4530,4419
4530,4427
4531,1024
4531,2763
4531,496
4531,4751
4531,523
4532,464
4532,480
4532,86
4532,487
4532,519
4532,1065
532,601
532,613
532,518
533,1562
533,483
533,88
533,496
533,498
533,3226
533,506
533,1051
533,122
426,409
534,1030
534,483
534,1185
534,290
534,295
534,388
534,412
534,2784
3865,927
3865,4740
3865,74
3865,2791
3865,2797
2815,227
2815,2720
2815,60
2815,4340
2815,4342
2815,489
2815,310
2815,5629
2816,5293
2816,2761
2816,2762
2816,4754
3268,480
3268,3217
3268,1184
3268,189
4533,3553
4533,2451
4533,4284
4533,4738
4533,66
4533,1292
5628,76
5628,4331
5628,2904
5628,2907
5628,1466
5628,5633
5628,5650
5628,5651
4534,4721
4534,67
4534,92
4534,2609
4534,1564
2670,91
2670,2608
2670,92
2670,2610
2670,1295
2670,103
2670,123
2670,2639
2670,2640
2670,2644
2670,2648
4535,3620
4535,2457
4535,2600
2671,91
2671,92
2671,2610
2671,103
2671,2640
2671,2652
2671,2653
1335,3553
1335,4285
1335,1290
1335,1186
1335,124
2672,3935
2672,2543
2672,1255
2672,190
2672,2608
2672,92
2672,123
2672,2640
2672,2673
2673,2543
2673,190
2673,2608
2673,92
2673,4536
2673,5737
2674,53
2674,190
2674,92
2674,2613
2674,2663
4536,190
4536,92
4536,935
4536,936
4536,123
4536,2673
3006,2949
3006,2844
3006,3848
3006,4740
3006,91
3006,3254
3006,3256
3006,2999
3006,3001
3132,1283
3132,1575
3132,3123
3132,3127
3133,1283
3133,1433
3133,1437
3133,3123
1608,5600
1608,1658
1608,2907
1608,3123
1608,1464
1608,2913
1608,3013
1608,5650
1336,1283
1336,1437
1336,1572
1336,3587
3134,3067
3134,1579
3134,1580
3134,1581
3134,3119
3134,3123
3134,3125
3134,1595
3134,3128
3134,3364
3007,3547
3007,1575
3007,1581
3007,123
3007,1463
3007,1464
3007,3000
2920,2890
2920,3380
2920,3840
2920,1463
2920,1464
2920,1466
2920,2922
1957,4291
1957,2278
1957,2615
1957,1932
1957,1935
1957,1938
1957,2468
1215,1168
1215,4734
1215,1570
1215,4760
1609,845
1609,2615
1609,1439
1609,1574
1609,4758
4537,1290
4537,2600
4537,1575
4537,1315
4537,124
4538,1570
654,544
654,2600
654,616
654,1857
654,1568
654,1870
654,655
655,544
655,2265
655,2600
655,1932
655,1857
655,1568
655,1870
655,654
655,1879
4539,1031
4539,1034
1480,2026
1480,1428
1480,4734
1480,2603
1480,1438
1480,1583
4540,4719
4540,66
4540,2762
4540,89
4540,3243
2817,2761
2817,60
2817,2774
2817,2775
2817,2776
1958,1699
1958,2229
1958,2278
1958,2279
1958,1934
1958,1935
1958,1936
1958,1858
1958,1437
213,2701
213,2572
213,2608
213,207
4541,1913
4541,2615
4541,2280
4541,648
1337,2022
1337,2026
1337,2242
1337,4731
1337,66
1337,1290
1337,2611
1337,1312
4542,4285
4542,30
4542,60
4542,188
4542,4324
315,45
315,289
315,291
315,293
315,300
1216,1191
1216,1443
1216,1471
1216,1481
1481,1406
1481,1277
1481,1168
1481,1191
1481,1216
1217,3829
1217,3331
1217,1168
1217,1191
1217,1197
1217,3855
1217,1471
1217,1216
1217,1481
1217,3874
2921,2972
2921,3055
2921,2241
2921,2280
2921,3123
2921,1463
2921,1464
3135,3055
3135,359
3135,1695
3135,2601
3135,1851
3135,1858
3135,1758
3135,3120
3135,3123
2499,2347
2499,2371
2499,4321
2499,2278
2499,4337
656,562
656,713
656,376
656,2265
656,617
656,2289
1787,1905
1787,1720
1787,1932
1787,1857
1787,4332
1787,1804
1879,2241
1879,1857
1879,645
1788,615
1788,1938
1788,1945
1788,645
1788,1964
1880,4290
1880,480
1880,66
1880,1184
1880,1290
1880,1721
1880,1854
1218,5823
1218,841
1218,1412
1218,1153
1218,1171
1218,1174
1218,848
1218,1194
1219,1168
1219,1169
1219,1174
1219,2027
1219,4741
1219,1183
1219,3400
1219,2267
1219,4317
1219,1437
4543,918
4543,849
4543,932
4543,876
1482,2615
1482,1487
4544,4719
4544,832
4544,3844
4544,849
4544,853
4544,933
4544,934
4544,4546
4544,3347
4545,60
4545,849
4546,798
4546,832
4546,3844
4546,480
4546,853
4546,933
4546,934
4546,949
4547,894
4547,4736
4547,849
4547,853
4547,3654
4547,4517
4547,969
4547,3676
4548,3938
4548,845
4548,1290
4548,2608
4548,1857
4548,849
4548,937
4548,2818
4548,1355
4549,4165
4549,4517
4549,3347
4549,4673
1483,1362
1483,1280
1483,2239
1483,3850
1483,2262
1483,1297
1483,1458
1483,2290
1483,1490
1483,1347
1483,1498
657,45
657,592
657,608
658,2031
658,37
658,3398
658,2265
658,2077
658,2080
658,662
659,4258
659,373
659,3848
659,592
659,2265
659,2061
659,2279
659,1437
659,1860
659,2286
659,2117
659,2077
2309,1560
2309,47
2309,60
2309,185
2309,487
427,483
427,381
427,291
427,293
427,734
4550,608
4550,290
4550,395
4551,586
4551,609
4551,2289
4551,633
4551,634
4551,2143
2143,593
2143,60
2143,2265
2143,2279
2143,620
2143,622
2143,633
2143,4551
428,348
428,2450
428,719
428,381
428,91
428,403
1610,1428
1610,1433
1610,1575
1610,1584
1610,4760
1610,1477
1610,4503
4552,1111
4552,4281
4552,1167
4552,1175
4552,2027
4552,1432
4552,3397
4552,189
1484,3380
1484,26
1484,1167
1484,29
1484,1432
1484,3852
1484,1441
1484,1191
1484,1443
1484,1458
2675,2351
2675,4197
2675,1403
2675,4238
2675,480
2675,376
2675,1031
2675,3244
2675,2644
1485,2398
1485,271
1485,1841
1485,3400
1485,3410
1485,1449
1485,2916
4553,1387
4553,2022
4553,4734
4553,1430
4553,4317
4553,2275
4553,4383
4553,3422
1959,1403
1959,1419
1959,4740
1959,2615
1959,1932
1959,1935
1959,1936
1881,1839
1881,1726
1881,1850
1881,617
1881,1854
138,54
138,60
138,76
138,2459
138,113
1789,1932
1789,1857
1789,1751
1789,1308
1789,1782
1789,1971
1220,4276
1220,1169
1220,1173
1220,4285
1220,2600
1220,1564
2144,588
2144,589
2144,4291
2144,593
2144,2107
2144,2117
2144,2124
2144,2129
2144,2821
2145,2104
2145,609
2145,2106
2145,2279
2145,616
2145,617
2145,2124
2145,2125
4554,2241
4554,2124
4554,4482
1960,2092
1960,1427
1960,593
1960,2279
1960,4335
1960,1950
1960,1955
2146,2018
2146,2025
2146,3395
2146,2061
2146,2279
4555,593
4555,2125
4555,2126
4555,1955
2147,615
2147,1865
2147,4378
2147,2119
2147,2132
2147,4484
4556,4291
4556,2025
4556,2241
4556,1861
4556,4749
4557,3388
4557,1427
4557,647
4557,4556
3269,1184
3269,2124
3269,648
3269,3262
3270,648
3270,3262
3270,2301
3270,3269
3270,3271
3270,3272
3271,896
3271,5022
3271,1184
3271,648
3271,3262
3271,3263
3271,3269
3271,3270
3271,3272
3272,1184
3272,648
3272,3262
3272,3263
3272,3271
429,1177
429,601
429,381
429,293
429,616
2922,2870
2922,1255
2922,3831
2922,2898
2922,3840
2922,3332
2922,3852
2922,1452
2922,2910
2922,1464
2922,1466
2922,2918
2922,2920
1882,1907
1882,589
1882,4291
1882,1926
1882,2278
1882,1857
1882,620
1882,4335
1882,4362
1882,1947
1882,1790
1882,1964
1790,1907
1790,4291
1790,1290
1790,1926
1790,2279
1790,1857
1790,1882
1790,1964
3866,1446
3866,1452
3866,1591
3866,3864
3866,1477
973,4057
973,1433
973,2762
973,3654
973,2913
973,2490
973,951
973,954
3656,3597
3656,3646
3656,3691
4558,2759
4558,483
4558,2768
4558,431
1883,1427
1883,603
1883,1854
1883,1872
1883,2133
1221,1130
1221,1167
1221,1172
1221,2018
1221,1432
1221,480
1221,1183
1221,1200
3657,3096
1611,1564
1611,2614
1611,609
1611,2615
1611,1742
1611,1566
1611,1306
1961,1722
1961,1846
1961,1740
1961,1935
1961,1936
1961,1937
1961,4362
1961,1949
2818,2718
2818,2719
2818,2740
2818,1405
2818,1426
2818,2761
2818,480
2818,91
2818,936
2818,4548
4559,3544
4559,3646
4559,2260
4559,4738
4559,846
4559,3571
3573,3849
3573,3569
3574,3553
3574,2600
3574,2633
3574,4443
1338,3380
1338,1179
1338,3394
1338,73
1338,3400
1338,1444
1338,1450
758,713
758,714
758,731
3136,1169
3136,1174
3136,1183
3136,3123
4560,615
4560,2107
4560,1868
4560,2626
4560,4393
1222,1169
1222,1171
1222,2031
1222,1563
1222,1297
1222,1339
1339,4291
1339,2242
1339,41
1339,1563
1339,1297
4561,2762
4561,3652
3137,3109
3137,1201
3137,1595
3137,1596
3137,3664
2310,4266
2310,1171
2310,1175
2310,591
2310,4291
1340,3755
1340,4739
1340,3400
1340,1440
1340,3123
1340,3782
1340,2932
2500,2347
2500,2443
2500,1707
2500,2227
2500,4321
2500,1926
2500,3123
2311,2012
2311,2017
2311,28
2311,4291
2311,2238
2311,2242
2311,2027
2311,2031
2311,2033
2311,2040
2311,4651
2311,2329
660,596
660,2279
660,2298
660,3262
660,1784
974,849
974,3654
974,3784
3658,3510
3658,3646
975,867
1223,1118
1223,1139
1223,1168
1223,1169
1223,1303
1223,1607
1223,1238
4562,4740
4562,1183
4562,92
4563,2018
4563,4734
4563,2615
4563,4553
139,1028
139,74
139,601
139,1842
139,185
139,103
139,195
139,1050
139,2631
430,1138
430,376
430,292
430,1851
430,390
430,391
1341,1403
1341,1274
1341,2593
1341,1290
1341,4581
535,590
535,2763
535,482
535,483
535,295
535,4564
3659,796
3659,3636
3659,3654
3659,3575
1791,1553
1791,2608
1791,2610
1791,1564
1791,124
1791,2690
1791,2691
5893,2374
5893,2375
5893,849
5893,1464
5893,5897
2501,2347
2501,2221
2501,1426
2501,2248
2501,4739
2501,2266
871,1421
871,848
871,3654
871,1479
976,2221
976,836
976,30
976,4738
976,848
976,2615
976,2501
977,822
977,849
977,954
3660,3511
3660,5269
3660,2762
3660,1439
3660,2903
3660,1574
3660,3661
3661,3618
3661,3493
3661,3510
3661,3634
3661,1415
3661,1433
3661,1290
3661,1439
3661,849
3661,957
3661,959
3661,3660
4564,2761
4564,2762
4564,4355
4564,203
4564,4413
1612,4784
1612,1439
1612,1572
1612,1573
1612,1575
1612,1578
1612,1580
1612,1613
1612,1614
1612,3342
1613,1522
1613,4784
1613,1556
1613,1153
1613,1171
1613,1283
1613,1567
1613,1447
1613,1573
1613,1574
1613,1578
1613,1580
1613,3424
1614,1522
1614,4784
1614,1183
1614,1572
1614,1573
1614,1574
1614,1575
1614,1578
1614,1613
1614,3424
3424,1287
3424,3412
3424,1578
3424,1584
3424,1613
3424,3342
3424,1342
3342,1520
3342,1578
3342,1580
3342,1584
1342,1530
1342,1531
1342,1572
1342,1584
1342,1613
1342,1614
1342,3424
3662,228
3662,914
3662,3634
3662,3547
3662,849
3662,3654
3662,950
3662,3672
3662,3676
3662,991
431,376
431,1183
431,1851
431,3131
140,5626
140,1171
140,44
140,1028
140,54
140,57
140,76
140,185
3767,3784
2502,2347
2502,2393
2502,259
2502,262
2502,1403
2502,2443
2502,2280
2502,318
2312,2022
2312,2242
2312,2028
2312,2031
2312,2040
2312,2041
2312,2048
2312,2291
2923,5169
2923,4940
2923,200
2923,2927
2923,5650
2503,2347
2503,2409
2503,2449
2503,1289
1224,3849
1224,1194
4565,4109
4565,1924
4565,1929
4565,1740
4565,1931
4565,1932
4565,1936
4565,1945
4565,3117
1225,1168
1225,1430
1225,49
1225,1718
1225,1857
1225,1440
1225,1451
432,348
432,709
432,376
432,395
432,403
432,428
1343,3530
1343,2593
1343,1455
1343,3422
3343,896
3343,2217
3343,2022
3343,4289
3343,3400
2313,693
2313,702
2313,2242
2313,3391
2313,37
2313,38
2313,719
2313,2600
2313,92
1486,1430
1486,3394
1486,1290
1486,1453
2504,4722
2504,4738
2504,2765
2504,4758
4566,2455
4566,2466
1487,1403
1487,1404
1487,1419
1487,3779
4567,1419
4567,4738
4567,3400
4567,1733
4567,1438
4567,1487
4567,4628
3768,2537
3768,1403
3768,2580
3768,2451
3768,2028
3768,2600
3768,2613
3768,2615
3768,1334
3768,1487
3769,3719
3769,1403
3769,1419
3769,2027
3769,3400
3769,2614
3769,2615
3769,1733
3769,1440
3769,1487
3769,1488
4964,1521
4964,793
4964,2893
4964,1276
4964,2610
4964,935
4964,2644
4964,2681
3770,3711
3770,3718
3770,3736
3770,2451
3770,92
3770,2609
3770,97
3770,2613
3770,2616
3770,3772
3770,3779
3770,3784
5735,5678
5735,5707
5735,175
5735,39
5735,480
5735,92
5735,97
5735,1438
5735,123
2314,3712
2314,3724
2314,3729
2314,66
2314,3110
2314,3761
2314,2310
2314,3771
2314,2676
2314,3780
3771,3721
3771,5677
3771,5678
3771,3725
3771,5681
3771,3728
3771,5683
3771,5705
3771,3745
3771,1419
3771,93
3771,3761
3771,3779
3771,3783
2676,3711
2676,5677
2676,3745
2676,833
2676,2314
2676,3771
2676,3780
2676,3806
3772,2351
3772,3729
3772,4896
3772,4931
3772,1403
3772,1419
3772,3400
3772,2615
3772,1456
3772,3761
3772,3780
3772,3819
5736,2854
5736,5678
5736,5707
5736,3755
5736,4892
5736,26
5736,1184
5736,92
5736,1437
5736,1438
5736,3411
5736,3002
5736,5735
5736,3772
5736,3776
5736,3777
3663,3755
3663,1404
3663,3779
3773,66
3773,92
3773,2463
3773,3772
1488,1368
1488,4027
1488,3381
1488,1403
1488,1419
1488,2260
1488,66
1488,1433
1488,3400
1488,1291
1488,1456
1488,2908
1488,3123
1488,3761
1488,3769
1488,3772
1488,3778
1488,3783
5737,5705
5737,5714
5737,5715
5737,2608
5737,5734
5737,2910
5737,1464
3774,5682
3774,5240
3774,3765
3774,3785
3774,3579
3775,3400
3775,4748
3775,3772
3775,3776
3775,3780
3776,2659
3776,3772
3776,3797
3777,3755
3777,1440
3777,3772
3778,1419
3778,4736
3778,2908
3778,3779
3779,3736
3779,3737
3779,5360
3779,4931
3779,1403
3779,1419
3779,4284
3779,66
3779,3400
3779,1290
3779,97
3779,3407
3779,3109
3779,3122
3779,3123
3779,1487
3779,3769
3779,3770
3779,3771
3779,3773
3779,1488
3779,3778
3779,3780
3779,3781
3779,3783
3779,4644
3779,3813
3780,1368
3780,3759
3780,1419
3780,3400
3780,95
3780,1437
3780,3772
3780,3773
3780,3775
3780,3776
3781,2401
3781,3755
3781,4728
3781,3400
3781,1440
3781,1752
3781,3761
3781,3762
3781,3776
3781,3780
3781,3783
3781,3787
3781,3790
3781,3809
3782,3722
3782,2188
3782,3755
3782,1414
3782,1426
3782,2018
3782,66
3782,3400
3782,2278
3782,2908
3782,1464
3782,2921
3782,1340
3782,3776
3783,1294
3783,3772
3783,3776
3783,3779
3783,3780
3783,3781
3783,3791
5738,1935
5738,2294
5738,2126
3784,3733
3784,3510
3784,4834
3784,3628
3784,4839
3784,1414
3784,3761
3784,3765
3784,5545
3664,5146
3664,1547
3664,3331
3664,2026
3664,1430
3664,1290
3664,1563
3664,1439
3664,1586
3664,3672
3425,20
3425,5835
3425,3400
3425,82
5150,5022
5150,5148
5150,2446
5150,3426
4568,3990
4568,1024
4568,1151
4568,2763
4568,378
3138,3025
3138,2106
3138,103
3138,390
3138,3123
3138,3126
433,2556
433,2459
433,291
2315,4278
2315,2241
2315,4738
2315,1433
2315,3400
2315,2279
978,4211
978,849
978,3654
978,937
978,886
978,4682
3665,5444
3665,3496
3665,5266
3665,279
3665,3329
3665,3667
3666,3611
3666,3496
3666,2280
3667,2347
3667,3510
4569,3994
4569,590
4569,2103
4569,2278
4569,2279
4569,1853
4569,2107
872,2754
872,845
872,480
872,3654
872,949
661,2409
661,4712
661,4713
661,2615
661,1930
661,1740
661,1932
661,1476
1063,1021
1063,1028
1063,3217
1063,1032
1063,87
1063,1034
1063,1037
1063,1038
2316,3388
2316,4291
2316,2240
2316,2241
2316,2035
1344,1517
1344,2861
1344,2862
1344,1548
1344,2454
1344,3849
1344,3852
1344,1183
1344,3400
1344,2600
1344,189
1344,1293
1344,1448
1344,1344
1344,1615
1615,5721
1615,1528
1615,1552
1615,1555
1615,3400
1615,91
1615,3237
1615,1573
1615,1584
1615,3123
1615,2915
1615,1597
1615,1466
1615,1474
3785,3195
3785,5240
3785,3774
3785,3784
3785,3786
3785,4628
3785,3579
3785,2932
3786,3195
3786,3784
3786,3785
3786,4628
759,688
759,709
759,714
759,719
759,183
759,73
759,383
4570,3217
4570,1184
4570,84
4570,932
4570,937
4571,2022
4571,4293
4571,4734
4571,1430
4571,3850
979,3934
979,4507
979,4521
979,4618
1616,1433
1616,1575
1616,1598
1616,1599
4766,5565
4766,4724
4766,4741
4572,4291
4572,2242
4572,3850
4572,1433
2505,45
2505,374
2505,376
2505,2106
2505,2615
2505,2279
2505,1740
4767,3543
4767,28
4767,4734
4767,4751
4767,2774
3426,5293
3426,3400
3426,2458
3426,3410
3426,2106
3426,2615
3426,103
4768,4704
4573,3646
4573,4145
4573,480
4573,3400
4574,3591
4574,2599
4574,947
1489,842
1489,1438
1489,849
1489,3349
1490,3852
1490,3400
1490,1297
1490,3855
1490,1458
1490,3857
1490,1483
4575,4738
4575,60
4576,2771
4576,2772
4576,3243
4576,4419
434,2347
434,66
434,376
434,2458
434,2616
4577,1183
4577,92
4577,4444
4577,2909
1491,1167
1491,3848
1491,1430
1491,1432
1491,3409
1491,1437
1491,1438
1491,3855
1617,1556
1617,1573
1617,1576
1617,1621
4578,1915
4578,4291
4578,4740
4578,2278
4578,1932
4578,1936
4578,103
2506,103
1226,2347
1226,1167
1226,1424
1226,1173
1226,381
1226,435
4579,709
4579,713
4579,54
4579,376
4579,2269
1792,1681
1792,50
1792,1720
1792,1732
1792,1737
1792,1857
1792,1765
4580,479
4580,183
4580,2611
980,60
980,2106
4581,1403
4581,2447
4581,928
4581,589
4581,4291
4582,1403
4582,4297
1793,2347
1793,1740
1793,1750
4583,4099
4583,2040
4583,4738
4583,4389
4584,3896
4584,3206
4584,2756
4584,3400
4584,1184
4584,185
4584,3266
4585,4275
4585,1426
4585,4288
4585,2028
4585,1430
4585,2615
4585,4333
4585,4758
4585,3815
4586,4722
4586,1167
4586,1173
4586,4738
4587,4388
214,39
214,44
214,54
214,726
214,480
214,60
2819,3199
1492,4707
1492,4728
1492,3233
1492,2910
1492,3256
1492,1464
3273,3217
3273,2613
3273,386
3273,195
3273,3225
3273,3274
1064,1028
1064,185
2317,2241
2317,2027
2317,2253
2317,2030
2317,2258
2317,2260
2317,38
2317,4758
4588,603
4588,291
4588,609
4588,616
4588,404
3787,3755
3787,3100
3787,1440
3787,3113
3787,3762
3274,1184
3274,1033
3274,386
3274,3273
1345,3514
1345,4827
1345,1300
1345,1575
2820,3399
2820,3859
2820,3862
760,41
760,726
760,751
1227,1146
1227,1171
1227,1177
1227,3410
3427,1183
3427,185
3427,3410
3427,103
3427,3426
3427,3434
2148,574
2148,2107
2148,2115
2148,2294
2148,2124
2148,2129
4589,2762
4589,2771
981,2762
981,3333
981,849
981,930
981,939
981,940
1794,1931
1794,1932
1794,1933
1794,1857
1794,1743
1794,1945
1794,1801
1794,1966
1794,1971
1962,1654
1962,1561
1962,1932
1962,1936
1962,1743
1962,1956
982,849
982,950
982,957
982,983
536,88
536,519
536,520
2507,1168
2507,2613
2507,2106
2507,3123
2507,3129
3867,3853
3867,3855
3788,3741
3788,4715
3788,4206
3788,1419
3788,3761
4590,4211
4590,30
4590,848
4590,631
4590,1001
4591,4162
4592,4291
4592,2242
4592,719
4592,480
4592,60
4592,4323
4592,4753
761,713
761,480
761,92
5894,2241
5894,593
5894,2266
5894,92
5894,2279
5894,4591
5894,141
141,27
141,49
141,60
141,185
141,5894
983,893
983,849
983,4397
983,940
983,982
3344,3330
3344,5734
3344,5737
1228,1139
1228,1168
1228,1169
1228,1171
1228,1291
1228,3409
1228,3122
1493,4230
1493,1423
1493,2239
1493,480
1493,3400
1493,1290
1493,1438
1229,1169
1229,1171
1229,2025
1229,2027
1229,1432
1229,4740
1229,3400
1229,1438
215,3186
215,158
215,381
215,103
215,2064
215,3222
215,216
215,218
216,3186
216,158
216,4161
216,83
216,381
216,2064
216,215
4593,4722
4593,4206
4593,1132
4593,4245
4593,1140
4593,1184
4593,189
4593,1462
4593,3423
984,810
984,185
984,849
4594,2347
4594,2354
4594,2355
873,66
873,849
1346,3637
1346,1286
1346,1311
1346,1326
4595,4291
4595,2106
4595,2615
4595,1738
4595,1857
4595,1596
4595,1782
1963,4058
1963,4109
1963,1924
1963,2278
1963,2615
1963,1936
1963,1945
2508,2454
2508,4740
2508,2615
2508,103
2508,2490
2509,2347
2509,2580
2509,4746
2509,2615
2509,103
2509,2490
2509,2508
4596,1168
4596,1433
4596,4753
2318,2206
2318,1421
2318,1168
2318,591
3345,3304
3345,3330
3345,3332
3345,1566
3346,3835
3346,3331
3346,1156
3346,1433
3346,1190
3346,1588
874,832
874,3844
874,852
874,3654
4597,4734
4597,1430
4597,3850
4597,1291
4597,1438
4597,2774
2081,4281
2081,28
2081,2021
2081,2241
2081,2242
2081,2027
2081,38
4598,1271
4598,3849
4598,1426
4598,2027
4598,4738
4598,4740
4598,1583
4598,2073
4598,2489
4598,1472
1347,2242
1347,3850
1347,2262
1347,3400
1347,1483
1494,1423
1494,1426
1494,2239
1494,2242
1494,3400
4599,2393
4599,2615
4599,103
4599,2774
4599,4383
4600,4291
4600,2239
4600,4585
4601,2025
4601,376
4601,83
4601,381
4602,3380
4602,4267
4602,3400
4602,2072
1065,3400
1065,86
1065,1038
1795,1686
1795,1740
1795,1857
142,2038
142,45
142,49
142,725
142,107
1796,614
1796,1727
1796,616
1796,1751
1796,1781
1797,3407
1797,2279
1797,1736
1797,1737
1797,1857
875,74
875,190
875,848
875,4331
875,2773
876,38
876,185
876,2061
876,194
876,875
4603,3640
4603,1290
4603,1294
4603,4401
4603,2654
4603,1321
4603,4461
2319,2242
2319,49
2319,54
2319,1438
2319,2078
1798,1732
1798,1735
1798,1857
1798,1765
1798,1776
1798,420
1798,1964
1798,1967
4604,4738
4604,84
4604,2804
3275,2762
316,376
4605,4102
4605,2766
4605,4427
877,815
877,816
877,849
877,3335
877,194
877,853
877,878
2677,2608
2677,92
2677,2633
2677,123
2678,2543
2678,4068
2678,5241
2678,2606
2678,2608
2678,92
2678,937
2678,2909
3139,2873
3139,3123
3139,1464
3139,2914
3139,3141
3008,2979
3008,1463
3008,1464
3008,2913
3008,1608
3008,2929
3009,2860
3009,5494
3009,2868
3009,2978
3009,2982
3009,4319
3009,851
3009,2907
3009,1463
3009,3141
3140,2873
3140,3048
3140,2878
3140,2999
3140,2911
3140,1464
3140,2915
3140,3009
3140,3141
3010,4713
3010,5293
3010,2903
3010,3123
3010,1463
3010,1464
3010,3009
5534,5488
5534,3123
5534,1464
5534,2913
5534,3003
5534,1479
5534,3009
2510,2353
2510,2852
2510,2280
2510,3411
2510,5627
2510,1464
1799,1640
1799,1921
1799,1929
1799,1932
1799,1857
1799,1944
3668,5360
3668,3553
1800,4321
1800,2464
1800,2466
1800,2615
1800,1936
1800,1945
1800,1964
1800,1966
1884,3069
1884,2279
1884,1850
1884,1851
1884,618
1884,1852
1884,1862
1884,1870
3669,3023
3669,3825
3669,4018
3669,3611
3669,3067
3669,3510
3669,5149
3669,1432
3669,3852
3669,3400
3669,190
3669,1436
3669,1566
3669,3411
3669,1443
3669,3228
3669,3652
3669,1579
3669,1581
3669,3119
3669,1595
3669,942
4606,3058
4606,1283
4606,4291
4606,96
4606,1852
4606,1932
4606,1437
4606,1575
4606,1583
4606,3128
4606,2489
1964,3072
1964,2412
1964,1924
1964,2461
1964,2609
1964,2615
1964,1737
1964,1738
1964,1740
1964,1931
1964,1932
1964,1933
1964,1936
1964,1941
1964,1743
1964,1944
1964,1945
1964,1882
1964,1790
1964,1967
1965,1629
1965,1651
1965,1843
1965,2615
1965,1720
1965,1932
1965,1938
1965,1857
1965,1765
1965,1967
1801,66
1801,68
1801,1845
1801,1938
1801,1743
1801,1751
1801,4750
1801,1945
1801,1794
1801,1964
1801,1966
1801,1971
1966,1654
1966,1908
1966,2609
1966,1926
1966,1740
1966,1932
1966,1933
1966,1935
1966,1941
1966,1857
1966,1743
1966,1944
1966,1945
1966,3120
1966,1964
1966,1801
1966,1967
1966,1970
1966,1971
1966,1809
1967,1908
1967,4291
1967,2615
1967,2279
1967,1932
1967,1938
1967,1857
1967,1743
1967,2107
1967,2119
1967,1765
1967,1964
1967,1966
1967,1821
1968,1713
1968,1743
1968,2616
1968,2280
1968,1767
1230,1403
1230,3331
1230,1168
1230,1173
1230,2603
1230,1586
3141,2355
3141,2848
3141,2849
3141,3037
3141,2873
3141,2876
3141,2987
3141,2988
3141,2989
3141,2990
3141,3849
3141,1283
3141,4285
3141,2237
3141,2600
3141,2608
3141,2610
3141,1294
3141,2613
3141,4318
3141,2274
3141,1583
3141,3123
3141,1464
3141,2914
3141,3124
3141,3126
3141,1465
3141,2915
3141,1596
3141,3009
3141,3799
2679,2609
2679,3241
2679,2627
2679,3250
2679,4445
143,1031
3789,5144
3789,1167
3789,5293
3789,1438
3789,102
3789,2913
3575,796
3575,5098
3575,5099
3575,3649
3575,1424
3575,1926
3575,1479
3575,3659
3575,3584
2924,2541
2924,190
2924,2609
2924,3222
2924,1572
2924,3277
5151,4999
5151,5022
5151,5098
5151,5145
5151,3547
5151,188
5151,864
5151,3575
5151,3584
217,5022
217,1028
217,94
217,648
217,2924
5152,5022
5152,1026
5152,41
5152,50
5152,56
5152,648
4607,5565
4607,1183
4607,2762
4607,3218
1495,4750
1495,1572
1495,1579
1348,3852
1348,3853
1348,186
1348,1290
1348,3109
1348,3855
1348,2639
4608,4722
1802,66
1802,291
1802,1747
1803,2172
1803,1708
1803,1850
1803,1852
1803,1932
1803,1936
1803,1855
1803,1857
1803,1757
762,4740
762,712
762,713
762,742
1804,588
1804,60
1804,1932
1804,1857
1804,1787
2149,3388
2149,2242
2149,2252
2149,4741
2149,2106
2149,2615
4609,4731
1496,2232
1496,930
1496,1452
1496,2792
1496,1477
1496,1478
3868,3827
3868,3837
3868,1153
3868,1168
3868,1172
3868,4740
3868,930
3868,3854
3868,1452
3868,2774
3868,1467
3868,1496
2925,2903
2925,3225
2925,3237
2925,3254
2925,1464
3142,3101
3142,92
3142,2615
3142,103
3142,3123
3142,1596
3143,3970
3143,4284
3143,592
3143,1842
3143,1437
3143,3123
2926,1438
2926,1466
2926,1492
2926,3790
3790,3748
3790,3750
3790,3751
3790,3754
3790,1414
3790,3803
3144,1167
3144,3149
985,3767
3791,4922
3791,2903
3791,2908
3791,3123
3791,3761
3791,3809
1349,1423
1349,1426
1349,2027
1349,2031
1349,2615
1349,103
1349,1581
1349,1583
1349,2489
1349,1472
1497,1403
1497,1419
1497,3564
1497,3412
1497,1572
1497,1456
1497,1487
1498,3852
1498,846
1498,1433
1498,3855
1498,1458
1498,4403
1498,1483
317,1159
317,1177
317,83
317,291
317,293
317,3222
4769,4732
4769,3395
4769,709
4769,66
4769,1854
4769,1864
878,845
878,848
878,849
878,877
1805,1734
2150,590
2150,4335
2150,2119
1885,1427
1885,606
1885,1852
1969,4080
1969,1920
1969,4291
1969,1931
1969,1932
1969,1938
1969,1437
1969,1751
1969,1759
1969,1944
1969,1966
1969,1970
1970,1932
1970,1856
1970,1857
1970,1743
1970,1966
1971,4080
1971,1936
1971,1944
1971,1964
1971,1966
1971,1970
2511,4740
2511,480
2511,2614
2511,2615
2511,103
2511,2490
3670,4983
3670,4696
3670,3510
3670,4738
3670,3659
3670,3575
2821,2241
2821,2762
2821,1450
4610,4231
4610,4738
4610,4740
4610,2459
4610,857
4610,4470
2082,3388
2082,4291
2082,2025
2082,2241
2082,2242
2082,2250
2082,2255
3671,4130
3671,185
3671,3576
3576,2255
3576,30
3576,3671
2680,2594
2680,2761
2680,1184
2680,2762
2512,2347
2512,3564
2512,67
2512,2615
2512,103
2512,2488
2512,2494
1806,1723
1806,1855
1806,1857
1806,1870
4611,4738
4611,2457
4611,1183
4611,1563
4612,1403
4612,4740
4612,4316
4612,2615
4613,2393
4613,2443
4613,4738
662,2231
662,2242
662,2256
662,3391
662,2265
662,636
4614,376
4614,1031
4614,1032
4614,4636
1499,2038
1499,1430
1499,2262
1499,714
1499,1451
1499,1453
1499,1459
1499,1460
3276,3511
3276,3212
3276,3214
3276,845
3276,957
4615,1251
4615,1290
4615,2608
3145,3386
3145,2018
3145,91
3145,1437
3145,3123
4616,4310
4617,1370
4617,1403
4617,2028
4617,3389
4617,1290
3869,3831
3869,3234
3869,1452
3869,3855
3869,1477
3869,4498
3869,2811
3869,1478
3869,2922
3869,3878
4618,3654
4618,4410
4618,2488
4618,979
435,1173
435,2053
435,709
435,2615
435,1226
537,496
537,519
537,521
537,4463
3011,92
3011,3411
3011,3123
3011,1464
3011,3141
1807,1696
1807,1697
1807,2454
1807,2280
1807,1758
4619,490
4619,496
4619,497
4619,523
3012,2951
3012,2961
3012,1179
3012,92
3012,4318
3012,4321
3012,194
3012,2913
3012,3005
3012,3010
3012,3014
3012,3019
3012,3020
4620,1184
4620,189
4620,3226
4620,4433
4621,4079
4621,1852
4621,1740
4621,1857
4621,2280
4621,3411
3013,194
3013,2645
3013,2907
3013,3123
3013,1464
3013,2913
3013,1608
3013,3009
5629,2756
5629,480
5629,60
5629,4741
5629,123
5629,5632
3672,1520
3672,1521
3672,3955
3672,3959
3672,925
3672,3664
3672,4628
3014,1255
3014,2989
3014,2993
3014,2999
3014,1884
3014,3012
3014,3016
3014,3019
3277,1031
3277,1184
3277,190
3277,92
3277,3222
3277,936
3277,2924
318,1403
318,270
318,273
318,293
318,2275
318,1740
318,957
318,319
318,320
319,2502
319,318
319,320
986,2608
986,849
2927,4808
2927,5240
2927,4940
2927,2894
2927,2603
2927,1188
2927,102
2927,1464
2927,2913
2822,4342
2822,3654
2822,2804
2822,2806
2822,5635
987,2447
987,1168
987,2241
987,849
987,648
987,3262
3673,5049
3673,4111
3673,3510
3673,5269
3673,3525
3673,1547
3673,1430
3673,1433
3673,2762
3673,2771
3673,1443
3674,3510
3674,3646
1350,3642
1350,3651
1350,3848
1350,4750
1350,1580
1350,3664
1350,1357
879,845
879,849
879,4517
879,886
3347,896
3347,3384
3347,924
3347,1179
3347,3401
3347,1479
3347,3361
4622,4728
4622,2255
4622,4628
3675,3889
3675,3510
3675,3634
3675,1857
3676,3510
3676,2762
3676,849
3676,3654
3676,964
3676,3687
3676,1001
988,849
988,3654
988,956
988,984
988,1006
989,3173
989,2744
4623,4340
4623,2766
4623,4624
4624,480
4624,2762
4624,4768
1618,1553
1618,4740
1618,1574
1618,1584
1618,1472
4625,2455
4625,1841
4625,2613
4625,2614
4625,4321
4625,1479
3870,3852
3870,1452
3870,3855
3870,1200
1808,1740
1808,1438
1808,2280
1808,3411
1808,2904
3792,3720
3792,30
3792,4737
3792,4739
3792,3397
3792,186
3677,3589
3677,5022
3677,3485
3677,3510
3677,3575
3678,3485
3678,3510
3678,5531
3678,1433
990,959
1500,1168
1500,1430
1500,3391
1500,1433
1500,1290
1500,1574
2928,2860
2928,1432
2928,2286
2928,3123
2928,2915
2929,5284
2929,175
2929,3400
2929,4319
2929,2904
2929,3233
2929,2906
2929,1479
1809,1632
1809,1926
1809,1738
1809,1932
1809,1857
1809,1743
1809,1437
1809,1966
1809,1970
1809,3161
2930,2888
2930,480
880,2347
880,92
880,2615
880,123
663,2242
663,480
663,598
663,2265
663,600
3871,2807
3577,2347
3577,2393
3577,66
3577,3654
2320,3388
2320,2241
2320,2242
2320,593
2320,2295
2320,2296
2320,665
3578,3480
3578,3510
3578,30
3578,1184
3578,1343
3872,3852
3872,2262
3872,4740
3872,1183
3872,3855
3872,2774
3146,1161
3146,1167
3146,1168
3146,1171
3146,1172
3146,1184
3146,1194
3146,1575
3146,3123
3146,3664
4626,4241
4626,2457
4626,2599
3679,1380
3679,1382
3679,4081
3679,3510
3679,3255
3679,3144
3679,4633
3679,3149
3679,1812
4627,4278
4627,495
4628,896
4628,4027
4628,5237
4628,4713
4628,3786
4628,4622
4629,1696
4629,2267
4629,2613
4629,1440
4629,1758
4629,3802
3793,5408
3793,3705
3793,5265
3793,2897
3793,3335
3793,1450
3793,3123
3793,1464
3793,3765
3793,4629
3794,2347
3794,5777
3794,4838
3794,480
3794,3796
3794,3797
3794,3798
3794,4630
3794,3579
3794,3801
3794,3804
3794,3816
3794,5650
3795,2590
3795,3400
3795,2908
3795,3794
3795,3796
3795,3797
3795,3817
3796,5181
3796,2897
3796,2908
3796,3776
3796,3794
3796,3795
3796,3797
3796,4630
3796,3579
3796,3802
3796,3803
3796,4685
3796,3816
3796,3817
3797,3761
3797,3776
3797,3794
4965,2161
4965,5572
4965,4939
4965,5271
4965,4715
3798,5677
3798,4896
3798,4902
3798,5144
3798,1414
3798,3400
3798,1464
3798,3795
3798,3796
3798,3799
3798,3579
3799,3611
3799,4941
3799,3758
3799,2904
3799,3780
3799,3781
3799,3794
3799,3798
3799,4630
3799,3815
3800,5293
3800,3763
4630,3511
4630,846
4630,4742
4630,3797
4630,4686
3579,3728
3579,5682
3579,5144
3579,3511
3579,2908
3579,3772
3579,3798
3801,2239
3801,2242
3801,3400
3801,3804
3802,2273
3802,3579
3802,3803
3803,2908
3803,3802
3804,1414
3804,3801
2931,66
2931,2608
2931,2633
2931,2907
2931,1479
4843,4800
4843,4839
4843,588
4843,2239
4843,2265
4843,2266
4843,2615
4843,192
4843,2322
4843,2334
1810,1694
1810,2106
1810,1935
1810,1821
3680,1434
3680,1439
991,925
991,849
4631,3395
218,4245
218,1184
218,185
218,87
218,3224
218,3264
2681,1392
2681,5255
2681,5293
2681,2644
2681,2651
2681,4964
2083,2038
4632,1263
4632,4279
4632,2239
2823,4251
2823,2810
1351,2234
1351,2236
1351,4291
1351,2239
1351,1290
4633,3555
4633,1430
4633,1579
3805,2354
5630,5572
2824,2795
2824,2813
2825,2762
2825,2824
3873,1419
3873,3219
3873,1456
3147,3123
4966,4941
2682,5715
2682,1392
2682,2608
2682,1319
2682,2909
2682,4763
4844,4813
4844,5375
4844,5376
4844,4943
4844,5263
4844,3511
4844,3513
4844,5271
4844,5299
4844,5300
1501,1372
1501,5438
1501,4899
1501,5236
1501,5237
1501,4813
1501,4826
1501,5269
1501,5271
1501,4827
1501,4828
1501,1410
1501,1411
3148,3123
1231,1165
1231,1168
1231,1169
1231,1172
1231,1176
1231,37
1232,2005
1232,1152
1232,1157
1232,1168
1232,1169
1232,4291
1232,709
1232,381
1232,3411
3806,2566
3806,2479
3806,3761
3806,2676
4634,4168
3149,4266
3149,3123
3149,3144
4635,1390
4635,4738
4635,2619
4636,374
4636,376
4636,4614
4637,2221
4637,4321
3681,3547
436,592
436,435
1886,2119
1886,4484
2513,2347
5395,5396
5395,5397
5395,5398
5395,5399
5396,5247
5396,5397
5396,5399
5397,5395
5397,5396
5397,5398
5397,5399
5398,4926
5398,5395
5398,5399
5399,5247
5399,5253
5399,4940
5399,3317
5399,1463
5399,5395
5399,5398
664,553
664,2266
1502,2457
5400,5236
5400,5249
5400,5369
5400,5253
5400,5380
5400,5255
5294,4834
5294,5295
5295,5204
5295,3757
5295,4931
5295,5294
3015,2999
3015,3001
3015,3012
3016,2999
3016,3014
3016,3015
3017,1538
2826,4719
2826,3203
2826,4736
2826,2762
2826,4755
2826,968
3682,3485
3682,3510
3682,3529
4638,2025
4638,2061
4638,2279
4638,1854
4638,1873
4638,2301
881,2723
881,2762
881,854
5631,5557
5631,5654
3278,4741
3348,3287
3348,1588
3807,3808
3807,2932
3808,3807
2932,3807
4639,1435
4640,2347
4640,2765
3349,842
3349,3332
3349,3852
3349,1489
3350,3287
3350,1588
3350,3348
3350,3351
3351,3293
3351,1588
3351,3350
2514,2347
2514,1841
4641,2234
4641,1285
4641,1290
4641,1292
3018,1479
3018,3012
1887,2347
1887,1705
1887,1860
1887,1440
1887,2120
2827,2762
437,376
437,381
2321,1697
2321,2241
2321,2279
2321,1872
4967,2553
4967,4942
4967,1295
144,846
144,101
1233,1168
1233,4738
1233,1183
1233,1447
1233,1580
438,1707
438,1711
438,376
438,1184
438,1738
438,1857
4642,4738
4642,1291
4642,2615
4643,1213
145,44
145,66
145,185
2828,2762
2828,2781
4644,2262
4644,2600
4644,1487
1619,4926
1619,3212
1619,1567
1619,3279
3279,4926
3279,1171
3279,1184
3279,1567
2515,2347
2515,1655
2515,2458
2515,1857
2515,2622
2516,2355
2516,2592
1811,98
1811,2615
1811,1846
1811,1857
1811,2616
1811,1752
1812,1707
1812,1857
1812,3679
3352,1183
3352,1588
439,1700
439,50
439,103
439,1296
5296,4818
4645,4738
4646,2347
2683,190
2683,92
2683,2610
2684,50
2684,68
4647,4719
4647,846
4647,2613
4647,1503
5739,5564
5739,2762
1503,1429
1503,1433
1503,3400
1503,1459
1503,4487
1503,1336
882,3173
882,4926
882,373
882,3395
882,67
882,2606
882,2613
882,849
882,195
882,3234
2829,3699
2829,2563
2829,709
2829,66
2829,3217
2829,1183
2829,2762
2829,84
2829,95
2829,4342
2829,3225
2829,205
2829,2637
2829,2639
3580,3391
3580,3412
146,2561
146,17
146,2610
146,487
146,490
146,496
146,2685
2685,2561
2685,17
2685,84
2685,2610
2685,3264
2685,146
5632,5565
5632,5615
5632,480
5632,5629
5633,4254
5633,5632
147,54
5401,3455
5401,1550
4648,2762
4648,4751
4648,1443
992,2699
992,2762
992,849
2686,2454
2686,2601
2686,3407
2686,2474
2686,1320
4649,2347
1066,563
1066,1028
1066,1030
1066,376
1066,1031
1066,1067
440,364
440,1424
440,376
440,1843
440,2279
3353,2810
4650,4726
4650,851
441,376
441,2465
441,4748
3150,1580
3581,3510
3581,1183
1504,2593
1504,1435
1352,3378
1352,1183
4651,1169
4651,4291
4651,4387
2933,1464
1972,1952
1813,66
1813,1724
1813,1726
1813,1851
2151,566
2151,586
2151,622
2151,2117
2151,2121
2151,1875
3019,2961
3019,2999
3019,3012
3019,3014
3020,3012
3020,3014
3020,3015
3020,3019
5153,5069
1814,1740
1814,1935
1814,1939
1814,1940
1814,1857
1814,1944
3354,3514
3354,3326
3354,3845
3354,1572
1353,1255
1353,3411
1353,1354
1354,4118
1354,1353
320,2347
320,5705
320,1740
320,318
2517,2347
2517,2241
2517,320
2518,2347
2518,2592
2518,2018
2518,2260
2518,2278
2518,107
2518,318
5154,5021
5154,5022
5154,1432
5154,5155
5155,5154
5155,3355
3355,5021
3355,5155
883,1644
883,868
883,2322
2322,4843
2322,883
2322,2533
3428,2270
3428,3421
4652,1931
4652,1932
4652,1935
4652,1936
4652,1940
4653,1924
4653,1931
4653,1932
4653,1936
4653,4652
3809,2903
3809,3761
3809,3783
3809,3791
3356,1588
5156,5022
5156,3511
5156,3513
3810,3744
3810,3511
3810,3401
884,4999
884,3507
884,849
3429,3
3429,3394
3429,3400
3429,186
3429,3403
3811,1392
3811,4931
3811,3761
3811,3812
3812,1392
3812,3761
3812,4964
3812,3811
2687,2608
2687,935
2687,4964
5402,4942
5402,5384
2084,2242
2084,2044
2084,4298
2084,714
2084,2056
1355,937
1355,4548
885,3510
885,928
885,67
885,3411
885,3670
4654,3623
4654,2026
4654,2600
1356,3511
1356,1290
1356,3571
1505,2594
1505,66
3874,1165
3874,3848
3874,3850
3874,3853
3874,1183
3874,4319
3874,1197
3874,3855
3151,3120
4655,4167
4655,2762
4655,4340
4656,49
4656,107
1620,1556
1620,1567
1620,1575
1620,1584
1620,1607
993,5373
993,850
442,1170
442,1031
442,83
442,1035
442,293
442,1038
5535,5415
5535,5441
5535,5444
5535,1579
5535,3337
2323,380
2323,1854
2323,2470
2323,622
2152,3386
2152,714
2152,3400
2152,1437
2152,2117
3152,3123
5297,5377
5298,5253
5298,3430
5298,4972
4968,4942
3430,3394
3430,3400
3430,186
3430,223
4969,5233
4969,5266
4969,5281
4969,2895
4969,4968
886,4517
1815,1662
1815,1937
1815,1743
1621,1548
1621,1551
1621,1573
1621,1617
443,376
443,420
443,432
444,376
444,381
2830,2252
2830,290
2830,1761
3683,3510
3683,3633
3684,3683
4657,4729
4657,2232
4657,2762
4657,3226
4657,521
1067,2025
1067,1028
1067,1030
1067,376
1067,1031
1067,1032
1067,1066
2831,480
2831,2783
445,2242
445,592
445,1068
1068,2241
1068,2051
1068,1028
1068,1030
1068,1031
1068,2324
2324,2241
2324,376
2324,416
2324,445
2324,1068
219,185
2519,2347
2519,2276
2519,2466
2519,4658
4658,2466
3431,3331
3431,1169
3431,1170
3431,1183
3431,3347
3431,1506
3431,5650
1506,1169
1506,3431
3432,3400
3432,3410
3432,3412
4659,4291
4659,2241
4659,1740
4659,1931
4659,1932
4659,1936
1622,1573
1622,1575
1622,1613
5403,5373
5403,5384
5403,5288
2688,2609
2325,2018
2325,2241
2325,103
4660,4232
4660,376
4660,609
4660,403
4660,444
2689,1255
446,353
446,1838
446,2052
446,376
446,381
446,293
3685,3613
3685,3510
3685,4386
3685,3572
4661,1184
4661,3250
1069,705
1069,1028
1069,1031
1069,601
3686,3593
3875,3400
1507,1380
1507,1381
1507,3645
1507,1438
1507,3237
538,88
538,3218
538,498
538,499
538,500
538,3226
538,2775
538,3243
2520,2278
4845,4778
4845,4837
2521,2347
2521,2616
4662,2449
4662,1738
4662,1739
4662,1935
4662,4362
887,846
887,480
887,3400
887,849
887,851
887,866
887,888
888,838
888,849
888,2774
888,887
4663,2762
4663,2787
447,448
448,709
448,376
3813,3779
1623,1570
1623,1575
1623,1610
449,376
148,66
148,3400
148,1184
148,1292
148,3234
4664,92
450,364
450,432
450,440
2522,2347
2522,2580
1973,1724
1973,1936
1973,1855
1973,1858
1973,2690
1973,2691
2690,2608
2690,1724
2690,1746
2690,1791
2690,1973
2690,2691
2691,66
2691,2610
2691,1724
2691,1746
2691,1791
2691,1973
2691,2690
2691,2692
2692,2610
2692,2691
4665,1828
4665,4281
4665,1426
4665,2278
4665,4754
4665,1872
4665,2117
5740,2880
5740,2983
5740,3058
5740,3021
3021,1464
451,74
451,293
451,4455
451,1816
1816,2242
1816,66
1816,2279
1816,616
1816,2468
1816,1747
1816,2616
1816,451
4666,4738
4666,4419
4666,4604
994,849
994,3654
4667,830
4667,1179
4667,931
4667,958
4667,982
4667,983
4667,996
995,3654
995,951
996,849
996,3654
996,1001
997,849
997,951
998,897
998,849
998,3654
998,953
998,958
998,3676
998,4670
999,849
999,3654
999,873
3687,3510
3687,3676
1000,795
1000,849
1000,951
1000,998
1001,4211
1001,4590
1001,1002
1002,951
1002,1001
3688,3510
1974,1931
1974,1932
1974,1935
1974,1940
1974,1857
1974,1958
2523,2347
4668,2701
4668,2710
4668,4739
4668,2762
4668,200
4668,4415
4668,4419
2326,2241
3689,3628
5634,5557
5634,5656
5299,4844
5300,4844
5536,5521
5157,3088
5158,5112
452,362
452,376
452,383
452,291
452,2280
452,4756
452,409
452,419
3153,2393
3153,5144
2153,2240
2153,2252
2153,2615
2153,2113
2153,2117
2154,2252
2154,600
2154,2279
2154,2117
2154,2153
1624,1517
1624,1575
2155,3388
2155,2252
2155,2117
2156,2018
2156,2021
2156,38
2156,2275
2156,2278
2156,2615
2156,2117
2157,1864
2157,1865
2157,2117
2157,2119
2157,2124
2693,2594
2693,1290
2693,2603
2693,2608
3154,3080
3154,3123
3154,3131
3154,3157
3155,3080
3155,3154
1003,5475
1003,849
1003,985
1625,4784
1625,1391
1625,4803
1625,1566
1625,1573
1625,1575
321,232
321,4742
321,289
321,293
321,616
321,3333
1357,3664
1357,1350
1975,1668
1975,2615
1975,1846
1975,1734
1975,1936
1975,1863
453,592
453,376
453,4308
453,1575
5635,5565
5635,5572
5635,2761
5635,76
5635,4342
5635,2822
2934,1438
2934,3411
2934,1572
2934,1575
2934,1579
2934,1464
4669,1277
4669,2022
4669,4289
4669,3850
4669,1433
4669,3400
4669,3401
5636,5600
5636,2608
5636,2909
5636,1464
5636,5637
5637,2888
5637,2907
5637,2909
5637,1464
5637,1479
4970,4890
4970,4803
4970,4930
4970,5530
4970,1438
5159,4984
5159,5013
5159,3061
3357,2804
5301,5257
5301,3516
3358,3845
3358,1171
3358,1172
3358,1175
3358,593
3358,63
3359,3845
3876,3857
3876,852
3877,3828
3877,3838
3877,3852
3877,1183
3877,3855
3877,3870
2524,2347
2524,2615
5404,4920
5404,5383
1234,1171
1234,4738
1234,2600
1234,1294
1234,2903
1235,3109
1235,3128
2525,2459
2525,2615
2525,2141
3156,3123
1236,1167
1236,1171
1236,3848
4846,4809
4846,1290
3582,2180
3582,3534
3582,4731
3157,3040
3157,3080
3157,3154
322,3091
322,1177
322,184
322,376
322,290
322,293
322,303
454,1177
454,376
454,86
2526,2351
4670,3654
4670,1479
4670,959
4670,998
3280,2498
1508,3511
1508,1167
1508,2255
1976,1932
1976,1935
1976,1936
1976,1941
1976,1809
1070,592
1070,1031
1070,1183
1070,381
2327,2242
3690,5410
3690,3510
889,2897
889,3400
889,851
889,3347
5302,4813
4671,592
4671,50
4671,2279
4671,4496
1817,4019
1817,1289
1817,1857
1509,1433
1509,1440
5160,2970
5160,5060
5160,3326
5160,1595
220,3212
220,1184
220,91
220,195
220,3253
220,3256
455,376
455,454
2694,2608
2694,2644
4672,4740
4672,2608
4672,2640
4672,2644
4672,2694
4673,3654
4673,4549
4673,978
2527,2347
2527,1841
2527,2106
1004,892
1004,849
665,2105
665,598
665,2279
665,626
665,2066
665,2295
665,646
2528,2347
2528,2028
2528,2280
4847,4813
4847,5377
4847,5252
4847,5257
3158,3123
5161,1580
763,738
2832,480
2832,2762
2832,2838
4674,1575
4674,4489
764,713
764,731
765,713
765,731
3281,70
3281,92
4675,179
890,4225
890,177
890,849
4676,4225
4676,60
4676,937
2529,2347
3583,3510
3583,3511
456,374
456,376
456,482
456,2269
457,376
457,290
5537,5514
5537,5521
4848,4838
1626,1575
1626,4764
2935,2897
2935,1179
2935,103
1237,1423
1237,1167
1237,1168
1237,1169
1237,1171
1237,2018
1237,1223
1238,1106
1238,1118
1238,1168
1238,2018
1238,1201
1238,1237
4849,5293
4849,4972
3360,1550
3360,3201
3360,1589
3360,3159
3159,3066
3159,189
3159,3360
5162,5023
5162,5095
5303,5268
5304,5305
5305,3510
5306,5305
766,3394
766,713
766,719
766,726
766,60
2530,2347
5163,5021
5163,5084
5405,4985
5405,5238
5405,5358
5405,5254
4677,3844
4677,194
4677,1451
2328,1720
4678,4445
1239,1164
1239,1167
1239,2496
4679,91
4679,3571
1818,1734
2531,1707
2531,2061
2085,4291
2085,2238
2085,2242
2085,2028
2085,2050
2085,714
2085,2265
2329,2012
2329,2238
2329,2311
2329,2330
2330,4291
2330,2242
2330,2329
1240,3331
1240,1230
1071,1031
1071,87
1071,399
2532,1319
3691,3510
4770,4698
5741,5371
5741,5252
5741,4940
4680,4738
4680,1183
4680,2781
221,845
221,222
222,221
3878,1433
3878,1452
3878,3862
3878,4498
3814,20
3814,3400
1819,3388
1819,2107
1819,2331
1819,2332
1819,666
1819,767
1819,2334
2331,2238
2331,2242
2331,1819
2331,2332
2331,666
2331,767
2331,2334
2332,2241
2332,2242
2332,598
2332,2265
2332,2107
2332,4843
2332,1819
2332,2331
2332,666
2332,2333
2332,767
2332,2334
666,2242
666,2107
666,1819
666,2331
666,2332
666,767
666,2334
2333,2276
2333,1819
2333,2332
2333,666
2333,767
2333,2334
767,713
767,714
767,719
767,598
767,2279
767,2331
767,2332
767,666
767,2334
2334,2242
2334,598
2334,2265
2334,3400
2334,1819
2334,2331
2334,2332
2334,666
2334,2333
2334,767
3879,3844
3879,3851
3879,3857
3879,2774
4681,2105
3584,3510
3584,3543
3584,4736
5307,2393
5307,1841
5307,2278
4971,4941
3433,4333
4682,3938
4682,978
3692,5219
1820,1857
1820,1764
1005,2038
1005,849
5406,4868
5406,5332
5406,4940
5406,4826
3585,3499
3585,3507
3585,3510
3585,3853
4972,5335
4972,4892
4972,5230
4972,4931
4972,4933
4972,4940
4972,4941
4972,4942
4972,4826
5407,5234
5407,4932
5407,4938
5407,5258
5407,4972
5407,5308
4973,4940
4973,4831
4973,4832
4973,3382
4973,4952
4973,4972
5538,5409
5538,4932
5538,4942
5538,91
5308,4932
5308,4941
5308,4972
5308,4973
5164,5022
5164,5049
5164,3500
5164,3813
5164,5540
5539,5521
5539,2906
5540,796
5540,5412
5540,5451
5540,5465
5540,3611
5540,5022
5540,5049
5540,5063
5540,3102
5540,5164
5541,5418
5541,5421
5542,5427
5542,4715
5542,5543
3815,3708
3815,4291
5543,1370
5543,1403
5543,4266
5543,4287
5543,4291
5543,4296
5543,3389
5543,1567
5543,5542
5543,5543
5544,3401
3586,3510
891,4297
891,849
891,868
4683,2347
4683,3696
4683,4334
4974,4914
4974,4948
4974,3411
5309,3784
4684,4283
5742,5706
5742,1184
5638,5651
4850,4809
4850,4811
4850,4839
5545,4839
5545,3784
4685,2242
4685,2047
3816,4715
3816,3547
3817,2897
3817,3794
3817,3795
2936,1464
5743,1183
5743,79
5743,97
5743,5747
1358,3297
1358,1464
1358,2937
2937,3519
2937,1438
2937,1464
2937,1358
5639,5572
5639,5651
5639,5656
5640,5639
5640,5656
5641,5644
5642,5643
5642,5644
5643,5641
5643,5642
5643,5644
5644,5641
5644,5642
5644,5643
2833,896
2833,3380
2833,924
2833,2227
2833,480
2833,3400
2833,2774
2833,3654
2833,2785
2833,2801
5645,5646
5645,5651
4686,4167
4686,4630
2938,1464
2938,2919
5744,1464
5745,4813
5745,5359
5745,5373
5745,5379
5745,5380
5745,5381
5745,5389
5746,1519
5746,5707
5895,5662
5895,5564
5895,5705
5895,5707
5895,5708
5895,1183
5895,1184
5895,2762
5895,3411
5895,194
5895,1448
5646,5548
5646,5603
5646,5608
5646,5647
5646,5648
5646,5651
5647,5548
5647,5586
5647,5603
5647,480
5647,5646
5647,5648
5647,5651
5648,5548
5648,5566
5648,5646
5648,5647
5648,5654
5649,5547
5649,5659
5649,5673
5649,5564
5649,5578
5649,5579
5649,5732
5649,480
5649,5639
5649,5650
5649,5651
5649,223
5649,5657
5650,5547
5650,5548
5650,5549
5650,5563
5650,5564
5650,5705
5650,5566
5650,5706
5650,5572
5650,5578
5650,5580
5650,5581
5650,5585
5650,5586
5650,5587
5650,5589
5650,5591
5650,5592
5650,5597
5650,5601
5650,5604
5650,5605
5650,5606
5650,5607
5650,5611
5650,5612
5650,5613
5650,2860
5650,2871
5650,5625
5650,5626
5650,1422
5650,480
5650,1183
5650,2907
5650,5627
5650,1464
5650,957
5650,5628
5650,5737
5650,2930
5650,5636
5650,5649
5650,5657
5651,5546
5651,5547
5651,5572
5651,5574
5651,5603
5651,5625
5651,2763
5651,1452
5651,5628
5651,5646
5651,5647
5747,5658
5747,5693
5747,5696
5747,5709
5747,5713
5747,5715
5747,5717
5747,66
5747,2603
5747,2608
5747,2613
5747,5734
5747,5748
5652,5654
5653,5564
5653,5613
5653,1179
5653,480
5653,5649
5653,5650
5653,5652
5653,5654
5654,5557
5654,5566
5654,5572
5654,5574
5654,5626
5654,5634
5654,5645
5654,5650
5654,5651
5654,5653
5654,223
5654,5657
223,20
223,57
5655,5607
5655,5654
5656,5570
5656,5571
5656,480
5656,5634
5656,5639
5656,5646
5656,5647
5656,5651
5656,5654
5748,5715
5748,2608
5748,2644
5748,5743
5748,5650
5748,5747
5657,5547
5657,5548
5657,5549
5657,5554
5657,5557
5657,5571
5657,5572
5657,5574
5657,5587
5657,5602
5657,5604
5657,5607
5657,5617
5657,5624
5657,5649
5657,5651
458,376
458,3400
458,2280
458,1758
3160,5659
3160,5741
5896,2842
5896,5776
5896,3372
5896,2452
5896,2459
5896,2686
5896,3434
2939,4803
2939,3141
2533,2401
2533,103
2533,2501
3434,3372
3434,2601
3434,2663
2534,2241
2534,3400
2534,3401
2534,289
2940,4887
2940,2921
2941,194
2941,3237
2941,1464
2941,2919
2941,2943
2942,2999
2942,3015
2943,194
2943,3255
2943,1464
2943,2919
2943,2941
2943,2944
5897,2401
5897,849
5897,5860
5897,1464
5897,2921
5897,5893
5897,2533
2944,1464
2944,1479
2944,2943
2945,846
2945,1184
2945,1464
3818,2347
1241,1149
1241,2496
1241,3161
3161,1177
3161,66
3161,1858
3161,3123
3161,1809
3161,1241
4687,60
4687,190
1821,1857
667,2265
667,668
668,2242
668,846
668,2265
668,667
668,669
669,2241
669,2242
669,2252
669,600
669,2295
669,668
2158,2347
2158,2018
2158,2021
2158,37
2158,92
2158,103
2158,2081
1822,1289
1822,1857
3435,5705
3435,3511
2159,2090
2159,2061
2159,2279
2159,1846
3361,3384
3361,3400
3361,3347
2834,4015
4688,2347
4688,2599
459,1170
459,1171
459,1172
459,383
459,295
459,1450
459,3250
3162,2393
3162,186
3162,1438
3162,4758
3162,3122
3162,3123
2835,1443
3819,3719
3819,1403
3819,3761
3819,3772
460,3181
460,1700
460,1296
460,1044
460,439
2836,2703
4689,88
4690,4224
1006,849
5165,5022
5165,5026
5165,5098
5165,5115
5165,5140
5165,3544
5165,2451
5165,1559
5165,1561
5165,5151
4691,3901
4691,4164
4691,4168
4691,713
1627,1386
1627,1439
461,2215
461,288
461,372
461,2762
461,290
461,413
5166,5022
670,577
670,60
670,2265
670,601
4975,5229
4975,4942
4975,4951
2695,3058
2695,66
2695,1852
2837,4355
5310,4813
5310,4943
5310,5257
5310,4826
5310,5271
1823,2347
1823,1696
1823,271
1823,280
1823,1752
2160,2282
2160,2117
1888,2275
1888,1850
1888,1854
1888,1864
1888,1865
462,403
3282,3213
3282,3846
3283,3201
3284,3213
3285,3286
3362,842
3362,1588
3362,3363
3363,842
3363,1588
3363,3362
2335,2207
2335,2027
2335,2031
2335,1433
4692,591
4692,1854
4692,2107
3163,3411
3163,3120
3163,3123
3163,3147
3286,3167
3286,3204
3286,3212
3286,3213
3286,1184
3286,4750
3286,623
3286,854
3286,3285
3022,2999
3022,3140
3364,3332
5167,5022
5167,5125
5167,5127
5167,5144
5167,5168
5168,5022
5168,5124
5168,5125
5168,5126
5168,5167
2336,2241
2838,4226
2838,2761
2838,60
2838,2762
2838,4754
2838,2832
2839,2762
2839,3654
4693,1433
4693,4319
3587,3510

