id,title,category
0,Skew-Hermitian,Category:Abstract_algebra
1,Information algebra,Category:Abstract_algebra
2,Concatenation (mathematics),Category:Abstract_algebra
3,Order of operations,Category:Abstract_algebra
4,Near-semiring,Category:Abstract_algebra
5,BCK algebra,Category:Abstract_algebra
6,Predual,Category:Abstract_algebra
7,Nowhere commutative semigroup,Category:Abstract_algebra
8,Biquandle,Category:Abstract_algebra
9,Canonical basis,Category:Abstract_algebra
10,Artinian ideal,Category:Abstract_algebra
11,Monus,Category:Abstract_algebra
12,Proofs involving the addition of natural numbers,Category:Abstract_algebra
13,Bifundamental representation,Category:Abstract_algebra
14,Alternativity,Category:Abstract_algebra
15,Poincar space,Category:Abstract_algebra
16,Polynomial expression,Category:Abstract_algebra
17,Dual basis in a field extension,Category:Abstract_algebra
18,Formal derivative,Category:Abstract_algebra
19,Unit ring,Category:Abstract_algebra
20,Arity,Category:Abstract_algebra
21,Cycle graph (algebra),Category:Abstract_algebra
22,Algebraic independence,Category:Abstract_algebra
23,Cyclic permutation,Category:Abstract_algebra
24,Polarization of an algebraic form,Category:Abstract_algebra
25,Algebraically compact module,Category:Abstract_algebra
26,Expression (mathematics),Category:Abstract_algebra
27,Generating set,Category:Abstract_algebra
28,Complement (set theory),Category:Abstract_algebra
29,Iterated binary operation,Category:Abstract_algebra
30,Power set,Category:Abstract_algebra
31,Interior algebra,Category:Abstract_algebra
32,Pseudogroup,Category:Abstract_algebra
33,Pseudo-ring,Category:Abstract_algebra
34,Idempotence,Category:Abstract_algebra
35,Distributive property,Category:Abstract_algebra
36,Zero divisor,Category:Abstract_algebra
37,Intersection (set theory),Category:Abstract_algebra
38,Union (set theory),Category:Abstract_algebra
39,Operation (mathematics),Category:Abstract_algebra
40,Variety (universal algebra),Category:Abstract_algebra
41,Unital algebra,Category:Abstract_algebra
42,Algebraic K-theory,Category:Abstract_algebra
43,List of algebraic structures,Category:Abstract_algebra
44,Universal algebra,Category:Abstract_algebra
45,Homological algebra,Category:Abstract_algebra
46,Free object,Category:Abstract_algebra
47,Inverse limit,Category:Abstract_algebra
48,Direct limit,Category:Abstract_algebra
49,Abstract algebra,Category:Abstract_algebra
50,Module (mathematics),Category:Abstract_algebra
51,List of abstract algebra topics,Category:Abstract_algebra
52,Magma (algebra),Category:Abstract_algebra
53,Identity element,Category:Abstract_algebra
54,Algebraic structure,Category:Abstract_algebra
55,Semiring,Category:Abstract_algebra
56,Inverse element,Category:Abstract_algebra
57,Binary operation,Category:Abstract_algebra
58,Grothendieck group,Category:Abstract_algebra
59,Group extension,Category:Abstract_algebra
60,Group (mathematics),Category:Abstract_algebra
61,List of group theory topics,Category:Abstract_algebra
62,General linear group,Category:Abstract_algebra
63,Commutator,Category:Abstract_algebra
64,Special linear group,Category:Abstract_algebra
65,Direct product,Category:Abstract_algebra
66,Vector space,Category:Abstract_algebra
67,Linear map,Category:Abstract_algebra
68,Tensor product,Category:Abstract_algebra
69,Anticommutativity,Category:Abstract_algebra
70,Matrix ring,Category:Abstract_algebra
71,External (mathematics),Category:Abstract_algebra
72,Associative property,Category:Abstract_algebra
73,Involution (mathematics),Category:Abstract_algebra
74,Formal power series,Category:Abstract_algebra
75,Commutative property,Category:Abstract_algebra
76,Multiplicative inverse,Category:Abstract_algebra
77,Zero-product property,Category:Abstract_algebra
78,Cross product,Category:Abstract_algebra
79,Scalar multiplication,Category:Abstract_algebra
80,Additive inverse,Category:Abstract_algebra
81,Additive identity,Category:Abstract_algebra
82,Binary function,Category:Abstract_algebra
83,Algebraically closed field,Category:Abstract_algebra
84,Irreducible polynomial,Category:Abstract_algebra
85,Absolute value (algebra),Category:Abstract_algebra
86,Valuation ring,Category:Abstract_algebra
87,Unique factorization domain,Category:Abstract_algebra
88,Algebraic number field,Category:Abstract_algebra
89,Algebraic number,Category:Abstract_algebra
90,Multiplicative group,Category:Abstract_algebra
91,Linear combination,Category:Abstract_algebra
92,Matrix (mathematics),Category:Abstract_algebra
93,Transpose,Category:Abstract_algebra
94,Eigenvalues and eigenvectors,Category:Abstract_algebra
95,Linear independence,Category:Abstract_algebra
96,Orthogonality,Category:Abstract_algebra
97,Scalar (mathematics),Category:Abstract_algebra
98,Linear span,Category:Abstract_algebra
99,Polarization identity,Category:Abstract_algebra
100,Antihomomorphism,Category:Abstract_algebra
101,Inverse semigroup,Category:Abstract_algebra
102,Euclidean vector,Category:Abstract_algebra
103,Dimension,Category:Abstract_algebra
104,Pointed set,Category:Abstract_algebra
105,Direct sum,Category:Abstract_algebra
106,Quotient module,Category:Abstract_algebra
107,Center (algebra),Category:Abstract_algebra
108,Semiprimitive ring,Category:Abstract_algebra
109,Singular submodule,Category:Abstract_algebra
110,Essential extension,Category:Abstract_algebra
111,Dimension theorem for vector spaces,Category:Abstract_algebra
112,Algebraic element,Category:Abstract_algebra
113,Nearring,Category:Abstract_algebra
114,Heap (mathematics),Category:Abstract_algebra
115,Absorption law,Category:Abstract_algebra
116,Isomorphism class,Category:Abstract_algebra
117,Light's associativity test,Category:Abstract_algebra
118,Band (mathematics),Category:Abstract_algebra
119,Special classes of semigroups,Category:Abstract_algebra
120,Semigroupoid,Category:Abstract_algebra
121,Cancellative semigroup,Category:Abstract_algebra
122,Tower of fields,Category:Abstract_algebra
123,Identity matrix,Category:Abstract_algebra
124,Self-adjoint,Category:Abstract_algebra
125,Problems in loop theory and quasigroup theory,Category:Abstract_algebra
126,GoddardThorn theorem,Category:Abstract_algebra
127,Casus irreducibilis,Category:Abstract_algebra
128,Icosian Calculus,Category:Abstract_algebra
129,IwahoriHecke algebra,Category:Abstract_algebra
130,Racks and quandles,Category:Abstract_algebra
131,Cover (algebra),Category:Abstract_algebra
132,Differential graded algebra,Category:Abstract_algebra
133,Ordered exponential,Category:Abstract_algebra
134,Monogenic semigroup,Category:Abstract_algebra
135,Semigroup with two elements,Category:Abstract_algebra
136,Trivial semigroup,Category:Abstract_algebra
137,Completely regular semigroup,Category:Abstract_algebra
138,Near-field (mathematics),Category:Abstract_algebra
139,HilbertPoincar series,Category:Abstract_algebra
140,Wheel theory,Category:Abstract_algebra
141,Word problem (mathematics),Category:Abstract_algebra
142,Dense submodule,Category:Abstract_algebra
143,Supercommutative algebra,Category:Abstract_algebra
144,Symmetric inverse semigroup,Category:Abstract_algebra
145,Vector spaces without fields,Category:Abstract_algebra
146,Normal basis,Category:Abstract_algebra
147,Homomorphic secret sharing,Category:Abstract_algebra
148,Polynomials on vector spaces,Category:Abstract_algebra
149,Landau's algorithm,Category:Algebra
150,Nested radical,Category:Algebra
151,Digital root,Category:Algebra
152,Factorization,Category:Algebra
153,Rational difference equation,Category:Algebra
154,Trinomial,Category:Algebra
155,Conjugate (algebra),Category:Algebra
156,Continuant (mathematics),Category:Algebra
157,Cluster algebra,Category:Algebra
158,Regular semi-algebraic system,Category:Algebra
159,Anyonic Lie algebra,Category:Algebra
160,K-theory (physics),Category:Algebra
161,Immanant of a matrix,Category:Algebra
162,De Morgan algebra,Category:Algebra
163,Tertiary ideal,Category:Algebra
164,Dixmier conjecture,Category:Algebra
165,Polynomial Diophantine equation,Category:Algebra
166,Idempotent matrix,Category:Algebra
167,Substitution (algebra),Category:Algebra
168,Laws of Form,Category:Algebra
169,The Compendious Book on Calculation by Completion and Balancing,Category:Algebra
170,Freshman's dream,Category:Algebra
171,Binomial,Category:Algebra
172,Polynomial arithmetic,Category:Algebra
173,Goursat's lemma,Category:Algebra
174,Real structure,Category:Algebra
175,Constant (mathematics),Category:Algebra
176,Cycle (mathematics),Category:Algebra
177,Schur algebra,Category:Algebra
178,Partial fraction,Category:Algebra
179,Algebraic function,Category:Algebra
180,Outline of algebra,Category:Algebra
181,Symmetric difference,Category:Algebra
182,Congruence relation,Category:Algebra
183,Automorphism,Category:Algebra
184,Kernel (algebra),Category:Algebra
185,Algebra,Category:Algebra
186,Operator (mathematics),Category:Algebra
187,Algebraic extension,Category:Algebra
188,Distributive lattice,Category:Algebra
189,Coefficient,Category:Algebra
190,Determinant,Category:Algebra
191,Generalizations of the derivative,Category:Algebra
192,Filtration (mathematics),Category:Algebra
193,Canonical form,Category:Algebra
194,Recurrence relation,Category:Algebra
195,Monomial,Category:Algebra
196,Theory of equations,Category:Algebra
197,Completing the square,Category:Algebra
198,Systems of polynomial equations,Category:Algebra
199,Grigorchuk group,Category:Algebra
200,Ratio,Category:Algebra
201,Rank of a group,Category:Algebra
202,Ping-pong lemma,Category:Algebra
203,Absolutely irreducible,Category:Algebra
204,BrahmaguptaFibonacci identity,Category:Algebra
205,Cyclotomic polynomial,Category:Algebra
206,BoseMesner algebra,Category:Algebra
207,Indeterminate (variable),Category:Algebra
208,Algebraic solution,Category:Algebra
209,Symbolic method,Category:Algebra
210,Spherical design,Category:Algebra
211,Median algebra,Category:Algebra
212,Permanent,Category:Algebra
213,Indeterminate equation,Category:Algebra
214,Reduct,Category:Algebra
215,Regular chain,Category:Algebra
216,Triangular decomposition,Category:Algebra
217,TemperleyLieb algebra,Category:Algebra
218,Content (algebra),Category:Algebra
219,New algebra,Category:Algebra
220,Monomial basis,Category:Algebra
221,Board puzzles with algebra of binary variables,Category:Algebra
222,Tentaizu (puzzle),Category:Algebra
223,Operand,Category:Algebra
224,Limaon trisectrix,Category:Algebraic_curves
225,Sectrix of Maclaurin,Category:Algebraic_curves
226,Hippopede,Category:Algebraic_curves
227,Division polynomials,Category:Algebraic_curves
228,Goppa code,Category:Algebraic_curves
229,Weber's theorem,Category:Algebraic_curves
230,Lemniscate of Gerono,Category:Algebraic_curves
231,Weierstrass point,Category:Algebraic_curves
232,ELSV formula,Category:Algebraic_curves
233,Real hyperelliptic curve,Category:Algebraic_curves
234,Stable curve,Category:Algebraic_curves
235,Nagata's conjecture on curves,Category:Algebraic_curves
236,Elkies trinomial curves,Category:Algebraic_curves
237,Bullet-nose curve,Category:Algebraic_curves
238,Polynomial lemniscate,Category:Algebraic_curves
239,Bicuspid curve,Category:Algebraic_curves
240,Three-leaved clover,Category:Algebraic_curves
241,Chiral Potts curve,Category:Algebraic_curves
242,Conchoid of Drer,Category:Algebraic_curves
243,Bow curve,Category:Algebraic_curves
244,Ampersand curve,Category:Algebraic_curves
245,Cramer's paradox,Category:Algebraic_curves
246,Polar curve,Category:Algebraic_curves
247,Bean curve,Category:Algebraic_curves
248,Cruciform curve,Category:Algebraic_curves
249,Trident curve,Category:Algebraic_curves
250,Mordell curve,Category:Algebraic_curves
251,Zariski geometry,Category:Algebraic_curves
252,Acnode,Category:Algebraic_curves
253,Crunode,Category:Algebraic_curves
254,Conchoid of de Sluze,Category:Algebraic_curves
255,Sinusoidal spiral,Category:Algebraic_curves
256,Limaon,Category:Algebraic_curves
257,Bicorn,Category:Algebraic_curves
258,Toric section,Category:Algebraic_curves
259,Cassini oval,Category:Algebraic_curves
260,Quartic plane curve,Category:Algebraic_curves
261,Spiric section,Category:Algebraic_curves
262,Cartesian oval,Category:Algebraic_curves
263,Folium of Descartes,Category:Algebraic_curves
264,De Franchis theorem,Category:Algebraic_curves
265,Clifford's theorem on special divisors,Category:Algebraic_curves
266,Special divisor,Category:Algebraic_curves
267,Belyi's theorem,Category:Algebraic_curves
268,Torelli theorem,Category:Algebraic_curves
269,Epicycloid,Category:Algebraic_curves
270,Deltoid curve,Category:Algebraic_curves
271,Cusp (singularity),Category:Algebraic_curves
272,Bitangents of a quartic,Category:Algebraic_curves
273,Fermat curve,Category:Algebraic_curves
274,Cubic plane curve,Category:Algebraic_curves
275,Singular point of a curve,Category:Algebraic_curves
276,Tacnode,Category:Algebraic_curves
277,List of curves,Category:Algebraic_curves
278,Cissoid of Diocles,Category:Algebraic_curves
279,Lemniscate of Bernoulli,Category:Algebraic_curves
280,Bitangent,Category:Algebraic_curves
281,Compact Riemann surface,Category:Algebraic_curves
282,Twisted cubic,Category:Algebraic_curves
283,Abhyankar's conjecture,Category:Algebraic_curves
284,Klein quartic,Category:Algebraic_curves
285,RiemannHurwitz formula,Category:Algebraic_curves
286,Hurwitz's automorphisms theorem,Category:Algebraic_curves
287,Weierstrass's elliptic functions,Category:Algebraic_curves
288,Modular curve,Category:Algebraic_curves
289,Genus (mathematics),Category:Algebraic_curves
290,Abelian variety,Category:Algebraic_curves
291,Projective line,Category:Algebraic_curves
292,RiemannRoch theorem,Category:Algebraic_curves
293,Algebraic curve,Category:Algebraic_curves
294,Conic section,Category:Algebraic_curves
295,Global field,Category:Algebraic_curves
296,Bzout's theorem,Category:Algebraic_curves
297,Puiseux series,Category:Algebraic_curves
298,Abelian integral,Category:Algebraic_curves
299,Jacobian variety,Category:Algebraic_curves
300,Hyperelliptic curve,Category:Algebraic_curves
301,Imaginary hyperelliptic curve,Category:Algebraic_curves
302,CayleyBacharach theorem,Category:Algebraic_curves
303,Schottky problem,Category:Algebraic_curves
304,HasseWitt matrix,Category:Algebraic_curves
305,Rational normal curve,Category:Algebraic_curves
306,Faltings' theorem,Category:Algebraic_curves
307,Classical modular curve,Category:Algebraic_curves
308,Ribet's theorem,Category:Algebraic_curves
309,Modularity theorem,Category:Algebraic_curves
310,Hasse's theorem on elliptic curves,Category:Algebraic_curves
311,Hilbert's twenty-first problem,Category:Algebraic_curves
312,Theta characteristic,Category:Algebraic_curves
313,Symmetric product of an algebraic curve,Category:Algebraic_curves
314,Plcker formula,Category:Algebraic_curves
315,Gonality of an algebraic curve,Category:Algebraic_curves
316,Mazur's torsion theorem,Category:Algebraic_curves
317,Weil reciprocity law,Category:Algebraic_curves
318,Superellipse,Category:Algebraic_curves
319,Squircle,Category:Algebraic_curves
320,Superegg,Category:Algebraic_curves
321,Hodge bundle,Category:Algebraic_curves
322,Prym variety,Category:Algebraic_curves
323,Hessenberg variety,Category:Algebraic_geometry
324,Chow coordinates,Category:Algebraic_geometry
325,MonskyWashnitzer cohomology,Category:Algebraic_geometry
326,Rigid cohomology,Category:Algebraic_geometry
327,Exceptional divisor,Category:Algebraic_geometry
328,Ruled variety,Category:Algebraic_geometry
329,Base locus,Category:Algebraic_geometry
330,Motivic integration,Category:Algebraic_geometry
331,Abhyankar's lemma,Category:Algebraic_geometry
332,Fondements de la Gometrie Algbrique,Category:Algebraic_geometry
333,Excellent ring,Category:Algebraic_geometry
334,Catenary ring,Category:Algebraic_geometry
335,Nakai conjecture,Category:Algebraic_geometry
336,Direction cosine,Category:Algebraic_geometry
337,ErdsDiophantine graph,Category:Algebraic_geometry
338,Mysterious duality,Category:Algebraic_geometry
339,Nagata ring,Category:Algebraic_geometry
340,Positive form,Category:Algebraic_geometry
341,Algebraic cobordism,Category:Algebraic_geometry
342,NronTate height,Category:Algebraic_geometry
343,Conifold,Category:Algebraic_geometry
344,Hilbert's fifteenth problem,Category:Algebraic_geometry
345,BailyBorel compactification,Category:Algebraic_geometry
346,Irrelevant ideal,Category:Algebraic_geometry
347,Universal algebraic geometry,Category:Algebraic_geometry
348,Flip (algebraic geometry),Category:Algebraic_geometry
349,Rational mapping,Category:Algebraic_geometry
350,Deligne conjecture,Category:Algebraic_geometry
351,Bass conjecture,Category:Algebraic_geometry
352,Drinfel'd module,Category:Algebraic_geometry
353,tale topology,Category:Algebraic_geometry
354,A homotopy theory,Category:Algebraic_geometry
355,Grothendieck connection,Category:Algebraic_geometry
356,Rational point,Category:Algebraic_geometry
357,Abstract algebraic variety,Category:Algebraic_geometry
358,Cubic form,Category:Algebraic_geometry
359,Tangent cone,Category:Algebraic_geometry
360,Tate twist,Category:Algebraic_geometry
361,Combinatorial commutative algebra,Category:Algebraic_geometry
362,NronSeveri group,Category:Algebraic_geometry
363,Generalized Jacobian,Category:Algebraic_geometry
364,Resolution of singularities,Category:Algebraic_geometry
365,Nisnevich topology,Category:Algebraic_geometry
366,Schubert calculus,Category:Algebraic_geometry
367,Schubert variety,Category:Algebraic_geometry
368,Inverse image functor,Category:Algebraic_geometry
369,Formal scheme,Category:Algebraic_geometry
370,Deformation theory,Category:Algebraic_geometry
371,Milnor number,Category:Algebraic_geometry
372,Shimura variety,Category:Algebraic_geometry
373,Homogeneous polynomial,Category:Algebraic_geometry
374,Flat module,Category:Algebraic_geometry
375,Nakayama lemma,Category:Algebraic_geometry
376,Algebraic geometry,Category:Algebraic_geometry
377,Field with one element,Category:Algebraic_geometry
378,Valuation (algebra),Category:Algebraic_geometry
379,Glossary of arithmetic and Diophantine geometry,Category:Algebraic_geometry
380,Generic property,Category:Algebraic_geometry
381,Algebraic variety,Category:Algebraic_geometry
382,Khler differential,Category:Algebraic_geometry
383,Motive (algebraic geometry),Category:Algebraic_geometry
384,Algebraic space,Category:Algebraic_geometry
385,Ring of periods,Category:Algebraic_geometry
386,Grbner basis,Category:Algebraic_geometry
387,Elimination theory,Category:Algebraic_geometry
388,Residue field,Category:Algebraic_geometry
389,Zariski tangent space,Category:Algebraic_geometry
390,Hypersurface,Category:Algebraic_geometry
391,Complete intersection,Category:Algebraic_geometry
392,Crystalline cohomology,Category:Algebraic_geometry
393,Ground field,Category:Algebraic_geometry
394,Differential of the first kind,Category:Algebraic_geometry
395,Italian school of algebraic geometry,Category:Algebraic_geometry
396,Injective sheaf,Category:Algebraic_geometry
397,GromovWitten invariant,Category:Algebraic_geometry
398,Quantum cohomology,Category:Algebraic_geometry
399,Regular local ring,Category:Algebraic_geometry
400,CohenMacaulay ring,Category:Algebraic_geometry
401,Biholomorphism,Category:Algebraic_geometry
402,Algebraic cycle,Category:Algebraic_geometry
403,Ample line bundle,Category:Algebraic_geometry
404,Algebraic geometry of projective spaces,Category:Algebraic_geometry
405,Noncommutative algebraic geometry,Category:Algebraic_geometry
406,RiemannRoch theorem for algebraic curves,Category:Algebraic_geometry
407,Complex dimension,Category:Algebraic_geometry
408,Arithmetic group,Category:Algebraic_geometry
409,Chow ring,Category:Algebraic_geometry
410,Pseudoholomorphic curve,Category:Algebraic_geometry
411,Amoeba (mathematics),Category:Algebraic_geometry
412,Nron model,Category:Algebraic_geometry
413,Generalized Riemann hypothesis,Category:Algebraic_geometry
414,HasseWeil zeta function,Category:Algebraic_geometry
415,Hyperplane section,Category:Algebraic_geometry
416,Noetherian topological space,Category:Algebraic_geometry
417,Arithmetic and geometric Frobenius,Category:Algebraic_geometry
418,Finite morphism,Category:Algebraic_geometry
419,Standard conjectures on algebraic cycles,Category:Algebraic_geometry
420,Fano variety,Category:Algebraic_geometry
421,Toric variety,Category:Algebraic_geometry
422,GrothendieckKatz p-curvature conjecture,Category:Algebraic_geometry
423,GaussManin connection,Category:Algebraic_geometry
424,Locally free sheaf,Category:Algebraic_geometry
425,Buchberger's algorithm,Category:Algebraic_geometry
426,Arakelov theory,Category:Algebraic_geometry
427,Anabelian geometry,Category:Algebraic_geometry
428,Cone of curves,Category:Algebraic_geometry
429,Stable vector bundle,Category:Algebraic_geometry
430,Adjunction formula (algebraic geometry),Category:Algebraic_geometry
431,Hitchin system,Category:Algebraic_geometry
432,Minimal model program,Category:Algebraic_geometry
433,Pencil (mathematics),Category:Algebraic_geometry
434,Galois geometry,Category:Algebraic_geometry
435,Analytic space,Category:Algebraic_geometry
436,Complex analytic space,Category:Algebraic_geometry
437,3-fold,Category:Algebraic_geometry
438,Enneper surface,Category:Algebraic_geometry
439,N! conjecture,Category:Algebraic_geometry
440,Crepant resolution,Category:Algebraic_geometry
441,Wall-crossing,Category:Algebraic_geometry
442,Local parameter,Category:Algebraic_geometry
443,Fano fibration,Category:Algebraic_geometry
444,Logarithmic pair,Category:Algebraic_geometry
445,Constructible sheaf,Category:Algebraic_geometry
446,Normal crossings,Category:Algebraic_geometry
447,Biregular,Category:Algebraic_geometry
448,Regular map (algebraic geometry),Category:Algebraic_geometry
449,CastelnuovoMumford regularity,Category:Algebraic_geometry
450,Relative canonical model,Category:Algebraic_geometry
451,Affine Grassmannian,Category:Algebraic_geometry
452,Adequate equivalence relation,Category:Algebraic_geometry
453,FourierDeligne transform,Category:Algebraic_geometry
454,ZariskiRiemann space,Category:Algebraic_geometry
455,Zariski space,Category:Algebraic_geometry
456,Flat topology,Category:Algebraic_geometry
457,BarsottiTate group,Category:Algebraic_geometry
458,Family of curves,Category:Algebraic_geometry
459,Motivic L-function,Category:Algebraic_geometry
460,Macdonald polynomials,Category:Algebraic_geometry
461,AndrOort conjecture,Category:Algebraic_geometry
462,Frobenius splitting,Category:Algebraic_geometry
463,Tate's thesis,Category:Algebraic_number_theory
464,Local Fields (book),Category:Algebraic_number_theory
465,Minkowski's bound,Category:Algebraic_number_theory
466,Compatible system of -adic representations,Category:Algebraic_number_theory
467,Heegner point,Category:Algebraic_number_theory
468,Gras conjecture,Category:Algebraic_number_theory
469,Cyclotomic unit,Category:Algebraic_number_theory
470,Elliptic unit,Category:Algebraic_number_theory
471,CM-field,Category:Algebraic_number_theory
472,List of number fields with class number one,Category:Algebraic_number_theory
473,Equivariant L-function,Category:Algebraic_number_theory
474,Artin conjecture,Category:Algebraic_number_theory
475,Conductor-discriminant formula,Category:Algebraic_number_theory
476,Supersingular prime (for an elliptic curve),Category:Algebraic_number_theory
477,Arithmetic dynamics,Category:Algebraic_number_theory
478,Hermite's problem,Category:Algebraic_number_theory
479,Unit (ring theory),Category:Algebraic_number_theory
480,Integer,Category:Algebraic_number_theory
481,Group cohomology,Category:Algebraic_number_theory
482,Galois cohomology,Category:Algebraic_number_theory
483,Local field,Category:Algebraic_number_theory
484,Brauer group,Category:Algebraic_number_theory
485,Adele ring,Category:Algebraic_number_theory
486,Abstract analytic number theory,Category:Algebraic_number_theory
487,Galois extension,Category:Algebraic_number_theory
488,Kummer theory,Category:Algebraic_number_theory
489,Frobenius endomorphism,Category:Algebraic_number_theory
490,Galois module,Category:Algebraic_number_theory
491,Splitting of prime ideals in Galois extensions,Category:Algebraic_number_theory
492,Quadratic integer,Category:Algebraic_number_theory
493,Proofs of Fermat's theorem on sums of two squares,Category:Algebraic_number_theory
494,Field norm,Category:Algebraic_number_theory
495,Algebraic integer,Category:Algebraic_number_theory
496,Algebraic number theory,Category:Algebraic_number_theory
497,Ideal class group,Category:Algebraic_number_theory
498,Ring of integers,Category:Algebraic_number_theory
499,Discriminant of an algebraic number field,Category:Algebraic_number_theory
500,Cubic field,Category:Algebraic_number_theory
501,Cyclotomic character,Category:Algebraic_number_theory
502,Newton polygon,Category:Algebraic_number_theory
503,Adelic algebraic group,Category:Algebraic_number_theory
504,P-adic Hodge theory,Category:Algebraic_number_theory
505,Rigid analytic space,Category:Algebraic_number_theory
506,Fractional ideal,Category:Algebraic_number_theory
507,Heegner number,Category:Algebraic_number_theory
508,Fundamental discriminant,Category:Algebraic_number_theory
509,Local Tate duality,Category:Algebraic_number_theory
510,Proofs of quadratic reciprocity,Category:Algebraic_number_theory
511,Euler system,Category:Algebraic_number_theory
512,Modulus (algebraic number theory),Category:Algebraic_number_theory
513,Stark conjectures,Category:Algebraic_number_theory
514,Artin's conjecture on primitive roots,Category:Algebraic_number_theory
515,Narrow class group,Category:Algebraic_number_theory
516,Hasse principle,Category:Algebraic_number_theory
517,Dedekind zeta function,Category:Algebraic_number_theory
518,Class formation,Category:Algebraic_number_theory
519,Abelian extension,Category:Algebraic_number_theory
520,Hilbert's twelfth problem,Category:Algebraic_number_theory
521,Quadratic field,Category:Algebraic_number_theory
522,Class number formula,Category:Algebraic_number_theory
523,Cyclotomic field,Category:Algebraic_number_theory
524,Totally real number field,Category:Algebraic_number_theory
525,Regular prime,Category:Algebraic_number_theory
526,BrumerStark conjecture,Category:Algebraic_number_theory
527,Biquadratic field,Category:Algebraic_number_theory
528,Class number problem,Category:Algebraic_number_theory
529,S-unit,Category:Algebraic_number_theory
530,Local Euler characteristic formula,Category:Algebraic_number_theory
531,Fundamental unit (number theory),Category:Algebraic_number_theory
532,Herbrand quotient,Category:Algebraic_number_theory
533,Different ideal,Category:Algebraic_number_theory
534,Conductor of an abelian variety,Category:Algebraic_number_theory
535,Serre's conjecture II (algebra),Category:Algebraic_number_theory
536,Hilbert's ninth problem,Category:Algebraic_number_theory
537,Leopoldt's conjecture,Category:Algebraic_number_theory
538,Monogenic field,Category:Algebraic_number_theory
539,Sphere spectrum,Category:Algebraic_topology
540,Ring spectrum (homotopy theory),Category:Algebraic_topology
541,Homotopy fiber,Category:Algebraic_topology
542,Abstract polytope,Category:Algebraic_topology
543,Tesseract,Category:Algebraic_topology
544,Symplectic frame bundle,Category:Algebraic_topology
545,Classifying space for O(n),Category:Algebraic_topology
546,BrownPeterson cohomology,Category:Algebraic_topology
547,Euler calculus,Category:Algebraic_topology
548,EilenbergGanea conjecture,Category:Algebraic_topology
549,Whitehead conjecture,Category:Algebraic_topology
550,Double torus knot,Category:Algebraic_topology
551,Lazard's universal ring,Category:Algebraic_topology
552,Ganea conjecture,Category:Algebraic_topology
553,Collapse (topology),Category:Algebraic_topology
554,Directed algebraic topology,Category:Algebraic_topology
555,AlexanderSpanier cohomology,Category:Algebraic_topology
556,Hilton's theorem,Category:Algebraic_topology
557,Simply connected at infinity,Category:Algebraic_topology
558,Simplicial map,Category:Algebraic_topology
559,Direct limit of groups,Category:Algebraic_topology
560,Induced homomorphism (fundamental group),Category:Algebraic_topology
561,Surgery structure set,Category:Algebraic_topology
562,Gysin sequence,Category:Algebraic_topology
563,Irreducible ideal,Category:Algebraic_topology
564,Regular homotopy,Category:Algebraic_topology
565,Barycentric subdivision,Category:Algebraic_topology
566,L-theory,Category:Algebraic_topology
567,ChernWeil theory,Category:Algebraic_topology
568,Equivariant cohomology,Category:Algebraic_topology
569,Morava K-theory,Category:Algebraic_topology
570,Topological modular forms,Category:Algebraic_topology
571,Elliptic cohomology,Category:Algebraic_topology
572,Landweber exact functor theorem,Category:Algebraic_topology
573,Complex cobordism,Category:Algebraic_topology
574,Bockstein homomorphism,Category:Algebraic_topology
575,Vanishing cycle,Category:Algebraic_topology
576,Highly structured ring spectrum,Category:Algebraic_topology
577,Cohomology operation,Category:Algebraic_topology
578,Semi-s-cobordism,Category:Algebraic_topology
579,Intersection homology,Category:Algebraic_topology
580,Simplicial homology,Category:Algebraic_topology
581,Induced homomorphism (algebraic topology),Category:Algebraic_topology
582,Mapping cylinder,Category:Algebraic_topology
583,Steenrod algebra,Category:Algebraic_topology
584,H-space,Category:Algebraic_topology
585,Combinatorial topology,Category:Algebraic_topology
586,Fundamental class,Category:Algebraic_topology
587,Rose (topology),Category:Algebraic_topology
588,Betti number,Category:Algebraic_topology
589,Euler characteristic,Category:Algebraic_topology
590,Simply connected space,Category:Algebraic_topology
591,Degree of a continuous mapping,Category:Algebraic_topology
592,Sheaf (mathematics),Category:Algebraic_topology
593,Fundamental group,Category:Algebraic_topology
594,Free product,Category:Algebraic_topology
595,Covering space,Category:Algebraic_topology
596,Characteristic class,Category:Algebraic_topology
597,List of cohomology theories,Category:Algebraic_topology
598,Homology theory,Category:Algebraic_topology
599,List of algebraic topology topics,Category:Algebraic_topology
600,CW complex,Category:Algebraic_topology
601,Cohomology,Category:Algebraic_topology
602,Classifying space,Category:Algebraic_topology
603,K-theory,Category:Algebraic_topology
604,Spectral sequence,Category:Algebraic_topology
605,ech cohomology,Category:Algebraic_topology
606,Hopf fibration,Category:Algebraic_topology
607,Topological K-theory,Category:Algebraic_topology
608,Sheaf cohomology,Category:Algebraic_topology
609,Line bundle,Category:Algebraic_topology
610,Semi-locally simply connected,Category:Algebraic_topology
611,List of homological algebra topics,Category:Algebraic_topology
612,EilenbergMacLane space,Category:Algebraic_topology
613,Cup product,Category:Algebraic_topology
614,Associated bundle,Category:Algebraic_topology
615,Spin structure,Category:Algebraic_topology
616,Vector bundle,Category:Algebraic_topology
617,Fiber bundle,Category:Algebraic_topology
618,Section (fiber bundle),Category:Algebraic_topology
619,Cobordism,Category:Algebraic_topology
620,Real projective space,Category:Algebraic_topology
621,Solenoid (mathematics),Category:Algebraic_topology
622,Surgery theory,Category:Algebraic_topology
623,Degree (mathematics),Category:Algebraic_topology
624,Formal group,Category:Algebraic_topology
625,Plus construction,Category:Algebraic_topology
626,Thom space,Category:Algebraic_topology
627,Aspherical space,Category:Algebraic_topology
628,Poincar complex,Category:Algebraic_topology
629,Presentation complex,Category:Algebraic_topology
630,Crossed module,Category:Algebraic_topology
631,Abstract simplicial complex,Category:Algebraic_topology
632,Acyclic space,Category:Algebraic_topology
633,Local system,Category:Algebraic_topology
634,Cap product,Category:Algebraic_topology
635,Alexander duality,Category:Algebraic_topology
636,Homotopy lifting property,Category:Algebraic_topology
637,Mapping cone,Category:Algebraic_topology
638,Join (topology),Category:Algebraic_topology
639,Pseudocircle,Category:Algebraic_topology
640,LusternikSchnirelmann category,Category:Algebraic_topology
641,Homeotopy,Category:Algebraic_topology
642,Homotopical algebra,Category:Algebraic_topology
643,VietorisRips complex,Category:Algebraic_topology
644,Adams operation,Category:Algebraic_topology
645,Spinor bundle,Category:Algebraic_topology
646,Serre spectral sequence,Category:Algebraic_topology
647,Whitehead link,Category:Algebraic_topology
648,Knot theory,Category:Algebraic_topology
649,Torus knot,Category:Algebraic_topology
650,Massey product,Category:Algebraic_topology
651,Quasi-isomorphism,Category:Algebraic_topology
652,Chain (algebraic topology),Category:Algebraic_topology
653,Clique complex,Category:Algebraic_topology
654,Symplectic spinor bundle,Category:Algebraic_topology
655,Metaplectic structure,Category:Algebraic_topology
656,Shriek map,Category:Algebraic_topology
657,Godement resolution,Category:Algebraic_topology
658,Cellular approximation,Category:Algebraic_topology
659,Calculus of functors,Category:Algebraic_topology
660,ChernSimons form,Category:Algebraic_topology
661,Nonholonomic system,Category:Algebraic_topology
662,Homotopy extension property,Category:Algebraic_topology
663,Moore space (algebraic topology),Category:Algebraic_topology
664,House with two rooms,Category:Algebraic_topology
665,String topology,Category:Algebraic_topology
666,Size homotopy group,Category:Algebraic_topology
667,DoldThom theorem,Category:Algebraic_topology
668,Infinite symmetric product,Category:Algebraic_topology
669,James reduced product,Category:Algebraic_topology
670,Postnikov square,Category:Algebraic_topology
671,Factorization system,Category:Category_theory
672,Waldhausen category,Category:Category_theory
673,Grothendieck construction,Category:Category_theory
674,KrullSchmidt category,Category:Category_theory
675,Initial algebra,Category:Category_theory
676,Corecursion,Category:Category_theory
677,Coinduction,Category:Category_theory
678,Catamorphism,Category:Category_theory
679,Anamorphism,Category:Category_theory
680,Hylomorphism (computer science),Category:Category_theory
681,Coherence condition,Category:Category_theory
682,Coherence theorem,Category:Category_theory
683,Small set (category theory),Category:Category_theory
684,Quasi-category,Category:Category_theory
685,Sketch (mathematics),Category:Category_theory
686,Semiautomaton,Category:Category_theory
687,Product category,Category:Category_theory
688,Pseudo-abelian category,Category:Category_theory
689,Grothendieck category,Category:Category_theory
690,AB5 category,Category:Category_theory
691,Filtered category,Category:Category_theory
692,Auto magma object,Category:Category_theory
693,Dialectica space,Category:Category_theory
694,Generator (category theory),Category:Category_theory
695,Allegory (category theory),Category:Category_theory
696,Grothendieck universe,Category:Category_theory
697,Setoid,Category:Category_theory
698,F-coalgebra,Category:Category_theory
699,F-algebra,Category:Category_theory
700,Induced homomorphism,Category:Category_theory
701,Lift (mathematics),Category:Category_theory
702,Enriched category,Category:Category_theory
703,Categorical algebra,Category:Category_theory
704,Kan extension,Category:Category_theory
705,Cotangent complex,Category:Category_theory
706,Localization of a category,Category:Category_theory
707,Grothendieck's Galois theory,Category:Category_theory
708,Opposite category,Category:Category_theory
709,Isomorphism,Category:Category_theory
710,Timeline of category theory and related mathematics,Category:Category_theory
711,Fibred category,Category:Category_theory
712,Categories for the Working Mathematician,Category:Category_theory
713,Category theory,Category:Category_theory
714,Category (mathematics),Category:Category_theory
715,Kernel (category theory),Category:Category_theory
716,Concrete category,Category:Category_theory
717,Cokernel,Category:Category_theory
718,Equivalence of categories,Category:Category_theory
719,Morphism,Category:Category_theory
720,Glossary of category theory,Category:Category_theory
721,Commutative diagram,Category:Category_theory
722,Universal property,Category:Category_theory
723,Dual (category theory),Category:Category_theory
724,Groupoid,Category:Category_theory
725,Endomorphism ring,Category:Category_theory
726,Monoid,Category:Category_theory
727,List of types of functions,Category:Category_theory
728,Regular category,Category:Category_theory
729,Injective object,Category:Category_theory
730,Fibration,Category:Category_theory
731,Simplicial set,Category:Category_theory
732,Comma category,Category:Category_theory
733,Section (category theory),Category:Category_theory
734,Esquisse d'un Programme,Category:Category_theory
735,Algebraic stack,Category:Category_theory
736,Subcategory,Category:Category_theory
737,Abstract nonsense,Category:Category_theory
738,Model category,Category:Category_theory
739,Coimage,Category:Category_theory
740,Injective cogenerator,Category:Category_theory
741,Operad theory,Category:Category_theory
742,Discrete category,Category:Category_theory
743,Quiver (mathematics),Category:Category_theory
744,Projective cover,Category:Category_theory
745,Image (category theory),Category:Category_theory
746,Cone (category theory),Category:Category_theory
747,R-algebroid,Category:Category_theory
748,Bundle (mathematics),Category:Category_theory
749,Quotient category,Category:Category_theory
750,Categorification,Category:Category_theory
751,Structure (category theory),Category:Category_theory
752,Grothendieck's relative point of view,Category:Category_theory
753,Skeleton (category theory),Category:Category_theory
754,Nerve (category theory),Category:Category_theory
755,Multicategory,Category:Category_theory
756,Double groupoid,Category:Category_theory
757,Subquotient,Category:Category_theory
758,Accessible category,Category:Category_theory
759,Karoubi envelope,Category:Category_theory
760,EckmannHilton argument,Category:Category_theory
761,KrohnRhodes theory,Category:Category_theory
762,Connected category,Category:Category_theory
763,Model structure,Category:Category_theory
764,Simplex category,Category:Category_theory
765,Subdivided interval categories,Category:Category_theory
766,Graded category,Category:Category_theory
767,Size functor,Category:Category_theory
768,Free convolution,Category:Combinatorics
769,Laver table,Category:Combinatorics
770,BruckRyserChowla theorem,Category:Combinatorics
771,Discrepancy theory,Category:Combinatorics
772,Ordered partition of a set,Category:Combinatorics
773,Composition (number theory),Category:Combinatorics
774,Geometric combinatorics,Category:Combinatorics
775,Meander (mathematics),Category:Combinatorics
776,Algorithmic Lovsz local lemma,Category:Combinatorics
777,Permanent is sharp-P-complete,Category:Combinatorics
778,Isolation lemma,Category:Combinatorics
779,DIMACS,Category:Combinatorics
780,3-dimensional matching,Category:Combinatorics
781,Covering problem,Category:Combinatorics
782,Longest common subsequence problem,Category:Combinatorics
783,Shortest common supersequence,Category:Combinatorics
784,HuntMcIlroy algorithm,Category:Combinatorics
785,Glaisher's theorem,Category:Combinatorics
786,Combinatorial class,Category:Combinatorics
787,Piecewise syndetic set,Category:Combinatorics
788,Corners theorem,Category:Combinatorics
789,Pascal's rule,Category:Combinatorics
790,ErdsFuchs theorem,Category:Combinatorics
791,Sum-free sequence,Category:Combinatorics
792,Disjunct matrix,Category:Combinatorics
793,Group testing,Category:Combinatorics
794,Series multisection,Category:Combinatorics
795,Baranyai's theorem,Category:Combinatorics
796,Percolation,Category:Combinatorics
797,Stable roommates problem,Category:Combinatorics
798,Generalized arithmetic progression,Category:Combinatorics
799,Josephus problem,Category:Combinatorics
800,European Journal of Combinatorics,Category:Combinatorics
801,Dividing a circle into areas,Category:Combinatorics
802,Lottery mathematics,Category:Combinatorics
803,Star of David theorem,Category:Combinatorics
804,Coupon collector's problem (generating function approach),Category:Combinatorics
805,Combinatorial hierarchy,Category:Combinatorics
806,Superpattern,Category:Combinatorics
807,Separable permutation,Category:Combinatorics
808,Bondy's theorem,Category:Combinatorics
809,Enumerations of specific permutation classes,Category:Combinatorics
810,CameronErds conjecture,Category:Combinatorics
811,Markov spectrum,Category:Combinatorics
812,Q-Vandermonde identity,Category:Combinatorics
813,Trace monoid,Category:Combinatorics
814,Sidon sequence,Category:Combinatorics
815,Rule of product,Category:Combinatorics
816,Rule of sum,Category:Combinatorics
817,Sparse ruler,Category:Combinatorics
818,Perfect ruler,Category:Combinatorics
819,Combinatorics and physics,Category:Combinatorics
820,Johnson scheme,Category:Combinatorics
821,Virtual knot,Category:Combinatorics
822,Dinitz conjecture,Category:Combinatorics
823,Independence system,Category:Combinatorics
824,LubellYamamotoMeshalkin inequality,Category:Combinatorics
825,Graph dynamical system,Category:Combinatorics
826,Combinatorics and dynamical systems,Category:Combinatorics
827,Sequential dynamical system,Category:Combinatorics
828,Road coloring problem,Category:Combinatorics
829,Transversal,Category:Combinatorics
830,Permutation pattern,Category:Combinatorics
831,Theory of relations,Category:Combinatorics
832,Szemerdi's theorem,Category:Combinatorics
833,Oriented matroid,Category:Combinatorics
834,No-three-in-line problem,Category:Combinatorics
835,BorsukUlam theorem,Category:Combinatorics
836,Sperner's lemma,Category:Combinatorics
837,Multi-index notation,Category:Combinatorics
838,Combination,Category:Combinatorics
839,Twelvefold way,Category:Combinatorics
840,Umbral calculus,Category:Combinatorics
841,List of factorial and binomial topics,Category:Combinatorics
842,Q-analog,Category:Combinatorics
843,Arrangement of hyperplanes,Category:Combinatorics
844,Finite topological space,Category:Combinatorics
845,Partition of a set,Category:Combinatorics
846,Permutation,Category:Combinatorics
847,Cyclic order,Category:Combinatorics
848,Binomial coefficient,Category:Combinatorics
849,Combinatorics,Category:Combinatorics
850,Association scheme,Category:Combinatorics
851,Factorial,Category:Combinatorics
852,Small set (combinatorics),Category:Combinatorics
853,Pigeonhole principle,Category:Combinatorics
854,Partition (number theory),Category:Combinatorics
855,Butcher group,Category:Combinatorics
856,Outline of combinatorics,Category:Combinatorics
857,Incidence structure,Category:Combinatorics
858,Natural density,Category:Combinatorics
859,Catalan's constant,Category:Combinatorics
860,History of combinatorics,Category:Combinatorics
861,Dickson's lemma,Category:Combinatorics
862,AanderaaKarpRosenberg conjecture,Category:Combinatorics
863,Incidence matrix,Category:Combinatorics
864,Probabilistic method,Category:Combinatorics
865,Set packing,Category:Combinatorics
866,Inversion (discrete mathematics),Category:Combinatorics
867,Longest increasing subsequence,Category:Combinatorics
868,Topological combinatorics,Category:Combinatorics
869,Lovsz local lemma,Category:Combinatorics
870,Analytic combinatorics,Category:Combinatorics
871,Singmaster's conjecture,Category:Combinatorics
872,ErdsGraham problem,Category:Combinatorics
873,Extremal combinatorics,Category:Combinatorics
874,Erds conjecture on arithmetic progressions,Category:Combinatorics
875,Random permutation statistics,Category:Combinatorics
876,Symbolic combinatorics,Category:Combinatorics
877,Combinatorial principles,Category:Combinatorics
878,Method of distinguished element,Category:Combinatorics
879,Infinitary combinatorics,Category:Combinatorics
880,Equiangular lines,Category:Combinatorics
881,Spt function,Category:Combinatorics
882,Bent function,Category:Combinatorics
883,Discrete Morse theory,Category:Combinatorics
884,FishburnShepp inequality,Category:Combinatorics
885,RotaBaxter algebra,Category:Combinatorics
886,ErdsRado theorem,Category:Combinatorics
887,Factorial number system,Category:Combinatorics
888,Combinatorial number system,Category:Combinatorics
889,Combinatorial explosion,Category:Combinatorics
890,Toida's conjecture,Category:Combinatorics
891,Tucker's lemma,Category:Combinatorics
892,Herbert John Ryser,Category:Combinatorialists
893,David P. Robbins,Category:Combinatorialists
894,Frank P. Ramsey,Category:Combinatorialists
895,Branko Grnbaum,Category:Combinatorialists
896,John Horton Conway,Category:Combinatorialists
897,Lszl Babai,Category:Combinatorialists
898,Gbor N. Srkzy,Category:Combinatorialists
899,Yousef Alavi,Category:Combinatorialists
900,Ron Aharoni,Category:Combinatorialists
901,Chris Godsil,Category:Combinatorialists
902,Jim Geelen,Category:Combinatorialists
903,Bruce Lee Rothschild,Category:Combinatorialists
904,Helge Tverberg,Category:Combinatorialists
905,Julian West (politician),Category:Combinatorialists
906,Percy John Heawood,Category:Combinatorialists
907,Vasanti N. Bhat-Nayak,Category:Combinatorialists
908,Dwijendra Kumar Ray-Chaudhuri,Category:Combinatorialists
909,R. M. Wilson,Category:Combinatorialists
910,Nati Linial,Category:Combinatorialists
911,Lucio Lombardo-Radice,Category:Combinatorialists
912,Jeff Kahn,Category:Combinatorialists
913,Judith Q. Longyear,Category:Combinatorialists
914,Jack van Lint,Category:Combinatorialists
915,Tatyana Pavlovna Ehrenfest,Category:Combinatorialists
916,Pierre Rosenstiehl,Category:Combinatorialists
917,Marcel-Paul Schtzenberger,Category:Combinatorialists
918,John Howard Redfield,Category:Combinatorialists
919,Andrs Gyrfs,Category:Combinatorialists
920,Ingram Olkin,Category:Combinatorialists
921,D. Raghavarao,Category:Combinatorialists
922,Percy Alexander MacMahon,Category:Combinatorialists
923,Eugne Charles Catalan,Category:Combinatorialists
924,Richard K. Guy,Category:Combinatorialists
925,Neil Sloane,Category:Combinatorialists
926,Ben J. Green,Category:Combinatorialists
927,Eric Temple Bell,Category:Combinatorialists
928,Gian-Carlo Rota,Category:Combinatorialists
929,ystein Ore,Category:Combinatorialists
930,Srinivasa Ramanujan,Category:Combinatorialists
931,Richard P. Stanley,Category:Combinatorialists
932,George Plya,Category:Combinatorialists
933,Bartel Leendert van der Waerden,Category:Combinatorialists
934,Timothy Gowers,Category:Combinatorialists
935,Terence Tao,Category:Combinatorialists
936,James Joseph Sylvester,Category:Combinatorialists
937,Issai Schur,Category:Combinatorialists
938,Arthur Milgram,Category:Combinatorialists
939,Ken Ono,Category:Combinatorialists
940,George Andrews (mathematician),Category:Combinatorialists
941,Igor Pak,Category:Combinatorialists
942,Alexandre-Thophile Vandermonde,Category:Combinatorialists
943,Paul Seymour (mathematician),Category:Combinatorialists
944,W. T. Tutte,Category:Combinatorialists
945,Vclav Chvtal,Category:Combinatorialists
946,Fred S. Roberts,Category:Combinatorialists
947,Noga Alon,Category:Combinatorialists
948,Jaroslav Neetil,Category:Combinatorialists
949,Ronald Graham,Category:Combinatorialists
950,Fan Chung,Category:Combinatorialists
951,Lszl Lovsz,Category:Combinatorialists
952,Jeong Han Kim,Category:Combinatorialists
953,Endre Szemerdi,Category:Combinatorialists
954,Andrs Hajnal,Category:Combinatorialists
955,Michel Deza,Category:Combinatorialists
956,Tibor Gallai,Category:Combinatorialists
957,Donald Knuth,Category:Combinatorialists
958,Gbor Tardos,Category:Combinatorialists
959,Bla Bollobs,Category:Combinatorialists
960,Stefan Burr,Category:Combinatorialists
961,Joel Spencer,Category:Combinatorialists
962,Brendan McKay,Category:Combinatorialists
963,Heiko Harborth,Category:Combinatorialists
964,Pl Turn,Category:Combinatorialists
965,Gert Sabidussi,Category:Combinatorialists
966,Ernst G. Straus,Category:Combinatorialists
967,Dnes Knig,Category:Combinatorialists
968,George Szekeres,Category:Combinatorialists
969,Vera T. Ss,Category:Combinatorialists
970,Aviezri Fraenkel,Category:Combinatorialists
971,Ralph Faudree,Category:Combinatorialists
972,George B. Purdy,Category:Combinatorialists
973,Gyrgy Elekes,Category:Combinatorialists
974,Daniel Kleitman,Category:Combinatorialists
975,Anatoly Vershik,Category:Combinatorialists
976,Emanuel Sperner,Category:Combinatorialists
977,Fred Galvin,Category:Combinatorialists
978,Richard Rado,Category:Combinatorialists
979,Nicolaas Govert de Bruijn,Category:Combinatorialists
980,Walther von Dyck,Category:Combinatorialists
981,Karl Mahlburg,Category:Combinatorialists
982,Herbert Wilf,Category:Combinatorialists
983,Doron Zeilberger,Category:Combinatorialists
984,Peter Cameron (mathematician),Category:Combinatorialists
985,D. R. Fulkerson,Category:Combinatorialists
986,Vance Faber,Category:Combinatorialists
987,Victor Anatolyevich Vassiliev,Category:Combinatorialists
988,Lszl Pyber,Category:Combinatorialists
989,Solomon W. Golomb,Category:Combinatorialists
990,Imre Leader,Category:Combinatorialists
991,John Riordan,Category:Combinatorialists
992,Bernard Frnicle de Bessy,Category:Combinatorialists
993,Rosemary A. Bailey,Category:Combinatorialists
994,Cecil C. Rousseau,Category:Combinatorialists
995,Mikls Simonovits,Category:Combinatorialists
996,Zoltn Fredi,Category:Combinatorialists
997,Andrs Frank,Category:Combinatorialists
998,Lajos Psa (mathematician),Category:Combinatorialists
999,Pter Frankl,Category:Combinatorialists
1000,Zsolt Baranyai,Category:Combinatorialists
1001,Gyula O. H. Katona,Category:Combinatorialists
1002,Gyula Y. Katona,Category:Combinatorialists
1003,David B. Weinberger,Category:Combinatorialists
1004,Richard A. Brualdi,Category:Combinatorialists
1005,Vctor Neumann-Lara,Category:Combinatorialists
1006,Tomasz uczak,Category:Combinatorialists
1007,Top (mathematics),Category:Commutative_algebra
1008,Associated prime,Category:Commutative_algebra
1009,Zariski ring,Category:Commutative_algebra
1010,HilbertSamuel function,Category:Commutative_algebra
1011,AuslanderBuchsbaum formula,Category:Commutative_algebra
1012,Arf ring,Category:Commutative_algebra
1013,Tight closure,Category:Commutative_algebra
1014,Fitting ideal,Category:Commutative_algebra
1015,Henselian ring,Category:Commutative_algebra
1016,Dimension theory (algebra),Category:Commutative_algebra
1017,Primal ideal,Category:Commutative_algebra
1018,System of parameters,Category:Commutative_algebra
1019,Locally nilpotent,Category:Commutative_algebra
1020,Jacobson ring,Category:Commutative_algebra
1021,Primary ideal,Category:Commutative_algebra
1022,StanleyReisner ring,Category:Commutative_algebra
1023,Noether normalization lemma,Category:Commutative_algebra
1024,Hensel's lemma,Category:Commutative_algebra
1025,Ideal theory,Category:Commutative_algebra
1026,Tensor product of algebras,Category:Commutative_algebra
1027,Dual number,Category:Commutative_algebra
1028,Commutative ring,Category:Commutative_algebra
1029,Completion (ring theory),Category:Commutative_algebra
1030,Spectrum of a ring,Category:Commutative_algebra
1031,Commutative algebra,Category:Commutative_algebra
1032,Integral domain,Category:Commutative_algebra
1033,Euclidean domain,Category:Commutative_algebra
1034,Principal ideal,Category:Commutative_algebra
1035,Field of fractions,Category:Commutative_algebra
1036,Principal ideal domain,Category:Commutative_algebra
1037,Dedekind domain,Category:Commutative_algebra
1038,Discrete valuation ring,Category:Commutative_algebra
1039,Local cohomology,Category:Commutative_algebra
1040,Bzout domain,Category:Commutative_algebra
1041,Integrally closed,Category:Commutative_algebra
1042,Krull dimension,Category:Commutative_algebra
1043,Ascending chain condition,Category:Commutative_algebra
1044,Gorenstein ring,Category:Commutative_algebra
1045,Integral element,Category:Commutative_algebra
1046,Principal ideal ring,Category:Commutative_algebra
1047,Noetherian module,Category:Commutative_algebra
1048,Invariant basis number,Category:Commutative_algebra
1049,Prfer domain,Category:Commutative_algebra
1050,Hilbert polynomial,Category:Commutative_algebra
1051,Ideal norm,Category:Commutative_algebra
1052,Regular sequence (algebra),Category:Commutative_algebra
1053,Depth (ring theory),Category:Commutative_algebra
1054,Serre's multiplicity conjectures,Category:Commutative_algebra
1055,Koszul-Tate resolution,Category:Commutative_algebra
1056,Going up and going down,Category:Commutative_algebra
1057,ArtinRees lemma,Category:Commutative_algebra
1058,Hahn series,Category:Commutative_algebra
1059,Atomic domain,Category:Commutative_algebra
1060,Integrally closed domain,Category:Commutative_algebra
1061,GCD domain,Category:Commutative_algebra
1062,Homological conjectures in commutative algebra,Category:Commutative_algebra
1063,Krull ring,Category:Commutative_algebra
1064,Nilradical of a ring,Category:Commutative_algebra
1065,Discrete valuation,Category:Commutative_algebra
1066,Irreducible ring,Category:Commutative_algebra
1067,Connected ring,Category:Commutative_algebra
1068,Constructible topology,Category:Commutative_algebra
1069,AndrQuillen cohomology,Category:Commutative_algebra
1070,Multiplier ideal,Category:Commutative_algebra
1071,AuslanderBuchsbaum theorem,Category:Commutative_algebra
1072,BochnerMartinelli formula,Category:Complex_analysis
1073,BergmanWeil formula,Category:Complex_analysis
1074,Escaping set,Category:Complex_analysis
1075,Bifurcation locus,Category:Complex_analysis
1076,Mittag-Leffler star,Category:Complex_analysis
1077,Partial fractions in complex analysis,Category:Complex_analysis
1078,Landau's constants,Category:Complex_analysis
1079,Berezin transform,Category:Complex_analysis
1080,Geometric function theory,Category:Complex_analysis
1081,Movable singularity,Category:Complex_analysis
1082,Right half-plane,Category:Complex_analysis
1083,Bloch space,Category:Complex_analysis
1084,Quasiperiodic function,Category:Complex_analysis
1085,Schwarz integral formula,Category:Complex_analysis
1086,Fundamental normality test,Category:Complex_analysis
1087,Jensen's formula,Category:Complex_analysis
1088,Global analytic function,Category:Complex_analysis
1089,Voorhoeve index,Category:Complex_analysis
1090,KramersKronig relation,Category:Complex_analysis
1091,Blaschke product,Category:Complex_analysis
1092,Principal part,Category:Complex_analysis
1093,Regular part,Category:Complex_analysis
1094,Complex dynamics,Category:Complex_analysis
1095,Complex quadratic polynomial,Category:Complex_analysis
1096,Periodic points of complex quadratic mappings,Category:Complex_analysis
1097,Filled Julia set,Category:Complex_analysis
1098,Iterated monodromy group,Category:Complex_analysis
1099,Classification of Fatou components,Category:Complex_analysis
1100,Siegel disc,Category:Complex_analysis
1101,Herman ring,Category:Complex_analysis
1102,Jordan's lemma,Category:Complex_analysis
1103,Holomorphic sheaf,Category:Complex_analysis
1104,Bloch's theorem (complex variables),Category:Complex_analysis
1105,BorelCarathodory theorem,Category:Complex_analysis
1106,Carlson's theorem,Category:Complex_analysis
1107,Univalent function,Category:Complex_analysis
1108,Mergelyan's theorem,Category:Complex_analysis
1109,Runge's theorem,Category:Complex_analysis
1110,Estimation lemma,Category:Complex_analysis
1111,Bieberbach conjecture,Category:Complex_analysis
1112,Value distribution theory of holomorphic functions,Category:Complex_analysis
1113,Identity theorem,Category:Complex_analysis
1114,Mittag-Leffler's theorem,Category:Complex_analysis
1115,LoomanMenchoff theorem,Category:Complex_analysis
1116,Analyticity of holomorphic functions,Category:Complex_analysis
1117,Inverse Laplace transform,Category:Complex_analysis
1118,Maximum modulus principle,Category:Complex_analysis
1119,Methods of contour integration,Category:Complex_analysis
1120,Bcher's theorem,Category:Complex_analysis
1121,Schwarz reflection principle,Category:Complex_analysis
1122,Nevanlinna theory,Category:Complex_analysis
1123,SchrammLoewner evolution,Category:Complex_analysis
1124,Siegel upper half-space,Category:Complex_analysis
1125,Zero (complex analysis),Category:Complex_analysis
1126,Generalised circle,Category:Complex_analysis
1127,Hurwitz's theorem (complex analysis),Category:Complex_analysis
1128,Rouch's theorem,Category:Complex_analysis
1129,Normal family,Category:Complex_analysis
1130,Lacunary function,Category:Complex_analysis
1131,CauchyHadamard theorem,Category:Complex_analysis
1132,Polynomial function theorems for zeros,Category:Complex_analysis
1133,Complex conjugate root theorem,Category:Complex_analysis
1134,Bombieri norm,Category:Complex_analysis
1135,Montel's theorem,Category:Complex_analysis
1136,Edge-of-the-wedge theorem,Category:Complex_analysis
1137,Nachbin's theorem,Category:Complex_analysis
1138,Logarithmic form,Category:Complex_analysis
1139,Hadamard three-circle theorem,Category:Complex_analysis
1140,GaussLucas theorem,Category:Complex_analysis
1141,Schwarz lemma,Category:Complex_analysis
1142,Cousin problems,Category:Complex_analysis
1143,Weierstrass factorization theorem,Category:Complex_analysis
1144,Principal value,Category:Complex_analysis
1145,CasoratiWeierstrass theorem,Category:Complex_analysis
1146,Conformal pictures,Category:Complex_analysis
1147,Cartan's theorems A and B,Category:Complex_analysis
1148,Upper half-plane,Category:Complex_analysis
1149,Riemann mapping theorem,Category:Complex_analysis
1150,Hyperfunction,Category:Complex_analysis
1151,Laurent series,Category:Complex_analysis
1152,Residue (complex analysis),Category:Complex_analysis
1153,Pole (complex analysis),Category:Complex_analysis
1154,List of complex analysis topics,Category:Complex_analysis
1155,Morera's theorem,Category:Complex_analysis
1156,Cauchy's integral formula,Category:Complex_analysis
1157,Residue theorem,Category:Complex_analysis
1158,Essential singularity,Category:Complex_analysis
1159,Removable singularity,Category:Complex_analysis
1160,Isolated singularity,Category:Complex_analysis
1161,Liouville's theorem (complex analysis),Category:Complex_analysis
1162,Doubly periodic function,Category:Complex_analysis
1163,Picard theorem,Category:Complex_analysis
1164,CauchyRiemann equations,Category:Complex_analysis
1165,Complex logarithm,Category:Complex_analysis
1166,Branch point,Category:Complex_analysis
1167,Analytic function,Category:Complex_analysis
1168,Complex analysis,Category:Complex_analysis
1169,Holomorphic function,Category:Complex_analysis
1170,Meromorphic function,Category:Complex_analysis
1171,Complex plane,Category:Complex_analysis
1172,Analytic continuation,Category:Complex_analysis
1173,Several complex variables,Category:Complex_analysis
1174,Line integral,Category:Complex_analysis
1175,Winding number,Category:Complex_analysis
1176,Monodromy,Category:Complex_analysis
1177,Riemann surface,Category:Complex_analysis
1178,Algebraic geometry and analytic geometry,Category:Complex_analysis
1179,Exponential function,Category:Complex_analysis
1180,Fundamental theorem of algebra,Category:Complex_analysis
1181,Euler's identity,Category:Complex_analysis
1182,Wirtinger derivatives,Category:Complex_analysis
1183,Complex number,Category:Complex_analysis
1184,Polynomial,Category:Complex_analysis
1185,Ramification,Category:Complex_analysis
1186,Cayley transform,Category:Complex_analysis
1187,Imaginary number,Category:Complex_analysis
1188,Pi,Category:Complex_analysis
1189,Euler's formula,Category:Complex_analysis
1190,Gauss's continued fraction,Category:Complex_analysis
1191,Generalized continued fraction,Category:Complex_analysis
1192,Dessin d'enfant,Category:Complex_analysis
1193,Domain (mathematical analysis),Category:Complex_analysis
1194,Mellin transform,Category:Complex_analysis
1195,Argument (complex analysis),Category:Complex_analysis
1196,Logarithmic derivative,Category:Complex_analysis
1197,Principal branch,Category:Complex_analysis
1198,Motor variable,Category:Complex_analysis
1199,Cauchy's integral theorem,Category:Complex_analysis
1200,Radius of convergence,Category:Complex_analysis
1201,Subharmonic function,Category:Complex_analysis
1202,De Moivre's formula,Category:Complex_analysis
1203,Open mapping theorem (complex analysis),Category:Complex_analysis
1204,Argument principle,Category:Complex_analysis
1205,Schwarzian derivative,Category:Complex_analysis
1206,Complex differential equation,Category:Complex_analysis
1207,Holomorphic functional calculus,Category:Complex_analysis
1208,Positive-definite function,Category:Complex_analysis
1209,Analytic Fredholm theorem,Category:Complex_analysis
1210,Bergman space,Category:Complex_analysis
1211,Titchmarsh convolution theorem,Category:Complex_analysis
1212,Analytic capacity,Category:Complex_analysis
1213,Regular singular point,Category:Complex_analysis
1214,RiemannHilbert problem,Category:Complex_analysis
1215,Fatou's theorem,Category:Complex_analysis
1216,Fundamental recurrence formulas,Category:Complex_analysis
1217,Euler's continued fraction formula,Category:Complex_analysis
1218,NrlundRice integral,Category:Complex_analysis
1219,Antiderivative (complex analysis),Category:Complex_analysis
1220,Szeg kernel,Category:Complex_analysis
1221,OstrowskiHadamard gap theorem,Category:Complex_analysis
1222,Disk algebra,Category:Complex_analysis
1223,Hadamard three-lines theorem,Category:Complex_analysis
1224,Mellin inversion theorem,Category:Complex_analysis
1225,Math 55,Category:Complex_analysis
1226,Analytic variety,Category:Complex_analysis
1227,Domain coloring,Category:Complex_analysis
1228,Hardy's theorem,Category:Complex_analysis
1229,Antiholomorphic function,Category:Complex_analysis
1230,Exponential type,Category:Complex_analysis
1231,Monodromy theorem,Category:Complex_analysis
1232,Residue at infinity,Category:Complex_analysis
1233,SokhatskyWeierstrass theorem,Category:Complex_analysis
1234,Wirtinger's representation and projection theorem,Category:Complex_analysis
1235,Cartan's lemma (potential theory),Category:Complex_analysis
1236,ParsevalGutzmer formula,Category:Complex_analysis
1237,Lindelf's theorem,Category:Complex_analysis
1238,PhragmnLindelf principle,Category:Complex_analysis
1239,Pseudoanalytic function,Category:Complex_analysis
1240,Ahiezer's theorem,Category:Complex_analysis
1241,Measurable Riemann mapping theorem,Category:Complex_analysis
1242,Free independence,Category:Functional_analysis
1243,GelfandShilov space,Category:Functional_analysis
1244,Helly space,Category:Functional_analysis
1245,Harmonic spectrum,Category:Functional_analysis
1246,Weighted space,Category:Functional_analysis
1247,Legendre wavelet,Category:Functional_analysis
1248,Grothendieck inequality,Category:Functional_analysis
1249,Dirichlet algebra,Category:Functional_analysis
1250,Spectral set,Category:Functional_analysis
1251,Compression (functional analysis),Category:Functional_analysis
1252,Polar set,Category:Functional_analysis
1253,Unitary transformation,Category:Functional_analysis
1254,Partial trace,Category:Functional_analysis
1255,Perturbation theory,Category:Functional_analysis
1256,Functional integration,Category:Functional_analysis
1257,Constructive quantum field theory,Category:Functional_analysis
1258,BanachMazur compactum,Category:Functional_analysis
1259,Beta-dual space,Category:Functional_analysis
1260,Zeta function (operator),Category:Functional_analysis
1261,Spectral theory of compact operators,Category:Functional_analysis
1262,Free probability,Category:Functional_analysis
1263,Ekeland's variational principle,Category:Functional_analysis
1264,AubinLions lemma,Category:Functional_analysis
1265,Bochner measurable function,Category:Functional_analysis
1266,Banach limit,Category:Functional_analysis
1267,Orthogonal functions,Category:Functional_analysis
1268,Riesz's lemma,Category:Functional_analysis
1269,Riesz space,Category:Functional_analysis
1270,Approximation property,Category:Functional_analysis
1271,Continuously embedded,Category:Functional_analysis
1272,GelfandNaimarkSegal construction,Category:Functional_analysis
1273,Square-integrable function,Category:Functional_analysis
1274,Absorbing set,Category:Functional_analysis
1275,Tensor product of Hilbert spaces,Category:Functional_analysis
1276,F-space,Category:Functional_analysis
1277,Weierstrass M-test,Category:Functional_analysis
1278,Dual pair,Category:Functional_analysis
1279,List of Banach spaces,Category:Functional_analysis
1280,Compact convergence,Category:Functional_analysis
1281,System of imprimitivity,Category:Functional_analysis
1282,Sequence space,Category:Functional_analysis
1283,Distribution (mathematics),Category:Functional_analysis
1284,Continuous functions on a compact Hausdorff space,Category:Functional_analysis
1285,BanachAlaoglu theorem,Category:Functional_analysis
1286,Dual space,Category:Functional_analysis
1287,Quotient space (linear algebra),Category:Functional_analysis
1288,Discontinuous linear map,Category:Functional_analysis
1289,Unit sphere,Category:Functional_analysis
1290,Functional analysis,Category:Functional_analysis
1291,Monotonic function,Category:Functional_analysis
1292,Linear functional,Category:Functional_analysis
1293,Orthonormality,Category:Functional_analysis
1294,Linear subspace,Category:Functional_analysis
1295,Orthogonal complement,Category:Functional_analysis
1296,Zonal spherical function,Category:Functional_analysis
1297,Uniform norm,Category:Functional_analysis
1298,Operator algebra,Category:Functional_analysis
1299,Kernel (linear operator),Category:Functional_analysis
1300,Sesquilinear form,Category:Functional_analysis
1301,Gelfand representation,Category:Functional_analysis
1302,Direct integral,Category:Functional_analysis
1303,Hlder's inequality,Category:Functional_analysis
1304,Continuous linear extension,Category:Functional_analysis
1305,Weak derivative,Category:Functional_analysis
1306,Eigenfunction,Category:Functional_analysis
1307,Mollifier,Category:Functional_analysis
1308,Functional determinant,Category:Functional_analysis
1309,CCR and CAR algebras,Category:Functional_analysis
1310,Bochner space,Category:Functional_analysis
1311,Vector measure,Category:Functional_analysis
1312,Invariant subspace problem,Category:Functional_analysis
1313,Hlder condition,Category:Functional_analysis
1314,Ordered vector space,Category:Functional_analysis
1315,Continuous linear operator,Category:Functional_analysis
1316,Positive linear functional,Category:Functional_analysis
1317,Composition operator,Category:Functional_analysis
1318,Multiplication operator,Category:Functional_analysis
1319,Singular value decomposition,Category:Functional_analysis
1320,Projection (linear algebra),Category:Functional_analysis
1321,C0-semigroup,Category:Functional_analysis
1322,GramSchmidt process,Category:Functional_analysis
1323,Positive element,Category:Functional_analysis
1324,Discretization,Category:Functional_analysis
1325,Pseudo-differential operator,Category:Functional_analysis
1326,Weakly measurable function,Category:Functional_analysis
1327,Geometric quantization,Category:Functional_analysis
1328,Kuratowski embedding,Category:Functional_analysis
1329,Measure of non-compactness,Category:Functional_analysis
1330,C space,Category:Functional_analysis
1331,Bs space,Category:Functional_analysis
1332,Analytic semigroup,Category:Functional_analysis
1333,State (functional analysis),Category:Functional_analysis
1334,Supporting hyperplane,Category:Functional_analysis
1335,Extensions of symmetric operators,Category:Functional_analysis
1336,Colombeau algebra,Category:Functional_analysis
1337,Hypercyclic operator,Category:Functional_analysis
1338,Functional square root,Category:Functional_analysis
1339,Uniform algebra,Category:Functional_analysis
1340,Infinite-dimensional optimization,Category:Functional_analysis
1341,Minkowski functional,Category:Functional_analysis
1342,Circular convolution,Category:Functional_analysis
1343,Choquet integral,Category:Functional_analysis
1344,Wavelet transform,Category:Functional_analysis
1345,Bochner's theorem,Category:Functional_analysis
1346,Pettis integral,Category:Functional_analysis
1347,Uniformly Cauchy sequence,Category:Functional_analysis
1348,Neumann series,Category:Functional_analysis
1349,Grding's inequality,Category:Functional_analysis
1350,Volterra series,Category:Functional_analysis
1351,Eberleinmulian theorem,Category:Functional_analysis
1352,Antiunitary operator,Category:Functional_analysis
1353,Bred vector,Category:Functional_analysis
1354,Lyapunov vector,Category:Functional_analysis
1355,Schur's property,Category:Functional_analysis
1356,Cylindrical -algebra,Category:Functional_analysis
1357,Wiener series,Category:Functional_analysis
1358,Continuous wavelet,Category:Functional_analysis
1359,Integrability,Category:Mathematical_analysis
1360,Minima and maxima (introduction),Category:Mathematical_analysis
1361,Almost convergent sequence,Category:Mathematical_analysis
1362,Uniform absolute-convergence,Category:Mathematical_analysis
1363,Indefinite sum,Category:Mathematical_analysis
1364,Indefinite product,Category:Mathematical_analysis
1365,Polylogarithmic,Category:Mathematical_analysis
1366,HyersUlamRassias stability,Category:Mathematical_analysis
1367,Agmon's inequality,Category:Mathematical_analysis
1368,Invex function,Category:Mathematical_analysis
1369,Ant on a rubber rope,Category:Mathematical_analysis
1370,Hemicontinuity,Category:Mathematical_analysis
1371,ChebyshevMarkovStieltjes inequalities,Category:Mathematical_analysis
1372,Weighted geometric mean,Category:Mathematical_analysis
1373,Superadditivity,Category:Mathematical_analysis
1374,Carleman matrix,Category:Mathematical_analysis
1375,Local linearity,Category:Mathematical_analysis
1376,Generality of algebra,Category:Mathematical_analysis
1377,Analysis on fractals,Category:Mathematical_analysis
1378,CauchyRassias stability,Category:Mathematical_analysis
1379,Limits of integration,Category:Mathematical_analysis
1380,Bernstein's inequality (mathematical analysis),Category:Mathematical_analysis
1381,Remez inequality,Category:Mathematical_analysis
1382,Constructive function theory,Category:Mathematical_analysis
1383,Pompeiu problem,Category:Mathematical_analysis
1384,Uniform absolute continuity,Category:Mathematical_analysis
1385,Dini continuity,Category:Mathematical_analysis
1386,Oscillatory integral,Category:Mathematical_analysis
1387,Lebesgue point,Category:Mathematical_analysis
1388,Cauchy index,Category:Mathematical_analysis
1389,Series expansion,Category:Mathematical_analysis
1390,H square,Category:Mathematical_analysis
1391,Least-squares spectral analysis,Category:Mathematical_analysis
1392,Regularization (mathematics),Category:Mathematical_analysis
1393,Jensen's inequality,Category:Mathematical_analysis
1394,Darboux's formula,Category:Mathematical_analysis
1395,Exhaustion by compact sets,Category:Mathematical_analysis
1396,Ramp function,Category:Mathematical_analysis
1397,Stationary phase approximation,Category:Mathematical_analysis
1398,Dirichlet's principle,Category:Mathematical_analysis
1399,Epigraph (mathematics),Category:Mathematical_analysis
1400,Hypograph (mathematics),Category:Mathematical_analysis
1401,Geometric analysis,Category:Mathematical_analysis
1402,Isoperimetric dimension,Category:Mathematical_analysis
1403,Convex set,Category:Mathematical_analysis
1404,List of convexity topics,Category:Mathematical_analysis
1405,Conical combination,Category:Mathematical_analysis
1406,Periodic continued fraction,Category:Mathematical_analysis
1407,Second derivative,Category:Mathematical_analysis
1408,Partition of an interval,Category:Mathematical_analysis
1409,Interchange of limiting operations,Category:Mathematical_analysis
1410,Weight function,Category:Mathematical_analysis
1411,Convex combination,Category:Mathematical_analysis
1412,Asymptotic expansion,Category:Mathematical_analysis
1413,Asymptotic theory,Category:Mathematical_analysis
1414,Maxima and minima,Category:Mathematical_analysis
1415,Bounded mean oscillation,Category:Mathematical_analysis
1416,Total derivative,Category:Mathematical_analysis
1417,Symmetry of second derivatives,Category:Mathematical_analysis
1418,Equicontinuity,Category:Mathematical_analysis
1419,Convex function,Category:Mathematical_analysis
1420,Semi-continuity,Category:Mathematical_analysis
1421,Multiplicity (mathematics),Category:Mathematical_analysis
1422,Extended real number line,Category:Mathematical_analysis
1423,Bounded function,Category:Mathematical_analysis
1424,Mathematical singularity,Category:Mathematical_analysis
1425,Regulated function,Category:Mathematical_analysis
1426,Bounded set,Category:Mathematical_analysis
1427,3-sphere,Category:Mathematical_analysis
1428,Bounded variation,Category:Mathematical_analysis
1429,Negligible set,Category:Mathematical_analysis
1430,Real analysis,Category:Mathematical_analysis
1431,Caccioppoli set,Category:Mathematical_analysis
1432,Power series,Category:Mathematical_analysis
1433,Mathematical analysis,Category:Mathematical_analysis
1434,Hyperreal number,Category:Mathematical_analysis
1435,Differentiable function,Category:Mathematical_analysis
1436,Differential calculus,Category:Mathematical_analysis
1437,Smooth function,Category:Mathematical_analysis
1438,Derivative,Category:Mathematical_analysis
1439,Harmonic analysis,Category:Mathematical_analysis
1440,Calculus of variations,Category:Mathematical_analysis
1441,Infinite product,Category:Mathematical_analysis
1442,Solving quadratic equations with continued fractions,Category:Mathematical_analysis
1443,Continued fraction,Category:Mathematical_analysis
1444,Fractional calculus,Category:Mathematical_analysis
1445,Improper integral,Category:Mathematical_analysis
1446,Dirichlet kernel,Category:Mathematical_analysis
1447,Cauchy principal value,Category:Mathematical_analysis
1448,Integral transform,Category:Mathematical_analysis
1449,Asymptote,Category:Mathematical_analysis
1450,Functional equation,Category:Mathematical_analysis
1451,P-adic analysis,Category:Mathematical_analysis
1452,Divergent series,Category:Mathematical_analysis
1453,Constructive analysis,Category:Mathematical_analysis
1454,Semi-differentiability,Category:Mathematical_analysis
1455,Subadditivity,Category:Mathematical_analysis
1456,Concave function,Category:Mathematical_analysis
1457,General Dirichlet series,Category:Mathematical_analysis
1458,Absolute convergence,Category:Mathematical_analysis
1459,Non-standard analysis,Category:Mathematical_analysis
1460,Smooth infinitesimal analysis,Category:Mathematical_analysis
1461,Arithmetization of analysis,Category:Mathematical_analysis
1462,Properties of polynomial roots,Category:Mathematical_analysis
1463,Finite difference,Category:Mathematical_analysis
1464,Numerical analysis,Category:Mathematical_analysis
1465,Elliptic boundary value problem,Category:Mathematical_analysis
1466,Rate of convergence,Category:Mathematical_analysis
1467,Zeta function regularization,Category:Mathematical_analysis
1468,Wave front set,Category:Mathematical_analysis
1469,Conditional convergence,Category:Mathematical_analysis
1470,Engel expansion,Category:Mathematical_analysis
1471,Convergent (continued fraction),Category:Mathematical_analysis
1472,Poincar inequality,Category:Mathematical_analysis
1473,Convergence tests,Category:Mathematical_analysis
1474,Classification of discontinuities,Category:Mathematical_analysis
1475,Function series,Category:Mathematical_analysis
1476,Holonomic,Category:Mathematical_analysis
1477,Cesro summation,Category:Mathematical_analysis
1478,Borel summation,Category:Mathematical_analysis
1479,Big O notation,Category:Mathematical_analysis
1480,Reduced derivative,Category:Mathematical_analysis
1481,Convergence problem,Category:Mathematical_analysis
1482,Stress majorization,Category:Mathematical_analysis
1483,Modes of convergence (annotated index),Category:Mathematical_analysis
1484,Infinite expression (mathematics),Category:Mathematical_analysis
1485,Vertical tangent,Category:Mathematical_analysis
1486,Computable analysis,Category:Mathematical_analysis
1487,Convex analysis,Category:Mathematical_analysis
1488,Quasiconvex function,Category:Mathematical_analysis
1489,Quantum calculus,Category:Mathematical_analysis
1490,Normal convergence,Category:Mathematical_analysis
1491,Flat function,Category:Mathematical_analysis
1492,Simpson's rule,Category:Mathematical_analysis
1493,Uniform boundedness,Category:Mathematical_analysis
1494,Local boundedness,Category:Mathematical_analysis
1495,Volterra integral equation,Category:Mathematical_analysis
1496,Ramanujan summation,Category:Mathematical_analysis
1497,Logarithmically concave function,Category:Mathematical_analysis
1498,Unconditional convergence,Category:Mathematical_analysis
1499,Non-classical analysis,Category:Mathematical_analysis
1500,Function of a real variable,Category:Mathematical_analysis
1501,Weighted mean,Category:Mathematical_analysis
1502,AleksandrovRassias problem,Category:Mathematical_analysis
1503,Negligible function,Category:Mathematical_analysis
1504,Elasticity of a function,Category:Mathematical_analysis
1505,Kantorovich inequality,Category:Mathematical_analysis
1506,Abel function,Category:Mathematical_analysis
1507,Markov brothers' inequality,Category:Mathematical_analysis
1508,Fabius function,Category:Mathematical_analysis
1509,Young measure,Category:Mathematical_analysis
1510,S plane,Category:Fourier_analysis
1511,Spectrum continuation analysis,Category:Fourier_analysis
1512,Solid harmonics,Category:Fourier_analysis
1513,Bicoherence,Category:Fourier_analysis
1514,BalianLow theorem,Category:Fourier_analysis
1515,Projection-slice theorem,Category:Fourier_analysis
1516,Gabor atom,Category:Fourier_analysis
1517,Short-time Fourier transform,Category:Fourier_analysis
1518,Interpolation space,Category:Fourier_analysis
1519,Frequency spectrum,Category:Fourier_analysis
1520,WhittakerShannon interpolation formula,Category:Fourier_analysis
1521,NyquistShannon sampling theorem,Category:Fourier_analysis
1522,Spectral leakage,Category:Fourier_analysis
1523,Instantaneous phase,Category:Fourier_analysis
1524,Analytic signal,Category:Fourier_analysis
1525,Final value theorem,Category:Fourier_analysis
1526,Photon Doppler velocimetry,Category:Fourier_analysis
1527,Arithmetic complexity of the discrete Fourier transform,Category:Fourier_analysis
1528,Modified discrete cosine transform,Category:Fourier_analysis
1529,Bloch wave  MoM method,Category:Fourier_analysis
1530,Overlap-add method,Category:Fourier_analysis
1531,Overlap-save method,Category:Fourier_analysis
1532,Space-time Fourier transform,Category:Fourier_analysis
1533,Reciprocal lattice,Category:Fourier_analysis
1534,Fourier transform spectroscopy,Category:Fourier_analysis
1535,Fast Fourier Transform Telescope,Category:Fourier_analysis
1536,Fourier optics,Category:Fourier_analysis
1537,List of cycles,Category:Fourier_analysis
1538,Ewald summation,Category:Fourier_analysis
1539,Bragg plane,Category:Fourier_analysis
1540,Regressive discrete Fourier series,Category:Fourier_analysis
1541,Metaplectomorphism,Category:Fourier_analysis
1542,SegalShaleWeil distribution,Category:Fourier_analysis
1543,Discrete Fourier series,Category:Fourier_analysis
1544,Fourier,Category:Fourier_analysis
1545,Autocovariance,Category:Fourier_analysis
1546,Bispectrum,Category:Fourier_analysis
1547,WienerKhinchin theorem,Category:Fourier_analysis
1548,Chirplet transform,Category:Fourier_analysis
1549,Linear canonical transformation,Category:Fourier_analysis
1550,Basis function,Category:Fourier_analysis
1551,Fractional Fourier transform,Category:Fourier_analysis
1552,Sine and cosine transforms,Category:Fourier_analysis
1553,Parseval's identity,Category:Fourier_analysis
1554,Hartley transform,Category:Fourier_analysis
1555,List of Fourier-related transforms,Category:Fourier_analysis
1556,Parseval's theorem,Category:Fourier_analysis
1557,Modulus of continuity,Category:Fourier_analysis
1558,Set of uniqueness,Category:Fourier_analysis
1559,Haar measure,Category:Fourier_analysis
1560,Topological group,Category:Fourier_analysis
1561,Compact group,Category:Fourier_analysis
1562,Pontryagin duality,Category:Fourier_analysis
1563,Banach algebra,Category:Fourier_analysis
1564,Orthonormal basis,Category:Fourier_analysis
1565,PeterWeyl theorem,Category:Fourier_analysis
1566,Spherical harmonics,Category:Fourier_analysis
1567,Unit circle,Category:Fourier_analysis
1568,Metaplectic group,Category:Fourier_analysis
1569,Almost periodic function,Category:Fourier_analysis
1570,Poisson kernel,Category:Fourier_analysis
1571,Multiplier (Fourier analysis),Category:Fourier_analysis
1572,Convolution,Category:Fourier_analysis
1573,Discrete Fourier transform,Category:Fourier_analysis
1574,Fourier analysis,Category:Fourier_analysis
1575,Fourier transform,Category:Fourier_analysis
1576,Convolution theorem,Category:Fourier_analysis
1577,List of Fourier analysis topics,Category:Fourier_analysis
1578,Poisson summation formula,Category:Fourier_analysis
1579,Laplace transform,Category:Fourier_analysis
1580,Dirac delta function,Category:Fourier_analysis
1581,Laplace operator,Category:Fourier_analysis
1582,Harmonic function,Category:Fourier_analysis
1583,Sobolev space,Category:Fourier_analysis
1584,Periodic function,Category:Fourier_analysis
1585,Convolution power,Category:Fourier_analysis
1586,PaleyWiener theorem,Category:Fourier_analysis
1587,Homogeneous distribution,Category:Fourier_analysis
1588,Bessel function,Category:Fourier_analysis
1589,Generalized Fourier series,Category:Fourier_analysis
1590,Plancherel theorem,Category:Fourier_analysis
1591,Trigonometric polynomial,Category:Fourier_analysis
1592,Fourier transform on finite groups,Category:Fourier_analysis
1593,Discrete Hartley transform,Category:Fourier_analysis
1594,Discrete Fourier transform (general),Category:Fourier_analysis
1595,Laplace's equation,Category:Fourier_analysis
1596,Dirichlet problem,Category:Fourier_analysis
1597,Discrete sine transform,Category:Fourier_analysis
1598,Microlocal analysis,Category:Fourier_analysis
1599,Oscillatory integral operator,Category:Fourier_analysis
1600,Schwartz space,Category:Fourier_analysis
1601,Algebraic analysis,Category:Fourier_analysis
1602,FBI transform,Category:Fourier_analysis
1603,Marcinkiewicz interpolation theorem,Category:Fourier_analysis
1604,Fourier inversion theorem,Category:Fourier_analysis
1605,Parametrix,Category:Fourier_analysis
1606,Tube domain,Category:Fourier_analysis
1607,RieszThorin theorem,Category:Fourier_analysis
1608,Von Neumann stability analysis,Category:Fourier_analysis
1609,CaldernZygmund lemma,Category:Fourier_analysis
1610,Carleson's theorem,Category:Fourier_analysis
1611,Spin-weighted spherical harmonics,Category:Fourier_analysis
1612,Relations between Fourier transforms and Fourier series,Category:Fourier_analysis
1613,Discrete-time Fourier transform,Category:Fourier_analysis
1614,A derivation of the discrete Fourier transform,Category:Fourier_analysis
1615,Discrete cosine transform,Category:Fourier_analysis
1616,Fourier integral operator,Category:Fourier_analysis
1617,DFT matrix,Category:Fourier_analysis
1618,Wirtinger's inequality for functions,Category:Fourier_analysis
1619,Shapiro polynomials,Category:Fourier_analysis
1620,HausdorffYoung inequality,Category:Fourier_analysis
1621,Fourier operator,Category:Fourier_analysis
1622,Non-uniform discrete Fourier transform,Category:Fourier_analysis
1623,LittlewoodPaley theory,Category:Fourier_analysis
1624,Uncertainty principle for the short-time Fourier transform,Category:Fourier_analysis
1625,Periodogram,Category:Fourier_analysis
1626,Friedel's law,Category:Fourier_analysis
1627,Van der Corput lemma (harmonic analysis),Category:Fourier_analysis
1628,Cayley's ruled cubic surface,Category:Differential_geometry
1629,EguchiHanson space,Category:Differential_geometry
1630,Negative pedal curve,Category:Differential_geometry
1631,Iwasawa manifold,Category:Differential_geometry
1632,Liouville's equation,Category:Differential_geometry
1633,HsiangLawson's conjecture,Category:Differential_geometry
1634,Covariant Hamiltonian field theory,Category:Differential_geometry
1635,Variational bicomplex,Category:Differential_geometry
1636,Metric (vector bundle),Category:Differential_geometry
1637,Conformal Killing equation,Category:Differential_geometry
1638,Cocurvature,Category:Differential_geometry
1639,Round function,Category:Differential_geometry
1640,Bochner's formula,Category:Differential_geometry
1641,KhlerEinstein metric,Category:Differential_geometry
1642,Costa's minimal surface,Category:Differential_geometry
1643,Abstract differential geometry,Category:Differential_geometry
1644,Discrete differential geometry,Category:Differential_geometry
1645,Center of curvature,Category:Differential_geometry
1646,Curves in differential geometry,Category:Differential_geometry
1647,Lanczos tensor,Category:Differential_geometry
1648,Symmetry (physics),Category:Differential_geometry
1649,Anti de Sitter space,Category:Differential_geometry
1650,Shape of the Universe,Category:Differential_geometry
1651,Instanton,Category:Differential_geometry
1652,Liouville field theory,Category:Differential_geometry
1653,Classification of electromagnetic fields,Category:Differential_geometry
1654,Petrov classification,Category:Differential_geometry
1655,General covariance,Category:Differential_geometry
1656,Warped geometry,Category:Differential_geometry
1657,Gauge covariant derivative,Category:Differential_geometry
1658,List of nonlinear partial differential equations,Category:Differential_geometry
1659,SineGordon equation,Category:Differential_geometry
1660,Induced metric,Category:Differential_geometry
1661,Taut submanifold,Category:Differential_geometry
1662,Spin connection,Category:Differential_geometry
1663,MinakshisundaramPleijel zeta function,Category:Differential_geometry
1664,Monopole (mathematics),Category:Differential_geometry
1665,Volume entropy,Category:Differential_geometry
1666,Fisher information metric,Category:Differential_geometry
1667,Inverse mean curvature flow,Category:Differential_geometry
1668,Mean curvature flow,Category:Differential_geometry
1669,BogomolovMiyaokaYau inequality,Category:Differential_geometry
1670,Systolic freedom,Category:Differential_geometry
1671,Wirtinger inequality (2-forms),Category:Differential_geometry
1672,Frobenius manifold,Category:Differential_geometry
1673,Levi-Civita parallelogramoid,Category:Differential_geometry
1674,Spectral geometry,Category:Differential_geometry
1675,Projective differential geometry,Category:Differential_geometry
1676,Exterior covariant derivative,Category:Differential_geometry
1677,Radius of curvature (applications),Category:Differential_geometry
1678,Theorema Egregium,Category:Differential_geometry
1679,Laplace operators in differential geometry,Category:Differential_geometry
1680,ADHM construction,Category:Differential_geometry
1681,K3 surface,Category:Differential_geometry
1682,Affine sphere,Category:Differential_geometry
1683,Osculating circle,Category:Differential_geometry
1684,Stable normal bundle,Category:Differential_geometry
1685,Sasakian manifold,Category:Differential_geometry
1686,Torsion of a curve,Category:Differential_geometry
1687,Affine geometry of curves,Category:Differential_geometry
1688,Bundle gerbe,Category:Differential_geometry
1689,Bolza surface,Category:Differential_geometry
1690,Pu's inequality,Category:Differential_geometry
1691,Filling radius,Category:Differential_geometry
1692,Filling area conjecture,Category:Differential_geometry
1693,Loewner's torus inequality,Category:Differential_geometry
1694,Closed geodesic,Category:Differential_geometry
1695,Dual curve,Category:Differential_geometry
1696,Evolute,Category:Differential_geometry
1697,Involute,Category:Differential_geometry
1698,Pedal curve,Category:Differential_geometry
1699,Caustic (mathematics),Category:Differential_geometry
1700,Hilbert scheme,Category:Differential_geometry
1701,FrlicherNijenhuis bracket,Category:Differential_geometry
1702,Ruled surface,Category:Differential_geometry
1703,Development (differential geometry),Category:Differential_geometry
1704,Affine curvature,Category:Differential_geometry
1705,Willmore energy,Category:Differential_geometry
1706,Pseudosphere,Category:Differential_geometry
1707,Minimal surface,Category:Differential_geometry
1708,Integral curve,Category:Differential_geometry
1709,Distribution (differential geometry),Category:Differential_geometry
1710,Developable surface,Category:Differential_geometry
1711,Mean curvature,Category:Differential_geometry
1712,Prime geodesic,Category:Differential_geometry
1713,FrenetSerret formulas,Category:Differential_geometry
1714,Banach bundle,Category:Differential_geometry
1715,Lie sphere geometry,Category:Differential_geometry
1716,Generalized flag variety,Category:Differential_geometry
1717,Affine differential geometry,Category:Differential_geometry
1718,Banach manifold,Category:Differential_geometry
1719,Generalized complex structure,Category:Differential_geometry
1720,Khler manifold,Category:Differential_geometry
1721,Jet (mathematics),Category:Differential_geometry
1722,Darboux frame,Category:Differential_geometry
1723,G-structure,Category:Differential_geometry
1724,Moving frame,Category:Differential_geometry
1725,Riemannian connection on a surface,Category:Differential_geometry
1726,Principal bundle,Category:Differential_geometry
1727,Cartan connection,Category:Differential_geometry
1728,Connection form,Category:Differential_geometry
1729,Pushforward (differential),Category:Differential_geometry
1730,Pullback (differential geometry),Category:Differential_geometry
1731,MaurerCartan form,Category:Differential_geometry
1732,Almost complex manifold,Category:Differential_geometry
1733,Directional derivative,Category:Differential_geometry
1734,Symmetric space,Category:Differential_geometry
1735,Holonomy,Category:Differential_geometry
1736,Torsion tensor,Category:Differential_geometry
1737,Affine connection,Category:Differential_geometry
1738,Gaussian curvature,Category:Differential_geometry
1739,Differential geometry of surfaces,Category:Differential_geometry
1740,Curvature,Category:Differential_geometry
1741,Second fundamental form,Category:Differential_geometry
1742,Covariant derivative,Category:Differential_geometry
1743,Metric tensor,Category:Differential_geometry
1744,Calculus of moving surfaces,Category:Differential_geometry
1745,Covariance and contravariance of vectors,Category:Differential_geometry
1746,Stiefel manifold,Category:Differential_geometry
1747,Grassmannian,Category:Differential_geometry
1748,Klein geometry,Category:Differential_geometry
1749,Invariant differential operator,Category:Differential_geometry
1750,Differential geometry of curves,Category:Differential_geometry
1751,Conformal geometry,Category:Differential_geometry
1752,Contact (mathematics),Category:Differential_geometry
1753,Courant bracket,Category:Differential_geometry
1754,Curvature form,Category:Differential_geometry
1755,Tangential and normal components,Category:Differential_geometry
1756,Gauss map,Category:Differential_geometry
1757,Finsler manifold,Category:Differential_geometry
1758,Envelope (mathematics),Category:Differential_geometry
1759,Constant curvature,Category:Differential_geometry
1760,Differential invariant,Category:Differential_geometry
1761,Hermitian symmetric space,Category:Differential_geometry
1762,Synthetic differential geometry,Category:Differential_geometry
1763,Cartan's equivalence method,Category:Differential_geometry
1764,Lie algebroid,Category:Differential_geometry
1765,Hyperkhler manifold,Category:Differential_geometry
1766,Multivector,Category:Differential_geometry
1767,First fundamental form,Category:Differential_geometry
1768,Willmore conjecture,Category:Differential_geometry
1769,Parabolic geometry (differential geometry),Category:Differential_geometry
1770,Bcklund transform,Category:Differential_geometry
1771,Geodesic map,Category:Differential_geometry
1772,Metric signature,Category:Differential_geometry
1773,CalabiYau manifold,Category:Differential_geometry
1774,Homological mirror symmetry,Category:Differential_geometry
1775,Poisson manifold,Category:Differential_geometry
1776,Quaternion-Khler symmetric space,Category:Differential_geometry
1777,Weitzenbck identity,Category:Differential_geometry
1778,Clifford analysis,Category:Differential_geometry
1779,Analytic torsion,Category:Differential_geometry
1780,Covariant transformation,Category:Differential_geometry
1781,Projective connection,Category:Differential_geometry
1782,Calabi conjecture,Category:Differential_geometry
1783,Elliptic complex,Category:Differential_geometry
1784,ChernWeil homomorphism,Category:Differential_geometry
1785,Carathodory conjecture,Category:Differential_geometry
1786,SchoutenNijenhuis bracket,Category:Differential_geometry
1787,Calibrated geometry,Category:Differential_geometry
1788,Lichnerowicz formula,Category:Differential_geometry
1789,Paneitz operator,Category:Differential_geometry
1790,Yamabe problem,Category:Differential_geometry
1791,Frame of a vector space,Category:Differential_geometry
1792,Hypercomplex manifold,Category:Differential_geometry
1793,Tangential angle,Category:Differential_geometry
1794,KulkarniNomizu product,Category:Differential_geometry
1795,Darboux vector,Category:Differential_geometry
1796,Tractor bundle,Category:Differential_geometry
1797,Affine manifold,Category:Differential_geometry
1798,Quaternion-Khler manifold,Category:Differential_geometry
1799,Bochner identity,Category:Differential_geometry
1800,Curved space,Category:Differential_geometry
1801,Ricci decomposition,Category:Differential_geometry
1802,Plcker embedding,Category:Differential_geometry
1803,Spray (mathematics),Category:Differential_geometry
1804,G2 manifold,Category:Differential_geometry
1805,Margulis lemma,Category:Differential_geometry
1806,Almost symplectic manifold,Category:Differential_geometry
1807,Parallel curve,Category:Differential_geometry
1808,Tortuosity,Category:Differential_geometry
1809,Isothermal coordinates,Category:Differential_geometry
1810,Zoll surface,Category:Differential_geometry
1811,Osculating plane,Category:Differential_geometry
1812,Bernstein's problem,Category:Differential_geometry
1813,Coframe,Category:Differential_geometry
1814,Geodesic deviation equation,Category:Differential_geometry
1815,Weyl transformation,Category:Differential_geometry
1816,Affine Grassmannian (manifold),Category:Differential_geometry
1817,Clairaut's relation,Category:Differential_geometry
1818,Orthogonal symmetric Lie algebra,Category:Differential_geometry
1819,Natural pseudodistance,Category:Differential_geometry
1820,Courant algebroid,Category:Differential_geometry
1821,Arthur Besse,Category:Differential_geometry
1822,Spherical image,Category:Differential_geometry
1823,Symmetry set,Category:Differential_geometry
1824,Symplectic space,Category:Differential_topology
1825,Covariant classical field theory,Category:Differential_topology
1826,L cohomology,Category:Differential_topology
1827,Double (manifold),Category:Differential_topology
1828,Mazur manifold,Category:Differential_topology
1829,Gradient-like vector field,Category:Differential_topology
1830,Introduction to gauge theory,Category:Differential_topology
1831,Sharp map,Category:Differential_topology
1832,Flat map,Category:Differential_topology
1833,Pseudoisotopy theorem,Category:Differential_topology
1834,Atiyah conjecture,Category:Differential_topology
1835,Conley index theory,Category:Differential_topology
1836,Whitney conditions,Category:Differential_topology
1837,Critical value,Category:Differential_topology
1838,Whitney umbrella,Category:Differential_topology
1839,Vertical bundle,Category:Differential_topology
1840,Lie bracket of vector fields,Category:Differential_topology
1841,Tangent,Category:Differential_topology
1842,Chain complex,Category:Differential_topology
1843,Orbifold,Category:Differential_topology
1844,Current (mathematics),Category:Differential_topology
1845,Cotangent space,Category:Differential_topology
1846,Submanifold,Category:Differential_topology
1847,Reduction of the structure group,Category:Differential_topology
1848,Jet bundle,Category:Differential_topology
1849,Glossary of differential geometry and topology,Category:Differential_topology
1850,Tangent bundle,Category:Differential_topology
1851,Cotangent bundle,Category:Differential_topology
1852,Vector field,Category:Differential_topology
1853,Connection (mathematics),Category:Differential_topology
1854,Differential topology,Category:Differential_topology
1855,Differentiable manifold,Category:Differential_topology
1856,Tensor field,Category:Differential_topology
1857,Differential geometry,Category:Differential_topology
1858,Tangent space,Category:Differential_topology
1859,Lie derivative,Category:Differential_topology
1860,Immersion (mathematics),Category:Differential_topology
1861,Orientability,Category:Differential_topology
1862,Atlas (topology),Category:Differential_topology
1863,Normal bundle,Category:Differential_topology
1864,Exotic sphere,Category:Differential_topology
1865,Smooth structure,Category:Differential_topology
1866,Parallelizable manifold,Category:Differential_topology
1867,Unit tangent bundle,Category:Differential_topology
1868,Pontryagin class,Category:Differential_topology
1869,Contact geometry,Category:Differential_topology
1870,Symplectic manifold,Category:Differential_topology
1871,Obstruction theory,Category:Differential_topology
1872,H-cobordism,Category:Differential_topology
1873,Connected sum,Category:Differential_topology
1874,Integrability conditions for differential systems,Category:Differential_topology
1875,Kervaire invariant,Category:Differential_topology
1876,Vector flow,Category:Differential_topology
1877,Smale's paradox,Category:Differential_topology
1878,Symplectization,Category:Differential_topology
1879,Spin geometry,Category:Differential_topology
1880,Whitney topologies,Category:Differential_topology
1881,Horizontal bundle,Category:Differential_topology
1882,Yamabe invariant,Category:Differential_topology
1883,Cerf theory,Category:Differential_topology
1884,Canonical coordinates,Category:Differential_topology
1885,Seifert conjecture,Category:Differential_topology
1886,Donaldson theory,Category:Differential_topology
1887,Minimax eversion,Category:Differential_topology
1888,Kervaire manifold,Category:Differential_topology
1889,First variation of area formula,Category:Riemannian_geometry
1890,SeifertWeber space,Category:Riemannian_geometry
1891,Riemannian submanifold,Category:Riemannian_geometry
1892,Sharafutdinov's retraction,Category:Riemannian_geometry
1893,Smooth coarea formula,Category:Riemannian_geometry
1894,HitchinThorpe inequality,Category:Riemannian_geometry
1895,Berger's inequality for Einstein manifolds,Category:Riemannian_geometry
1896,Collapsing manifold,Category:Riemannian_geometry
1897,Prescribed scalar curvature problem,Category:Riemannian_geometry
1898,Prescribed Ricci curvature problem,Category:Riemannian_geometry
1899,Hermitian connection,Category:Riemannian_geometry
1900,De SitterSchwarzschild metric,Category:Riemannian_geometry
1901,De Sitter space,Category:Riemannian_geometry
1902,De Sitter invariant special relativity,Category:Riemannian_geometry
1903,Ruppeiner geometry,Category:Riemannian_geometry
1904,Kretschmann scalar,Category:Riemannian_geometry
1905,Spin(7)-manifold,Category:Riemannian_geometry
1906,Calabi flow,Category:Riemannian_geometry
1907,Yamabe flow,Category:Riemannian_geometry
1908,Ricci-flat manifold,Category:Riemannian_geometry
1909,Almost flat manifold,Category:Riemannian_geometry
1910,Harmonic coordinates,Category:Riemannian_geometry
1911,Cheeger constant,Category:Riemannian_geometry
1912,Geometric flow,Category:Riemannian_geometry
1913,Total curvature,Category:Riemannian_geometry
1914,Metric Structures for Riemannian and Non-Riemannian Spaces,Category:Riemannian_geometry
1915,Isometry (Riemannian geometry),Category:Riemannian_geometry
1916,Gauss's lemma (Riemannian geometry),Category:Riemannian_geometry
1917,Riemannian submersion,Category:Riemannian_geometry
1918,Macbeath surface,Category:Riemannian_geometry
1919,Riemannian circle,Category:Riemannian_geometry
1920,Flat manifold,Category:Riemannian_geometry
1921,Harmonic map,Category:Riemannian_geometry
1922,Musical isomorphism,Category:Riemannian_geometry
1923,GromovHausdorff convergence,Category:Riemannian_geometry
1924,Space form,Category:Riemannian_geometry
1925,Poincar metric,Category:Riemannian_geometry
1926,Conformal map,Category:Riemannian_geometry
1927,Clifford bundle,Category:Riemannian_geometry
1928,Hodge dual,Category:Riemannian_geometry
1929,LaplaceBeltrami operator,Category:Riemannian_geometry
1930,Parallel transport,Category:Riemannian_geometry
1931,Sectional curvature,Category:Riemannian_geometry
1932,Riemannian manifold,Category:Riemannian_geometry
1933,Curvature of Riemannian manifolds,Category:Riemannian_geometry
1934,Exponential map,Category:Riemannian_geometry
1935,Geodesic,Category:Riemannian_geometry
1936,Riemannian geometry,Category:Riemannian_geometry
1937,Levi-Civita connection,Category:Riemannian_geometry
1938,Pseudo-Riemannian manifold,Category:Riemannian_geometry
1939,Glossary of Riemannian and metric geometry,Category:Riemannian_geometry
1940,Jacobi field,Category:Riemannian_geometry
1941,Christoffel symbols,Category:Riemannian_geometry
1942,Einstein notation,Category:Riemannian_geometry
1943,Hermitian manifold,Category:Riemannian_geometry
1944,Riemann curvature tensor,Category:Riemannian_geometry
1945,Ricci curvature,Category:Riemannian_geometry
1946,List of formulas in Riemannian geometry,Category:Riemannian_geometry
1947,Ricci flow,Category:Riemannian_geometry
1948,Geodesics as Hamiltonian flows,Category:Riemannian_geometry
1949,GaussCodazzi equations,Category:Riemannian_geometry
1950,Spherical 3-manifold,Category:Riemannian_geometry
1951,Metric connection,Category:Riemannian_geometry
1952,Killing vector field,Category:Riemannian_geometry
1953,Normal coordinates,Category:Riemannian_geometry
1954,Sub-Riemannian manifold,Category:Riemannian_geometry
1955,Geometrization conjecture,Category:Riemannian_geometry
1956,Curvature invariant,Category:Riemannian_geometry
1957,Geodesic manifold,Category:Riemannian_geometry
1958,Cut locus (Riemannian manifold),Category:Riemannian_geometry
1959,Geodesic convexity,Category:Riemannian_geometry
1960,Thurston elliptization conjecture,Category:Riemannian_geometry
1961,Geodesic curvature,Category:Riemannian_geometry
1962,CartanKarlhede algorithm,Category:Riemannian_geometry
1963,BishopGromov inequality,Category:Riemannian_geometry
1964,Scalar curvature,Category:Riemannian_geometry
1965,Gravitational instanton,Category:Riemannian_geometry
1966,Weyl tensor,Category:Riemannian_geometry
1967,Einstein manifold,Category:Riemannian_geometry
1968,Line element,Category:Riemannian_geometry
1969,Conformally flat manifold,Category:Riemannian_geometry
1970,Cotton tensor,Category:Riemannian_geometry
1971,Schouten tensor,Category:Riemannian_geometry
1972,Killing tensor,Category:Riemannian_geometry
1973,Orthonormal frame,Category:Riemannian_geometry
1974,Conjugate points,Category:Riemannian_geometry
1975,Isoparametric manifold,Category:Riemannian_geometry
1976,Fermi coordinates,Category:Riemannian_geometry
1977,Poset topology,Category:General_topology
1978,Lawson topology,Category:General_topology
1979,Wallman compactification,Category:General_topology
1980,Adherent point,Category:General_topology
1981,Pair of spaces,Category:General_topology
1982,Volterra's function,Category:General_topology
1983,Epsilon-neighborhood,Category:General_topology
1984,Half-disk topology,Category:General_topology
1985,Interlocking interval topology,Category:General_topology
1986,Lexicographic order topology on the unit square,Category:General_topology
1987,Unicoherent,Category:General_topology
1988,Closeness (mathematics),Category:General_topology
1989,Upper topology,Category:General_topology
1990,Pretopological space,Category:General_topology
1991,Point-finite collection,Category:General_topology
1992,Topological game,Category:General_topology
1993,BanachMazur game,Category:General_topology
1994,Countably generated space,Category:General_topology
1995,Completely uniformizable space,Category:General_topology
1996,Completely metrizable space,Category:General_topology
1997,Saturated set,Category:General_topology
1998,Prime integer topology,Category:General_topology
1999,Composant,Category:General_topology
2000,Evenly spaced integer topology,Category:General_topology
2001,Rational sequence topology,Category:General_topology
2002,Double origin topology,Category:General_topology
2003,Nested interval topology,Category:General_topology
2004,Hedgehog space,Category:General_topology
2005,Alexandroff extension,Category:General_topology
2006,Pointclass,Category:General_topology
2007,Coercive function,Category:General_topology
2008,Baire function,Category:General_topology
2009,Locally finite collection,Category:General_topology
2010,Spectral space,Category:General_topology
2011,Sequential space,Category:General_topology
2012,-compact space,Category:General_topology
2013,Moore space (topology),Category:General_topology
2014,Meagre set,Category:General_topology
2015,Cocountable topology,Category:General_topology
2016,Comparison of topologies,Category:General_topology
2017,Stoneech compactification,Category:General_topology
2018,Boundary (topology),Category:General_topology
2019,Totally disconnected space,Category:General_topology
2020,Open and closed maps,Category:General_topology
2021,Interior (topology),Category:General_topology
2022,Dense set,Category:General_topology
2023,Sierpiski space,Category:General_topology
2024,Order topology,Category:General_topology
2025,Connected space,Category:General_topology
2026,Separable space,Category:General_topology
2027,Open set,Category:General_topology
2028,Closed set,Category:General_topology
2029,List of general topology topics,Category:General_topology
2030,Second-countable space,Category:General_topology
2031,Closure (topology),Category:General_topology
2032,First-countable space,Category:General_topology
2033,Locally compact space,Category:General_topology
2034,Locally connected space,Category:General_topology
2035,Base (topology),Category:General_topology
2036,G set,Category:General_topology
2037,Counterexamples in Topology,Category:General_topology
2038,General topology,Category:General_topology
2039,Compact-open topology,Category:General_topology
2040,Neighbourhood (mathematics),Category:General_topology
2041,Isolated point,Category:General_topology
2042,Subbase,Category:General_topology
2043,Cofiniteness,Category:General_topology
2044,Clopen set,Category:General_topology
2045,Disjoint union (topology),Category:General_topology
2046,Topological indistinguishability,Category:General_topology
2047,Cylinder set,Category:General_topology
2048,Nowhere dense set,Category:General_topology
2049,Initial topology,Category:General_topology
2050,Compactly generated space,Category:General_topology
2051,Zariski topology,Category:General_topology
2052,Irreducible component,Category:General_topology
2053,Local property,Category:General_topology
2054,Local homeomorphism,Category:General_topology
2055,Final topology,Category:General_topology
2056,Category of topological spaces,Category:General_topology
2057,Gluing axiom,Category:General_topology
2058,Pointless topology,Category:General_topology
2059,Filter (mathematics),Category:General_topology
2060,Directed set,Category:General_topology
2061,Embedding,Category:General_topology
2062,List of examples in general topology,Category:General_topology
2063,Coherent topology,Category:General_topology
2064,Generic point,Category:General_topology
2065,End (topology),Category:General_topology
2066,Hilbert manifold,Category:General_topology
2067,Axiom of countability,Category:General_topology
2068,Neighbourhood system,Category:General_topology
2069,Cauchy space,Category:General_topology
2070,Baire set,Category:General_topology
2071,Sober space,Category:General_topology
2072,Scott continuity,Category:General_topology
2073,Compactly embedded,Category:General_topology
2074,Divisor topology,Category:General_topology
2075,Polish space,Category:General_topology
2076,Finite intersection property,Category:General_topology
2077,N-connected,Category:General_topology
2078,Derived set (mathematics),Category:General_topology
2079,Mapping torus,Category:General_topology
2080,N-skeleton,Category:General_topology
2081,Exterior (topology),Category:General_topology
2082,Cut-point,Category:General_topology
2083,Set-theoretic topology,Category:General_topology
2084,Stone functor,Category:General_topology
2085,Weak Hausdorff space,Category:General_topology
2086,Y-homeomorphism,Category:Geometric_topology
2087,Alexander's trick,Category:Geometric_topology
2088,Slam-dunk,Category:Geometric_topology
2089,Fake 4-ball,Category:Geometric_topology
2090,Casson handle,Category:Geometric_topology
2091,Triple torus,Category:Geometric_topology
2092,Spherical space form conjecture,Category:Geometric_topology
2093,Ropelength,Category:Geometric_topology
2094,Knot thickness,Category:Geometric_topology
2095,Milnor conjecture (topology),Category:Geometric_topology
2096,KirbySiebenmann class,Category:Geometric_topology
2097,Surface bundle,Category:Geometric_topology
2098,Cinquefoil knot,Category:Geometric_topology
2099,Lantern relation,Category:Geometric_topology
2100,Tubular neighborhood,Category:Geometric_topology
2101,Hauptvermutung,Category:Geometric_topology
2102,Fundamental polygon,Category:Geometric_topology
2103,Real projective plane,Category:Geometric_topology
2104,Klein bottle,Category:Geometric_topology
2105,Mapping class group,Category:Geometric_topology
2106,Surface,Category:Geometric_topology
2107,Closed manifold,Category:Geometric_topology
2108,Piecewise linear manifold,Category:Geometric_topology
2109,Whitehead torsion,Category:Geometric_topology
2110,Generalized Poincar conjecture,Category:Geometric_topology
2111,Dehn function,Category:Geometric_topology
2112,Train track map,Category:Geometric_topology
2113,Whitehead manifold,Category:Geometric_topology
2114,Handle decomposition,Category:Geometric_topology
2115,Handlebody,Category:Geometric_topology
2116,Borel conjecture,Category:Geometric_topology
2117,Geometric topology,Category:Geometric_topology
2118,Dehn twist,Category:Geometric_topology
2119,4-manifold,Category:Geometric_topology
2120,Boy's surface,Category:Geometric_topology
2121,Signature (topology),Category:Geometric_topology
2122,Novikov conjecture,Category:Geometric_topology
2123,Pseudo-Anosov map,Category:Geometric_topology
2124,3-manifold,Category:Geometric_topology
2125,Seifert fiber space,Category:Geometric_topology
2126,Hyperbolic 3-manifold,Category:Geometric_topology
2127,Torus bundle,Category:Geometric_topology
2128,Manifold decomposition,Category:Geometric_topology
2129,Heegaard splitting,Category:Geometric_topology
2130,Gieseking manifold,Category:Geometric_topology
2131,2-sided,Category:Geometric_topology
2132,E8 manifold,Category:Geometric_topology
2133,Kirby calculus,Category:Geometric_topology
2134,Clasper (mathematics),Category:Geometric_topology
2135,Seifert surface,Category:Geometric_topology
2136,History of knot theory,Category:Geometric_topology
2137,Borromean rings,Category:Geometric_topology
2138,Figure-eight knot (mathematics),Category:Geometric_topology
2139,Trefoil knot,Category:Geometric_topology
2140,Unknotting problem,Category:Geometric_topology
2141,Clifford torus,Category:Geometric_topology
2142,Symplectic filling,Category:Geometric_topology
2143,Orientation character,Category:Geometric_topology
2144,Casson invariant,Category:Geometric_topology
2145,I-bundle,Category:Geometric_topology
2146,Boundary parallel,Category:Geometric_topology
2147,Intersection form (4-manifold),Category:Geometric_topology
2148,Trigenus,Category:Geometric_topology
2149,Branched surface,Category:Geometric_topology
2150,5-manifold,Category:Geometric_topology
2151,De Rham invariant,Category:Geometric_topology
2152,PDIFF,Category:Geometric_topology
2153,Dogbone space,Category:Geometric_topology
2154,Cellular decomposition,Category:Geometric_topology
2155,Bing shrinking,Category:Geometric_topology
2156,Crumpled cube,Category:Geometric_topology
2157,Moise's theorem,Category:Geometric_topology
2158,DE-9IM,Category:Geometric_topology
2159,Whitney disk,Category:Geometric_topology
2160,Double suspension theorem,Category:Geometric_topology
2161,Plateau (mathematics),Category:Topology
2162,Covering number,Category:Topology
2163,Shelling (topology),Category:Topology
2164,Ribbon theory,Category:Topology
2165,Topological computing,Category:Topology
2166,Lebesgue's number lemma,Category:Topology
2167,Lakes of Wada,Category:Topology
2168,Subnet (mathematics),Category:Topology
2169,Cauchy net,Category:Topology
2170,Antoine's necklace,Category:Topology
2171,Clutching construction,Category:Topology
2172,Double tangent bundle,Category:Topology
2173,Secondary vector bundle structure,Category:Topology
2174,Topological semigroup,Category:Topology
2175,Paratopological group,Category:Topology
2176,Algebraic interior,Category:Topology
2177,Handle decompositions of 3-manifolds,Category:Topology
2178,Kuratowski's closure-complement problem,Category:Topology
2179,Topological quantum computer,Category:Topology
2180,Space,Category:Topology
2181,Weakly contractible,Category:Topology
2182,Normal tube,Category:Topology
2183,Square knot (mathematics),Category:Topology
2184,Granny knot (mathematics),Category:Topology
2185,Morita conjectures,Category:Topology
2186,Train track,Category:Topology
2187,Lamination (topology),Category:Topology
2188,Topology optimization,Category:Topology
2189,Hutchinson metric,Category:Topology
2190,Dispersion point,Category:Topology
2191,Door space,Category:Topology
2192,Star refinement,Category:Topology
2193,De Groot dual,Category:Topology
2194,Bitopological space,Category:Topology
2195,Pairwise Stone space,Category:Topology
2196,Volterra space,Category:Topology
2197,Semiregular space,Category:Topology
2198,Relative interior,Category:Topology
2199,Band sum,Category:Topology
2200,Invertible knot,Category:Topology
2201,Stevedore knot (mathematics),Category:Topology
2202,6 knot,Category:Topology
2203,6 knot,Category:Topology
2204,Three-twist knot,Category:Topology
2205,7 knot,Category:Topology
2206,Nielsen theory,Category:Topology
2207,Euclidean topology,Category:Topology
2208,Locally Hausdorff space,Category:Topology
2209,Locally normal space,Category:Topology
2210,Locally regular space,Category:Topology
2211,Equidimensionality,Category:Topology
2212,Nerve of a covering,Category:Topology
2213,Whitehead's point-free geometry,Category:Topology
2214,Mereotopology,Category:Topology
2215,O-minimal theory,Category:Topology
2216,Non-Hausdorff manifold,Category:Topology
2217,F set,Category:Topology
2218,Induced topology,Category:Topology
2219,Hopf conjecture,Category:Topology
2220,Noncommutative topology,Category:Topology
2221,Simplex,Category:Topology
2222,Simplicial sphere,Category:Topology
2223,Shape theory (mathematics),Category:Topology
2224,Frchet distance,Category:Topology
2225,Alexander horned sphere,Category:Topology
2226,Strong topology,Category:Topology
2227,Fractal,Category:Topology
2228,Coarse structure,Category:Topology
2229,Antipodal point,Category:Topology
2230,Urysohn's lemma,Category:Topology
2231,Deformation retract,Category:Topology
2232,Bernoulli number,Category:Topology
2233,Mbius strip,Category:Topology
2234,Weak topology,Category:Topology
2235,Net (mathematics),Category:Topology
2236,Limit point,Category:Topology
2237,Partition of unity,Category:Topology
2238,Hausdorff space,Category:Topology
2239,Metric space,Category:Topology
2240,Product topology,Category:Topology
2241,Topology,Category:Topology
2242,Topological space,Category:Topology
2243,Tychonoff space,Category:Topology
2244,Glossary of topology,Category:Topology
2245,Normal space,Category:Topology
2246,Separation axiom,Category:Topology
2247,Regular space,Category:Topology
2248,Discrete space,Category:Topology
2249,Kolmogorov space,Category:Topology
2250,T1 space,Category:Topology
2251,Separated sets,Category:Topology
2252,Quotient space,Category:Topology
2253,Lindelf space,Category:Topology
2254,Trivial topology,Category:Topology
2255,Unit interval,Category:Topology
2256,Subspace topology,Category:Topology
2257,Linear continuum,Category:Topology
2258,Cover (topology),Category:Topology
2259,Specialization (pre)order,Category:Topology
2260,Interval (mathematics),Category:Topology
2261,Borel set,Category:Topology
2262,Cauchy sequence,Category:Topology
2263,Pointed space,Category:Topology
2264,Higher-dimensional algebra,Category:Topology
2265,Algebraic topology,Category:Topology
2266,Simplicial complex,Category:Topology
2267,Path (topology),Category:Topology
2268,Kernel (set theory),Category:Topology
2269,Descent (category theory),Category:Topology
2270,Germ (mathematics),Category:Topology
2271,Contractible space,Category:Topology
2272,Cone (topology),Category:Topology
2273,Limit (mathematics),Category:Topology
2274,Support (mathematics),Category:Topology
2275,Ball (mathematics),Category:Topology
2276,Metric (mathematics),Category:Topology
2277,Classification of manifolds,Category:Topology
2278,Sphere,Category:Topology
2279,Manifold,Category:Topology
2280,Curve,Category:Topology
2281,Smash product,Category:Topology
2282,Suspension (topology),Category:Topology
2283,Triangulation (topology),Category:Topology
2284,Wedge sum,Category:Topology
2285,Adjunction space,Category:Topology
2286,Configuration space,Category:Topology
2287,Homeomorphism group,Category:Topology
2288,Topological module,Category:Topology
2289,Verdier duality,Category:Topology
2290,Modes of convergence,Category:Topology
2291,Perfect space,Category:Topology
2292,Duality theory for distributive lattices,Category:Topology
2293,Nowhere continuous function,Category:Topology
2294,Low-dimensional topology,Category:Topology
2295,Loop space,Category:Topology
2296,Loop (topology),Category:Topology
2297,Twisted K-theory,Category:Topology
2298,Topological quantum field theory,Category:Topology
2299,Open book decomposition,Category:Topology
2300,Solid torus,Category:Topology
2301,Ambient isotopy,Category:Topology
2302,Compact complement topology,Category:Topology
2303,Quantum topology,Category:Topology
2304,Natural topology,Category:Topology
2305,Priestley space,Category:Topology
2306,Esakia space,Category:Topology
2307,Esakia duality,Category:Topology
2308,Seven Bridges of Knigsberg,Category:Topology
2309,Prosolvable group,Category:Topology
2310,Topological degree theory,Category:Topology
2311,Corona set,Category:Topology
2312,Dense-in-itself,Category:Topology
2313,Chu space,Category:Topology
2314,Complementarity theory,Category:Topology
2315,Coincidence point,Category:Topology
2316,Tube lemma,Category:Topology
2317,Lindelf's lemma,Category:Topology
2318,Fixed point index,Category:Topology
2319,Derivative algebra (abstract algebra),Category:Topology
2320,Free loop,Category:Topology
2321,Akbulut cork,Category:Topology
2322,Digital Morse theory,Category:Topology
2323,Transversality theorem,Category:Topology
2324,Constructible set (topology),Category:Topology
2325,Local flatness,Category:Topology
2326,Tonnetz,Category:Topology
2327,Listing number,Category:Topology
2328,Nearly Khler manifold,Category:Topology
2329,Sub-Stonean space,Category:Topology
2330,Rickart space,Category:Topology
2331,Size pair,Category:Topology
2332,Size function,Category:Topology
2333,Matching distance,Category:Topology
2334,Size theory,Category:Topology
2335,Region (mathematical analysis),Category:Topology
2336,Quasi-interior,Category:Topology
2337,Penrose triangle,Category:Geometry
2338,Moir pattern,Category:Geometry
2339,Spherical angle,Category:Geometry
2340,Flower of Life,Category:Geometry
2341,Wendel's theorem,Category:Geometry
2342,Complex polytope,Category:Geometry
2343,Symmetry group,Category:Geometry
2344,Chirality (mathematics),Category:Geometry
2345,Facet (mathematics),Category:Geometry
2346,Edge (geometry),Category:Geometry
2347,Geometry,Category:Geometry
2348,Cell (geometry),Category:Geometry
2349,Vertex figure,Category:Geometry
2350,Polychoron,Category:Geometry
2351,Polytope,Category:Geometry
2352,Duoprism,Category:Geometry
2353,Hexagon,Category:Geometry
2354,Polyhedron,Category:Geometry
2355,Polygon,Category:Geometry
2356,Triaprism,Category:Geometry
2357,Antiparallelogram,Category:Geometry
2358,Sphericity,Category:Geometry
2359,Prismatic surface,Category:Geometry
2360,Extension of a polyhedron,Category:Geometry
2361,Metatron's Cube,Category:Geometry
2362,Flexagon,Category:Geometry
2363,Chiral polytope,Category:Geometry
2364,Lute of Pythagoras,Category:Geometry
2365,Mass point geometry,Category:Geometry
2366,Surface-area-to-volume ratio,Category:Geometry
2367,BoerdijkCoxeter helix,Category:Geometry
2368,Tetrahedron packing,Category:Geometry
2369,Girih tiles,Category:Geometry
2370,Base (geometry),Category:Geometry
2371,Visual calculus,Category:Geometry
2372,Gradient pattern analysis,Category:Geometry
2373,Euler spiral,Category:Geometry
2374,Visibility (geometry),Category:Geometry
2375,Minimum bounding box,Category:Geometry
2376,Coaxial,Category:Geometry
2377,Direction (geometry),Category:Geometry
2378,Fundamental plane (spherical coordinates),Category:Geometry
2379,Compactness measure of a shape,Category:Geometry
2380,Rigid origami,Category:Geometry
2381,Homoeoid,Category:Geometry
2382,Focaloid,Category:Geometry
2383,Complex line,Category:Geometry
2384,Spherical sector,Category:Geometry
2385,Spherical wedge,Category:Geometry
2386,Spherical segment,Category:Geometry
2387,Hypercycle (geometry),Category:Geometry
2388,Chebyshev center,Category:Geometry
2389,Shape moir,Category:Geometry
2390,Line moir,Category:Geometry
2391,Ktyyana,Category:Geometry
2392,Thomson cubic,Category:Geometry
2393,Radius,Category:Geometry
2394,Coplanarity,Category:Geometry
2395,Small-angle approximation,Category:Geometry
2396,Hyperbolic spiral,Category:Geometry
2397,Helmert transformation,Category:Geometry
2398,Vertical direction,Category:Geometry
2399,Angular eccentricity,Category:Geometry
2400,Minimum bounding rectangle,Category:Geometry
2401,Contour line,Category:Geometry
2402,Benz plane,Category:Geometry
2403,Lateral surface,Category:Geometry
2404,Slant height,Category:Geometry
2405,Reverse reconstruction,Category:Geometry
2406,Sphere-world,Category:Geometry
2407,Sacred geometry,Category:Geometry
2408,Miller index,Category:Geometry
2409,Solid angle,Category:Geometry
2410,Position (vector),Category:Geometry
2411,Quantum spacetime,Category:Geometry
2412,Minkowski space,Category:Geometry
2413,Superspace,Category:Geometry
2414,Minkowski diagram,Category:Geometry
2415,PeaucellierLipkin linkage,Category:Geometry
2416,Concentric,Category:Geometry
2417,Shape factor (image analysis and microscopy),Category:Geometry
2418,Fredholm module,Category:Geometry
2419,Hesse normal form,Category:Geometry
2420,Vector area,Category:Geometry
2421,Reeb vector field,Category:Geometry
2422,Pregeometry (model theory),Category:Geometry
2423,Quasisymmetric map,Category:Geometry
2424,Centerpoint (geometry),Category:Geometry
2425,Distortion (mathematics),Category:Geometry
2426,Complex space,Category:Geometry
2427,Hermite constant,Category:Geometry
2428,Tropical geometry,Category:Geometry
2429,Relative dimension,Category:Geometry
2430,Link (geometry),Category:Geometry
2431,Line-line intersection,Category:Geometry
2432,Duocylinder,Category:Geometry
2433,Poincar disk model,Category:Geometry
2434,Conjugate diameters,Category:Geometry
2435,Extremal length,Category:Geometry
2436,Systolic geometry,Category:Geometry
2437,Systoles of surfaces,Category:Geometry
2438,Gromov's systolic inequality for essential manifolds,Category:Geometry
2439,Essential manifold,Category:Geometry
2440,Introduction to systolic geometry,Category:Geometry
2441,Gromov's inequality for complex projective space,Category:Geometry
2442,Villarceau circles,Category:Geometry
2443,Plane curve,Category:Geometry
2444,Ford circle,Category:Geometry
2445,Stack (descent theory),Category:Geometry
2446,Unit square,Category:Geometry
2447,Integral geometry,Category:Geometry
2448,Enumerative geometry,Category:Geometry
2449,Circumference,Category:Geometry
2450,Birational geometry,Category:Geometry
2451,Convex cone,Category:Geometry
2452,List of geometry topics,Category:Geometry
2453,Point groups in two dimensions,Category:Geometry
2454,Translation (geometry),Category:Geometry
2455,Perpendicular,Category:Geometry
2456,Zero set,Category:Geometry
2457,Isometry,Category:Geometry
2458,Analytic geometry,Category:Geometry
2459,Projective geometry,Category:Geometry
2460,Quadric,Category:Geometry
2461,Hyperboloid model,Category:Geometry
2462,Affine geometry,Category:Geometry
2463,Cone (linear algebra),Category:Geometry
2464,Non-Euclidean geometry,Category:Geometry
2465,Codimension,Category:Geometry
2466,Hyperbolic geometry,Category:Geometry
2467,List of differential geometry topics,Category:Geometry
2468,Homogeneous space,Category:Geometry
2469,Synthetic geometry,Category:Geometry
2470,Transversality (mathematics),Category:Geometry
2471,History of geometry,Category:Geometry
2472,Geometry and topology,Category:Geometry
2473,General position,Category:Geometry
2474,Scaling (geometry),Category:Geometry
2475,Unit hyperbola,Category:Geometry
2476,Transformation geometry,Category:Geometry
2477,Real tree,Category:Geometry
2478,Curvature of a measure,Category:Geometry
2479,Matroid,Category:Geometry
2480,Transformation (function),Category:Geometry
2481,Outline of geometry,Category:Geometry
2482,Ordered geometry,Category:Geometry
2483,Ambient space,Category:Geometry
2484,Householder transformation,Category:Geometry
2485,Extreme point,Category:Geometry
2486,Axis-angle representation,Category:Geometry
2487,Complex reflection group,Category:Geometry
2488,Incidence geometry,Category:Geometry
2489,Lipschitz domain,Category:Geometry
2490,Convex body,Category:Geometry
2491,Homothetic transformation,Category:Geometry
2492,The Geometry Center,Category:Geometry
2493,MinkowskiSteiner formula,Category:Geometry
2494,BrascampLieb inequality,Category:Geometry
2495,Menger curvature,Category:Geometry
2496,Quasiconformal mapping,Category:Geometry
2497,Adjacent,Category:Geometry
2498,Tutte polynomial,Category:Geometry
2499,Cavalieri's principle,Category:Geometry
2500,Mathematical visualization,Category:Geometry
2501,Triangulation (geometry),Category:Geometry
2502,Oval,Category:Geometry
2503,Subtended angle,Category:Geometry
2504,Porism,Category:Geometry
2505,Flatness (mathematics),Category:Geometry
2506,N-dimensional space,Category:Geometry
2507,Orthogonal trajectory,Category:Geometry
2508,Minkowski's first inequality for convex bodies,Category:Geometry
2509,Shephard's problem,Category:Geometry
2510,Affine arithmetic,Category:Geometry
2511,John ellipsoid,Category:Geometry
2512,LoomisWhitney inequality,Category:Geometry
2513,Transversal plane,Category:Geometry
2514,Woo circles,Category:Geometry
2515,Coordinate-free,Category:Geometry
2516,Spirangle,Category:Geometry
2517,Supertoroid,Category:Geometry
2518,Semidiameter,Category:Geometry
2519,Dehn planes,Category:Geometry
2520,Equidimensional,Category:Geometry
2521,Equipollence (geometry),Category:Geometry
2522,Linear separability,Category:Geometry
2523,Strhle construction,Category:Geometry
2524,Corner-point grid,Category:Geometry
2525,Clifford parallel,Category:Geometry
2526,Polar sine,Category:Geometry
2527,Trope (mathematics),Category:Geometry
2528,Supporting line,Category:Geometry
2529,Balbis,Category:Geometry
2530,Ageometresia,Category:Geometry
2531,Gyroid,Category:Geometry
2532,Manipulability ellipsoid,Category:Geometry
2533,Isosurface,Category:Geometry
2534,Euler operator,Category:Geometry
2535,BackusGilbert method,Category:Linear_algebra
2536,Direction vector,Category:Linear_algebra
2537,Orthant,Category:Linear_algebra
2538,Trilinear coordinates,Category:Linear_algebra
2539,Entanglement-assisted stabilizer formalism,Category:Linear_algebra
2540,Bidiagonal matrix,Category:Linear_algebra
2541,Hurwitz determinant,Category:Linear_algebra
2542,Dieudonn determinant,Category:Linear_algebra
2543,Woodbury matrix identity,Category:Linear_algebra
2544,Nonnegative rank (linear algebra),Category:Linear_algebra
2545,Orthogonal Procrustes problem,Category:Linear_algebra
2546,Sublinear function,Category:Linear_algebra
2547,Z-order curve,Category:Linear_algebra
2548,Whitehead's lemma,Category:Linear_algebra
2549,Joint spectral radius,Category:Linear_algebra
2550,Rule of Sarrus,Category:Linear_algebra
2551,Cofactor (linear algebra),Category:Linear_algebra
2552,Steinitz exchange lemma,Category:Linear_algebra
2553,Conformable matrix,Category:Linear_algebra
2554,Nonlinear eigenproblem,Category:Linear_algebra
2555,Quadratic eigenvalue problem,Category:Linear_algebra
2556,Matrix pencil,Category:Linear_algebra
2557,Schmidt decomposition,Category:Linear_algebra
2558,Purification of quantum state,Category:Linear_algebra
2559,Stabilizer code,Category:Linear_algebra
2560,Bra-ket notation,Category:Linear_algebra
2561,Zech's logarithms,Category:Linear_algebra
2562,Peetre's inequality,Category:Linear_algebra
2563,Hermite normal form,Category:Linear_algebra
2564,Independent equation,Category:Linear_algebra
2565,Dual norm,Category:Linear_algebra
2566,Mixed linear complementarity problem,Category:Linear_algebra
2567,Commutation matrix,Category:Linear_algebra
2568,Semi-simple operator,Category:Linear_algebra
2569,Skew-Hamiltonian matrix,Category:Linear_algebra
2570,Segre classification,Category:Linear_algebra
2571,Matrix difference equation,Category:Linear_algebra
2572,Indeterminate system,Category:Linear_algebra
2573,Tikhonov regularization,Category:Linear_algebra
2574,Non-negative matrix factorization,Category:Linear_algebra
2575,Complex vector space,Category:Linear_algebra
2576,Majorization,Category:Linear_algebra
2577,Asymmetric norm,Category:Linear_algebra
2578,Projection-valued measure,Category:Linear_algebra
2579,Eigenplane,Category:Linear_algebra
2580,Hyperplane,Category:Linear_algebra
2581,Barycentric coordinate system (mathematics),Category:Linear_algebra
2582,Reality structure,Category:Linear_algebra
2583,Balanced set,Category:Linear_algebra
2584,Null vector,Category:Linear_algebra
2585,Dual basis,Category:Linear_algebra
2586,Spinors in three dimensions,Category:Linear_algebra
2587,Vector-valued function,Category:Linear_algebra
2588,Coordinate space,Category:Linear_algebra
2589,Matrix calculus,Category:Linear_algebra
2590,Row vector,Category:Linear_algebra
2591,Seven-dimensional cross product,Category:Linear_algebra
2592,Line segment,Category:Linear_algebra
2593,Homogeneous function,Category:Linear_algebra
2594,Triangle inequality,Category:Linear_algebra
2595,Examples of vector spaces,Category:Linear_algebra
2596,Split-complex number,Category:Linear_algebra
2597,Category of vector spaces,Category:Linear_algebra
2598,Direct sum of modules,Category:Linear_algebra
2599,Quadratic form,Category:Linear_algebra
2600,Hilbert space,Category:Linear_algebra
2601,Homogeneous coordinates,Category:Linear_algebra
2602,Linear complex structure,Category:Linear_algebra
2603,Norm (mathematics),Category:Linear_algebra
2604,Symplectic vector space,Category:Linear_algebra
2605,Standard basis,Category:Linear_algebra
2606,Column vector,Category:Linear_algebra
2607,Coordinate vector,Category:Linear_algebra
2608,Linear algebra,Category:Linear_algebra
2609,Trace (linear algebra),Category:Linear_algebra
2610,Basis (linear algebra),Category:Linear_algebra
2611,Dimension (vector space),Category:Linear_algebra
2612,Euclidean subspace,Category:Linear_algebra
2613,Dot product,Category:Linear_algebra
2614,Unit vector,Category:Linear_algebra
2615,Euclidean space,Category:Linear_algebra
2616,Affine space,Category:Linear_algebra
2617,Orientation (vector space),Category:Linear_algebra
2618,Spectral theory,Category:Linear_algebra
2619,Invariant subspace,Category:Linear_algebra
2620,CauchySchwarz inequality,Category:Linear_algebra
2621,Flag (linear algebra),Category:Linear_algebra
2622,Change of basis,Category:Linear_algebra
2623,Complex conjugate vector space,Category:Linear_algebra
2624,Pseudovector,Category:Linear_algebra
2625,Levi-Civita symbol,Category:Linear_algebra
2626,Complex structure,Category:Linear_algebra
2627,Newton's identities,Category:Linear_algebra
2628,Flat (geometry),Category:Linear_algebra
2629,Projectivization,Category:Linear_algebra
2630,Trace diagram,Category:Linear_algebra
2631,Graded vector space,Category:Linear_algebra
2632,Pseudoscalar,Category:Linear_algebra
2633,Toeplitz matrix,Category:Linear_algebra
2634,Shear matrix,Category:Linear_algebra
2635,Spread of a matrix,Category:Linear_algebra
2636,Field of values,Category:Linear_algebra
2637,Adjugate matrix,Category:Linear_algebra
2638,Orthogonal basis,Category:Linear_algebra
2639,Invertible matrix,Category:Linear_algebra
2640,Rank (linear algebra),Category:Linear_algebra
2641,Jordan normal form,Category:Linear_algebra
2642,Conjugate transpose,Category:Linear_algebra
2643,Eigendecomposition of a matrix,Category:Linear_algebra
2644,System of linear equations,Category:Linear_algebra
2645,Matrix norm,Category:Linear_algebra
2646,Frobenius normal form,Category:Linear_algebra
2647,Matrix congruence,Category:Linear_algebra
2648,Row space,Category:Linear_algebra
2649,Ranknullity theorem,Category:Linear_algebra
2650,Kernel (matrix),Category:Linear_algebra
2651,Overdetermined system,Category:Linear_algebra
2652,Elementary matrix,Category:Linear_algebra
2653,Column space,Category:Linear_algebra
2654,Resolvent set,Category:Linear_algebra
2655,Orthogonalization,Category:Linear_algebra
2656,Rayleigh quotient,Category:Linear_algebra
2657,Defective matrix,Category:Linear_algebra
2658,Generalized eigenvector,Category:Linear_algebra
2659,Vectorization (mathematics),Category:Linear_algebra
2660,Transformation matrix,Category:Linear_algebra
2661,Leibniz formula for determinants,Category:Linear_algebra
2662,Rotation operator (vector space),Category:Linear_algebra
2663,Matrix addition,Category:Linear_algebra
2664,JordanChevalley decomposition,Category:Linear_algebra
2665,Fredholm alternative,Category:Linear_algebra
2666,List of vector spaces in mathematics,Category:Linear_algebra
2667,Linear inequality,Category:Linear_algebra
2668,Computing the permanent,Category:Linear_algebra
2669,Quaternionic vector space,Category:Linear_algebra
2670,Row equivalence,Category:Linear_algebra
2671,Rank factorization,Category:Linear_algebra
2672,ShermanMorrison formula,Category:Linear_algebra
2673,Matrix determinant lemma,Category:Linear_algebra
2674,Quaternionic matrix,Category:Linear_algebra
2675,Integer points in convex polyhedra,Category:Linear_algebra
2676,Linear complementarity problem,Category:Linear_algebra
2677,Centrosymmetric matrix,Category:Linear_algebra
2678,Schur complement,Category:Linear_algebra
2679,Invariants of tensors,Category:Linear_algebra
2680,Weyl's inequality,Category:Linear_algebra
2681,Underdetermined system,Category:Linear_algebra
2682,Generalized singular value decomposition,Category:Linear_algebra
2683,Lattice reduction,Category:Linear_algebra
2684,Pairing,Category:Linear_algebra
2685,Polynomial basis,Category:Linear_algebra
2686,Orthographic projection (geometry),Category:Linear_algebra
2687,Restricted isometry property,Category:Linear_algebra
2688,GoldenThompson inequality,Category:Linear_algebra
2689,Eigenvalue perturbation,Category:Linear_algebra
2690,K-frame,Category:Linear_algebra
2691,Frame (linear algebra),Category:Linear_algebra
2692,Overcompleteness,Category:Linear_algebra
2693,Quasinorm,Category:Linear_algebra
2694,Coefficient matrix,Category:Linear_algebra
2695,Mode of a linear field,Category:Linear_algebra
2696,Arithmetic derivative,Category:Number_theory
2697,De Polignac's formula,Category:Number_theory
2698,Squared triangular number,Category:Number_theory
2699,Taxicab number,Category:Number_theory
2700,Amicable number,Category:Number_theory
2701,Square number,Category:Number_theory
2702,Harmonic divisor number,Category:Number_theory
2703,Digit sum,Category:Number_theory
2704,Cube (algebra),Category:Number_theory
2705,Cyclic number,Category:Number_theory
2706,Friendly number,Category:Number_theory
2707,Proth number,Category:Number_theory
2708,Unitary divisor,Category:Number_theory
2709,Znm's problem,Category:Number_theory
2710,Perfect power,Category:Number_theory
2711,Prime signature,Category:Number_theory
2712,Sierpinski number,Category:Number_theory
2713,Fourth power,Category:Number_theory
2714,Lychrel number,Category:Number_theory
2715,Sociable number,Category:Number_theory
2716,Granville number,Category:Number_theory
2717,Persistence of a number,Category:Number_theory
2718,Postage stamp problem,Category:Number_theory
2719,Change-making problem,Category:Number_theory
2720,SchoofElkiesAtkin algorithm,Category:Number_theory
2721,P-adic order,Category:Number_theory
2722,SchwartzBruhat function,Category:Number_theory
2723,Ramanujan's congruences,Category:Number_theory
2724,Tau-function,Category:Number_theory
2725,Pairwise coprime,Category:Number_theory
2726,Proof of weak Scholz conjecture,Category:Number_theory
2727,Number Theory Foundation,Category:Number_theory
2728,Thbit ibn Kurrah rule,Category:Number_theory
2729,Euler's rule,Category:Number_theory
2730,ABC@Home,Category:Number_theory
2731,Lonely runner conjecture,Category:Number_theory
2732,ArtinHasse exponential,Category:Number_theory
2733,Marshall Hall's conjecture,Category:Number_theory
2734,JacobiMadden equation,Category:Number_theory
2735,Generalized taxicab number,Category:Number_theory
2736,Cabtaxi number,Category:Number_theory
2737,Brocard's problem,Category:Number_theory
2738,Kndel number,Category:Number_theory
2739,Stoneham number,Category:Number_theory
2740,Numerical semigroup,Category:Number_theory
2741,Jordan's totient function,Category:Number_theory
2742,Fermat quotient,Category:Number_theory
2743,FermatCatalan conjecture,Category:Number_theory
2744,Golomb ruler,Category:Number_theory
2745,Primon gas,Category:Number_theory
2746,Morton number (number theory),Category:Number_theory
2747,Arithmetic hyperbolic 3-manifold,Category:Number_theory
2748,Bonse's inequality,Category:Number_theory
2749,Elliptic divisibility sequence,Category:Number_theory
2750,Durfee square,Category:Number_theory
2751,Amenable number,Category:Number_theory
2752,Probabilistic number theory,Category:Number_theory
2753,Champernowne constant,Category:Number_theory
2754,Egyptian fraction,Category:Number_theory
2755,Integer square root,Category:Number_theory
2756,Remainder,Category:Number_theory
2757,Proofs of Fermat's little theorem,Category:Number_theory
2758,Local analysis,Category:Number_theory
2759,Automorphic form,Category:Number_theory
2760,Character group,Category:Number_theory
2761,Coprime,Category:Number_theory
2762,Number theory,Category:Number_theory
2763,P-adic number,Category:Number_theory
2764,Basel problem,Category:Number_theory
2765,Euclid,Category:Number_theory
2766,Analytic number theory,Category:Number_theory
2767,Disquisitiones Arithmeticae,Category:Number_theory
2768,Langlands program,Category:Number_theory
2769,Normal number,Category:Number_theory
2770,Schanuel's conjecture,Category:Number_theory
2771,Diophantine approximation,Category:Number_theory
2772,Quadratic irrational,Category:Number_theory
2773,Harmonic number,Category:Number_theory
2774,Natural number,Category:Number_theory
2775,Square-free integer,Category:Number_theory
2776,Euler's totient function,Category:Number_theory
2777,Euclid's lemma,Category:Number_theory
2778,Multiplicative partition,Category:Number_theory
2779,Vorlesungen ber Zahlentheorie,Category:Number_theory
2780,Primefree sequence,Category:Number_theory
2781,Abc conjecture,Category:Number_theory
2782,Congruent number,Category:Number_theory
2783,Euler's sum of powers conjecture,Category:Number_theory
2784,Semistable abelian variety,Category:Number_theory
2785,Skewes' number,Category:Number_theory
2786,Zolotarev's lemma,Category:Number_theory
2787,Birch and Swinnerton-Dyer conjecture,Category:Number_theory
2788,Ideal number,Category:Number_theory
2789,Abelian variety of CM-type,Category:Number_theory
2790,WeilChtelet group,Category:Number_theory
2791,Dirichlet convolution,Category:Number_theory
2792,Ramanujan's sum,Category:Number_theory
2793,Euler product,Category:Number_theory
2794,Greedy algorithm for Egyptian fractions,Category:Number_theory
2795,Fermat number,Category:Number_theory
2796,Radical of an integer,Category:Number_theory
2797,Divisor function,Category:Number_theory
2798,ChowlaSelberg formula,Category:Number_theory
2799,Linear forms in logarithms,Category:Number_theory
2800,Hecke character,Category:Number_theory
2801,Mertens conjecture,Category:Number_theory
2802,Lafforgue's theorem,Category:Number_theory
2803,Local Langlands conjectures,Category:Number_theory
2804,Journal of Number Theory,Category:Number_theory
2805,Arithmetic topology,Category:Number_theory
2806,Covering set,Category:Number_theory
2807,Farey sequence,Category:Number_theory
2808,Auxiliary function,Category:Number_theory
2809,Euler function,Category:Number_theory
2810,Q-Pochhammer symbol,Category:Number_theory
2811,Abel's summation formula,Category:Number_theory
2812,Paley graph,Category:Number_theory
2813,Computational number theory,Category:Number_theory
2814,SternBrocot tree,Category:Number_theory
2815,Schoof's algorithm,Category:Number_theory
2816,Beal's conjecture,Category:Number_theory
2817,Cyclic number (group theory),Category:Number_theory
2818,Coin problem,Category:Number_theory
2819,ProuhetThueMorse constant,Category:Number_theory
2820,Mbius transform,Category:Number_theory
2821,Dedekind sum,Category:Number_theory
2822,Covering system,Category:Number_theory
2823,Jacobi triple product,Category:Number_theory
2824,Cunningham project,Category:Number_theory
2825,Cunningham number,Category:Number_theory
2826,Vieta jumping,Category:Number_theory
2827,Niven's constant,Category:Number_theory
2828,Szpiro's conjecture,Category:Number_theory
2829,Ideal lattice cryptography,Category:Number_theory
2830,Arithmetic variety,Category:Number_theory
2831,ProuhetTarryEscott problem,Category:Number_theory
2832,Goormaghtigh conjecture,Category:Number_theory
2833,Collatz conjecture,Category:Number_theory
2834,Kummer's congruence,Category:Number_theory
2835,Brjuno number,Category:Number_theory
2836,Perfect digit-to-digit invariant,Category:Number_theory
2837,Diophantus II.VIII,Category:Number_theory
2838,FeitThompson conjecture,Category:Number_theory
2839,Erds arcsine law,Category:Number_theory
2840,Multiphysics Methods Group,Category:Numerical_analysis
2841,Constructions of low-discrepancy sequences,Category:Numerical_analysis
2842,Mesh generation,Category:Numerical_analysis
2843,Adaptive stepsize,Category:Numerical_analysis
2844,Predictor-corrector method,Category:Numerical_analysis
2845,Nystrm method,Category:Numerical_analysis
2846,Minimax approximation algorithm,Category:Numerical_analysis
2847,Piecewise linear continuation,Category:Numerical_analysis
2848,List of finite element software packages,Category:Numerical_analysis
2849,Multiphysics,Category:Numerical_analysis
2850,Hermes Project,Category:Numerical_analysis
2851,Superconvergence,Category:Numerical_analysis
2852,Error analysis,Category:Numerical_analysis
2853,Symbolic-numeric computation,Category:Numerical_analysis
2854,Differential algebraic equation,Category:Numerical_analysis
2855,List of uncertainty propagation software,Category:Numerical_analysis
2856,Hypot,Category:Numerical_analysis
2857,Numerical model of the Solar System,Category:Numerical_analysis
2858,BKM algorithm,Category:Numerical_analysis
2859,Guard digit,Category:Numerical_analysis
2860,Discretization error,Category:Numerical_analysis
2861,Complex wavelet transform,Category:Numerical_analysis
2862,Discrete wavelet transform,Category:Numerical_analysis
2863,Cascade algorithm,Category:Numerical_analysis
2864,Unisolvent functions,Category:Numerical_analysis
2865,Vector field reconstruction,Category:Numerical_analysis
2866,Local convergence,Category:Numerical_analysis
2867,Bernstein's constant,Category:Numerical_analysis
2868,Truncation error,Category:Numerical_analysis
2869,False precision,Category:Numerical_analysis
2870,Minimum polynomial extrapolation,Category:Numerical_analysis
2871,Loss of significance,Category:Numerical_analysis
2872,Computational magnetohydrodynamics,Category:Numerical_analysis
2873,Finite volume method,Category:Numerical_analysis
2874,Riemann solver,Category:Numerical_analysis
2875,Smoothed finite element method,Category:Numerical_analysis
2876,Weakened weak form,Category:Numerical_analysis
2877,G space,Category:Numerical_analysis
2878,Meshfree methods,Category:Numerical_analysis
2879,Dynamic relaxation,Category:Numerical_analysis
2880,Computational electromagnetics,Category:Numerical_analysis
2881,Movable cellular automaton,Category:Numerical_analysis
2882,Finite pointset method,Category:Numerical_analysis
2883,Acoustic analogy,Category:Numerical_analysis
2884,Fast multipole method,Category:Numerical_analysis
2885,Surrogate model,Category:Numerical_analysis
2886,Residual (numerical analysis),Category:Numerical_analysis
2887,Significance arithmetic,Category:Numerical_analysis
2888,Arithmetic precision,Category:Numerical_analysis
2889,Low-discrepancy sequence,Category:Numerical_analysis
2890,Shanks transformation,Category:Numerical_analysis
2891,Numerical continuation,Category:Numerical_analysis
2892,Newton fractal,Category:Numerical_analysis
2893,Computational statistics,Category:Numerical_analysis
2894,Propagation of uncertainty,Category:Numerical_analysis
2895,Nearest neighbor search,Category:Numerical_analysis
2896,Radial basis function,Category:Numerical_analysis
2897,Curse of dimensionality,Category:Numerical_analysis
2898,Richardson extrapolation,Category:Numerical_analysis
2899,CORDIC,Category:Numerical_analysis
2900,Lanczos approximation,Category:Numerical_analysis
2901,FEE method,Category:Numerical_analysis
2902,Well-posed problem,Category:Numerical_analysis
2903,Approximation theory,Category:Numerical_analysis
2904,Approximation,Category:Numerical_analysis
2905,Trigonometric tables,Category:Numerical_analysis
2906,Linear approximation,Category:Numerical_analysis
2907,Round-off error,Category:Numerical_analysis
2908,Iterative method,Category:Numerical_analysis
2909,Condition number,Category:Numerical_analysis
2910,Numerical integration,Category:Numerical_analysis
2911,Multigrid method,Category:Numerical_analysis
2912,Numerical differentiation,Category:Numerical_analysis
2913,Numerical stability,Category:Numerical_analysis
2914,Galerkin method,Category:Numerical_analysis
2915,Spectral method,Category:Numerical_analysis
2916,Difference quotient,Category:Numerical_analysis
2917,Pad table,Category:Numerical_analysis
2918,Pad approximant,Category:Numerical_analysis
2919,Horner scheme,Category:Numerical_analysis
2920,Aitken's delta-squared process,Category:Numerical_analysis
2921,Level set method,Category:Numerical_analysis
2922,Series acceleration,Category:Numerical_analysis
2923,Relative change and difference,Category:Numerical_analysis
2924,Transfer matrix,Category:Numerical_analysis
2925,Chebyshev nodes,Category:Numerical_analysis
2926,Successive parabolic interpolation,Category:Numerical_analysis
2927,Approximation error,Category:Numerical_analysis
2928,Pseudo-spectral method,Category:Numerical_analysis
2929,Orders of approximation,Category:Numerical_analysis
2930,Truncation,Category:Numerical_analysis
2931,Levinson recursion,Category:Numerical_analysis
2932,Semi-infinite programming,Category:Numerical_analysis
2933,International Workshops on Lattice QCD and Numerical Analysis,Category:Numerical_analysis
2934,Sinc numerical methods,Category:Numerical_analysis
2935,Sparse grid,Category:Numerical_analysis
2936,Bi-directional delay line,Category:Numerical_analysis
2937,Mexican hat wavelet,Category:Numerical_analysis
2938,Estrin's scheme,Category:Numerical_analysis
2939,Image-based meshing,Category:Numerical_analysis
2940,Level set (data structures),Category:Numerical_analysis
2941,Clenshaw algorithm,Category:Numerical_analysis
2942,Trajectory (fluid mechanics),Category:Numerical_analysis
2943,De Casteljau's algorithm,Category:Numerical_analysis
2944,De Boor's algorithm,Category:Numerical_analysis
2945,Blossom (functional),Category:Numerical_analysis
2946,CashKarp method,Category:Numerical_differential_equations
2947,DormandPrince method,Category:Numerical_differential_equations
2948,Dynamic errors of numerical methods of ODE discretization,Category:Numerical_differential_equations
2949,Backward differentiation formula,Category:Numerical_differential_equations
2950,Heun's method,Category:Numerical_differential_equations
2951,Midpoint method,Category:Numerical_differential_equations
2952,Adaptive mesh refinement,Category:Numerical_differential_equations
2953,Fast marching method,Category:Numerical_differential_equations
2954,Parallel mesh generation,Category:Numerical_differential_equations
2955,Analytic element method,Category:Numerical_differential_equations
2956,RungeKuttaFehlberg method,Category:Numerical_differential_equations
2957,Numerical resistivity,Category:Numerical_differential_equations
2958,Numerical diffusion,Category:Numerical_differential_equations
2959,Split-step method,Category:Numerical_differential_equations
2960,Modal analysis using FEM,Category:Numerical_differential_equations
2961,Constraint algorithm,Category:Numerical_differential_equations
2962,Numerov's method,Category:Numerical_differential_equations
2963,Kronecker sum of discrete Laplacians,Category:Numerical_differential_equations
2964,Eigenvalues and eigenvectors of the second derivative,Category:Numerical_differential_equations
2965,Direct multiple shooting method,Category:Numerical_differential_equations
2966,Interval boundary element method,Category:Numerical_differential_equations
2967,LaxWendroff method,Category:Numerical_differential_equations
2968,AUSM,Category:Numerical_differential_equations
2969,Total variation diminishing,Category:Numerical_differential_equations
2970,Flux limiter,Category:Numerical_differential_equations
2971,High-resolution scheme,Category:Numerical_differential_equations
2972,Godunov's scheme,Category:Numerical_differential_equations
2973,MUSCL scheme,Category:Numerical_differential_equations
2974,Shock capturing methods,Category:Numerical_differential_equations
2975,Upwind scheme,Category:Numerical_differential_equations
2976,MacCormack method,Category:Numerical_differential_equations
2977,Roe solver,Category:Numerical_differential_equations
2978,Stencil (numerical analysis),Category:Numerical_differential_equations
2979,FTCS scheme,Category:Numerical_differential_equations
2980,Compact stencil,Category:Numerical_differential_equations
2981,Non-compact stencil,Category:Numerical_differential_equations
2982,Five-point stencil,Category:Numerical_differential_equations
2983,Finite-difference time-domain method,Category:Numerical_differential_equations
2984,Smoothed-particle hydrodynamics,Category:Numerical_differential_equations
2985,Particle-in-cell,Category:Numerical_differential_equations
2986,Newmark-beta method,Category:Numerical_differential_equations
2987,Direct stiffness method,Category:Numerical_differential_equations
2988,Finite element method in structural mechanics,Category:Numerical_differential_equations
2989,Discrete element method,Category:Numerical_differential_equations
2990,Boundary element method,Category:Numerical_differential_equations
2991,Immersed boundary method,Category:Numerical_differential_equations
2992,Mimesis (mathematics),Category:Numerical_differential_equations
2993,Geometric integrator,Category:Numerical_differential_equations
2994,Shooting method,Category:Numerical_differential_equations
2995,RungeKutta method (SDE),Category:Numerical_differential_equations
2996,EulerMaruyama method,Category:Numerical_differential_equations
2997,Milstein method,Category:Numerical_differential_equations
2998,Ca's lemma,Category:Numerical_differential_equations
2999,Numerical ordinary differential equations,Category:Numerical_differential_equations
3000,Discrete Laplace operator,Category:Numerical_differential_equations
3001,RungeKutta methods,Category:Numerical_differential_equations
3002,Collocation method,Category:Numerical_differential_equations
3003,Explicit and implicit methods,Category:Numerical_differential_equations
3004,Stiff equation,Category:Numerical_differential_equations
3005,Euler method,Category:Numerical_differential_equations
3006,Linear multistep method,Category:Numerical_differential_equations
3007,Discrete Poisson equation,Category:Numerical_differential_equations
3008,LaxFriedrichs method,Category:Numerical_differential_equations
3009,Finite difference method,Category:Numerical_differential_equations
3010,CourantFriedrichsLewy condition,Category:Numerical_differential_equations
3011,Trefftz method,Category:Numerical_differential_equations
3012,Verlet integration,Category:Numerical_differential_equations
3013,Lax equivalence theorem,Category:Numerical_differential_equations
3014,Symplectic integrator,Category:Numerical_differential_equations
3015,Leapfrog integration,Category:Numerical_differential_equations
3016,Variational integrator,Category:Numerical_differential_equations
3017,Cell lists,Category:Numerical_differential_equations
3018,Beeman's algorithm,Category:Numerical_differential_equations
3019,Energy drift,Category:Numerical_differential_equations
3020,Semi-implicit Euler method,Category:Numerical_differential_equations
3021,Uniform theory of diffraction,Category:Numerical_differential_equations
3022,History of numerical solution of differential equations using computers,Category:Numerical_differential_equations
3023,YoungLaplace equation,Category:Partial_differential_equations
3024,HasegawaMima equation,Category:Partial_differential_equations
3025,Free boundary problem,Category:Partial_differential_equations
3026,CahnHilliard equation,Category:Partial_differential_equations
3027,Phase space method,Category:Partial_differential_equations
3028,Clairaut's equation,Category:Partial_differential_equations
3029,KaupKupershmidt equation,Category:Partial_differential_equations
3030,Bogomol'nyiPrasadSommerfield bound,Category:Partial_differential_equations
3031,YangMillsHiggs equations,Category:Partial_differential_equations
3032,Lamm equation,Category:Partial_differential_equations
3033,Groundwater flow equation,Category:Partial_differential_equations
3034,Richards equation,Category:Partial_differential_equations
3035,CalogeroDegasperisFokas equation,Category:Partial_differential_equations
3036,Extended finite element method,Category:Partial_differential_equations
3037,Spectral element method,Category:Partial_differential_equations
3038,John's equation,Category:Partial_differential_equations
3039,SeibergWitten invariant,Category:Partial_differential_equations
3040,ZakharovSchulman system,Category:Partial_differential_equations
3041,First-order partial differential equation,Category:Partial_differential_equations
3042,Diffiety,Category:Partial_differential_equations
3043,Bessel potential,Category:Partial_differential_equations
3044,HunterSaxton equation,Category:Partial_differential_equations
3045,Generalized Korteweg-de Vries equation,Category:Partial_differential_equations
3046,Fisher's equation,Category:Partial_differential_equations
3047,Multidimensional systems,Category:Partial_differential_equations
3048,Method of lines,Category:Partial_differential_equations
3049,Vibrations of a circular drum,Category:Partial_differential_equations
3050,DegasperisProcesi equation,Category:Partial_differential_equations
3051,BenjaminBonaMahony equation,Category:Partial_differential_equations
3052,SwiftHohenberg equation,Category:Partial_differential_equations
3053,Madelung equations,Category:Partial_differential_equations
3054,Method of quantum characteristics,Category:Partial_differential_equations
3055,Eikonal equation,Category:Partial_differential_equations
3056,Noether's second theorem,Category:Partial_differential_equations
3057,Electromagnetic wave equation,Category:Partial_differential_equations
3058,Maxwell's equations,Category:Partial_differential_equations
3059,Theoretical and experimental justification for the Schrdinger equation,Category:Partial_differential_equations
3060,Schrdinger equation,Category:Partial_differential_equations
3061,Wave,Category:Partial_differential_equations
3062,Larmor formula,Category:Partial_differential_equations
3063,Energy operator,Category:Partial_differential_equations
3064,Particle in a spherically symmetric potential,Category:Partial_differential_equations
3065,Inhomogeneous electromagnetic wave equation,Category:Partial_differential_equations
3066,Continuity equation,Category:Partial_differential_equations
3067,Poisson's equation,Category:Partial_differential_equations
3068,Screened Poisson equation,Category:Partial_differential_equations
3069,HamiltonJacobi equation,Category:Partial_differential_equations
3070,Dirac equation,Category:Partial_differential_equations
3071,Noether's theorem,Category:Partial_differential_equations
3072,Einstein field equations,Category:Partial_differential_equations
3073,KleinGordon equation,Category:Partial_differential_equations
3074,Conserved current,Category:Partial_differential_equations
3075,RaritaSchwinger equation,Category:Partial_differential_equations
3076,Cauchy surface,Category:Partial_differential_equations
3077,Maxwell's equations in curved spacetime,Category:Partial_differential_equations
3078,MasonWeaver equation,Category:Partial_differential_equations
3079,Kortewegde Vries equation,Category:Partial_differential_equations
3080,Nonlinear Schrdinger equation,Category:Partial_differential_equations
3081,Dispersive partial differential equation,Category:Partial_differential_equations
3082,Inverse scattering transform,Category:Partial_differential_equations
3083,Perfectly matched layer,Category:Partial_differential_equations
3084,Burgers' equation,Category:Partial_differential_equations
3085,Dispersionless equation,Category:Partial_differential_equations
3086,Saint-Venant's compatibility condition,Category:Partial_differential_equations
3087,NavierStokes equations,Category:Partial_differential_equations
3088,Generic scalar transport equation,Category:Partial_differential_equations
3089,Derivation of the NavierStokes equations,Category:Partial_differential_equations
3090,CamassaHolm equation,Category:Partial_differential_equations
3091,KadomtsevPetviashvili equation,Category:Partial_differential_equations
3092,Cauchy momentum equation,Category:Partial_differential_equations
3093,Shallow water equations,Category:Partial_differential_equations
3094,Large eddy simulation,Category:Partial_differential_equations
3095,EulerPoissonDarboux equation,Category:Partial_differential_equations
3096,Stochastic partial differential equation,Category:Partial_differential_equations
3097,Diffuse element method,Category:Partial_differential_equations
3098,Kuramoto model,Category:Partial_differential_equations
3099,Change of variables (PDE),Category:Partial_differential_equations
3100,HamiltonJacobiBellman equation,Category:Partial_differential_equations
3101,Stochastic processes and boundary value problems,Category:Partial_differential_equations
3102,Diffusion equation,Category:Partial_differential_equations
3103,Weyl's lemma (Laplace equation),Category:Partial_differential_equations
3104,Alternating direction implicit method,Category:Partial_differential_equations
3105,Homotopy principle,Category:Partial_differential_equations
3106,Borel's lemma,Category:Partial_differential_equations
3107,Signorini problem,Category:Partial_differential_equations
3108,D-module,Category:Partial_differential_equations
3109,Potential theory,Category:Partial_differential_equations
3110,Variational inequality,Category:Partial_differential_equations
3111,Obstacle problem,Category:Partial_differential_equations
3112,Riesz potential,Category:Partial_differential_equations
3113,EulerLagrange equation,Category:Partial_differential_equations
3114,Hrmander's condition,Category:Partial_differential_equations
3115,Dirichlet's energy,Category:Partial_differential_equations
3116,Hearing the shape of a drum,Category:Partial_differential_equations
3117,Dirichlet eigenvalue,Category:Partial_differential_equations
3118,Spherical mean,Category:Partial_differential_equations
3119,Separation of variables,Category:Partial_differential_equations
3120,Method of characteristics,Category:Partial_differential_equations
3121,MongeAmpre equation,Category:Partial_differential_equations
3122,Maximum principle,Category:Partial_differential_equations
3123,Partial differential equation,Category:Partial_differential_equations
3124,Weak formulation,Category:Partial_differential_equations
3125,Fundamental solution,Category:Partial_differential_equations
3126,Boundary value problem,Category:Partial_differential_equations
3127,Cauchy problem,Category:Partial_differential_equations
3128,Newtonian potential,Category:Partial_differential_equations
3129,Harmonic conjugate,Category:Partial_differential_equations
3130,NavierStokes existence and smoothness,Category:Partial_differential_equations
3131,Integrable system,Category:Partial_differential_equations
3132,Duhamel's principle,Category:Partial_differential_equations
3133,Hypoelliptic operator,Category:Partial_differential_equations
3134,Green's function for the three-variable Laplace equation,Category:Partial_differential_equations
3135,Monge cone,Category:Partial_differential_equations
3136,Bateman transform,Category:Partial_differential_equations
3137,Perron method,Category:Partial_differential_equations
3138,Stefan problem,Category:Partial_differential_equations
3139,Discontinuous Galerkin method,Category:Partial_differential_equations
3140,Numerical partial differential equations,Category:Partial_differential_equations
3141,Finite element method,Category:Partial_differential_equations
3142,Semi-elliptic operator,Category:Partial_differential_equations
3143,Lewy's example,Category:Partial_differential_equations
3144,Hilbert's nineteenth problem,Category:Partial_differential_equations
3145,Mixed boundary condition,Category:Partial_differential_equations
3146,WienerHopf method,Category:Partial_differential_equations
3147,Chaplygin's equation,Category:Partial_differential_equations
3148,Omega equation,Category:Partial_differential_equations
3149,A priori estimate,Category:Partial_differential_equations
3150,Sommerfeld radiation condition,Category:Partial_differential_equations
3151,D'Alembert's formula,Category:Partial_differential_equations
3152,Hadamard's method of descent,Category:Partial_differential_equations
3153,Population balance equation,Category:Partial_differential_equations
3154,Ishimori equation,Category:Partial_differential_equations
3155,LandauLifshitz model,Category:Partial_differential_equations
3156,Fpplvon Krmn equations,Category:Partial_differential_equations
3157,DaveyStewartson equation,Category:Partial_differential_equations
3158,LinTsien equation,Category:Partial_differential_equations
3159,Primitive equations,Category:Partial_differential_equations
3160,Dynamic simulation,Category:Partial_differential_equations
3161,Beltrami equation,Category:Partial_differential_equations
3162,Hopf lemma,Category:Partial_differential_equations
3163,EulerTricomi equation,Category:Partial_differential_equations
3164,Hurwitz polynomial,Category:Polynomials
3165,Derivation of the Routh array,Category:Polynomials
3166,Coefficient diagram method,Category:Polynomials
3167,Q-difference polynomial,Category:Polynomials
3168,Abel polynomials,Category:Polynomials
3169,Dickson polynomial,Category:Polynomials
3170,Palindromic polynomial,Category:Polynomials
3171,Reciprocal polynomial,Category:Polynomials
3172,Padovan polynomials,Category:Polynomials
3173,Maximum length sequence,Category:Polynomials
3174,All one polynomial,Category:Polynomials
3175,Equally spaced polynomial,Category:Polynomials
3176,Permutation polynomial,Category:Polynomials
3177,Equioscillation theorem,Category:Polynomials
3178,Remez algorithm,Category:Polynomials
3179,Neville's algorithm,Category:Polynomials
3180,Difference polynomials,Category:Polynomials
3181,LLT polynomial,Category:Polynomials
3182,Multilinear polynomial,Category:Polynomials
3183,Quasi-polynomial,Category:Polynomials
3184,Lehmer's conjecture,Category:Polynomials
3185,Polynomial expansion,Category:Polynomials
3186,RegularChains,Category:Polynomials
3187,Secondary polynomials,Category:Polynomials
3188,Divided power structure,Category:Polynomials
3189,Fibonacci polynomials,Category:Polynomials
3190,Unimodular polynomial matrix,Category:Polynomials
3191,Polynomial matrix,Category:Polynomials
3192,Hilbert's thirteenth problem,Category:Polynomials
3193,RouthHurwitz stability criterion,Category:Polynomials
3194,Stable polynomial,Category:Polynomials
3195,Stability radius,Category:Polynomials
3196,Bzout matrix,Category:Polynomials
3197,Square-free polynomial,Category:Polynomials
3198,Quasisymmetric function,Category:Polynomials
3199,External ray,Category:Polynomials
3200,Laguerre polynomials,Category:Polynomials
3201,Legendre polynomials,Category:Polynomials
3202,Tschirnhaus transformation,Category:Polynomials
3203,Vieta's formulas,Category:Polynomials
3204,Appell sequence,Category:Polynomials
3205,Delta operator,Category:Polynomials
3206,Polynomial long division,Category:Polynomials
3207,Greatest common divisor of two polynomials,Category:Polynomials
3208,Vandermonde polynomial,Category:Polynomials
3209,Alternating polynomial,Category:Polynomials
3210,Bell polynomials,Category:Polynomials
3211,Factorization of polynomials,Category:Polynomials
3212,Polynomial sequence,Category:Polynomials
3213,Sheffer sequence,Category:Polynomials
3214,Binomial type,Category:Polynomials
3215,Hermite polynomials,Category:Polynomials
3216,Symmetric algebra,Category:Polynomials
3217,Polynomial ring,Category:Polynomials
3218,Root of unity,Category:Polynomials
3219,Linear function,Category:Polynomials
3220,Cavalieri's quadrature formula,Category:Polynomials
3221,Separable polynomial,Category:Polynomials
3222,Resultant,Category:Polynomials
3223,Eisenstein's criterion,Category:Polynomials
3224,Gauss's lemma (polynomial),Category:Polynomials
3225,Monic polynomial,Category:Polynomials
3226,Discriminant,Category:Polynomials
3227,Septic equation,Category:Polynomials
3228,Cubic function,Category:Polynomials
3229,Quintic function,Category:Polynomials
3230,Quartic function,Category:Polynomials
3231,Algebraic equation,Category:Polynomials
3232,Quadratic function,Category:Polynomials
3233,Quadratic polynomial,Category:Polynomials
3234,Degree of a polynomial,Category:Polynomials
3235,Constant term,Category:Polynomials
3236,Bring radical,Category:Polynomials
3237,Chebyshev polynomials,Category:Polynomials
3238,Laurent polynomial,Category:Polynomials
3239,Jacobian conjecture,Category:Polynomials
3240,KazhdanLusztig polynomial,Category:Polynomials
3241,Symmetric polynomial,Category:Polynomials
3242,Ring of symmetric functions,Category:Polynomials
3243,Minimal polynomial (field theory),Category:Polynomials
3244,Ehrhart polynomial,Category:Polynomials
3245,Spread polynomials,Category:Polynomials
3246,Algebraic set,Category:Polynomials
3247,Additive polynomial,Category:Polynomials
3248,Sextic equation,Category:Polynomials
3249,Mahler measure,Category:Polynomials
3250,Characteristic polynomial,Category:Polynomials
3251,Minimal polynomial (linear algebra),Category:Polynomials
3252,Wilkinson's polynomial,Category:Polynomials
3253,Newton polynomial,Category:Polynomials
3254,Polynomial interpolation,Category:Polynomials
3255,Bernstein polynomial,Category:Polynomials
3256,Lagrange polynomial,Category:Polynomials
3257,Lebesgue constant (interpolation),Category:Polynomials
3258,BernsteinSato polynomial,Category:Polynomials
3259,Invariant polynomial,Category:Polynomials
3260,Exponential polynomial,Category:Polynomials
3261,Rook polynomial,Category:Polynomials
3262,Jones polynomial,Category:Polynomials
3263,Alexander polynomial,Category:Polynomials
3264,Primitive polynomial,Category:Polynomials
3265,Numerical polynomial,Category:Polynomials
3266,Synthetic division,Category:Polynomials
3267,SchwartzZippel lemma,Category:Polynomials
3268,Integer-valued polynomial,Category:Polynomials
3269,Bracket polynomial,Category:Polynomials
3270,Kauffman polynomial,Category:Polynomials
3271,Knot polynomial,Category:Polynomials
3272,HOMFLY polynomial,Category:Polynomials
3273,Monomial order,Category:Polynomials
3274,Multivariate division algorithm,Category:Polynomials
3275,Fekete polynomial,Category:Polynomials
3276,Touchard polynomials,Category:Polynomials
3277,Sylvester matrix,Category:Polynomials
3278,Caloric polynomial,Category:Polynomials
3279,Littlewood polynomial,Category:Polynomials
3280,BollobsRiordan polynomial,Category:Polynomials
3281,Matrix polynomial,Category:Polynomials
3282,Mott polynomials,Category:Polynomials
3283,Sister Celine's polynomials,Category:Polynomials
3284,Mahler polynomial,Category:Polynomials
3285,BoasBuck polynomials,Category:Polynomials
3286,Generalized Appell polynomials,Category:Polynomials
3287,Struve function,Category:Special_functions
3288,Mittag-Leffler function,Category:Special_functions
3289,Clausen's formula,Category:Special_functions
3290,Dickman function,Category:Special_functions
3291,Dawson function,Category:Special_functions
3292,Heun function,Category:Special_functions
3293,Neumann polynomial,Category:Special_functions
3294,Cologarithm,Category:Special_functions
3295,Lam function,Category:Special_functions
3296,Hyperbolic growth,Category:Special_functions
3297,Analytical expression,Category:Special_functions
3298,Synchrotron function,Category:Special_functions
3299,Spence's function,Category:Special_functions
3300,Kelvin functions,Category:Special_functions
3301,Heine's identity,Category:Special_functions
3302,Q-function,Category:Special_functions
3303,Legendre chi function,Category:Special_functions
3304,Digital Library of Mathematical Functions,Category:Special_functions
3305,Scorer's function,Category:Special_functions
3306,Debye function,Category:Special_functions
3307,Incomplete polylogarithm,Category:Special_functions
3308,Indefinite logarithm,Category:Special_functions
3309,Mathieu function,Category:Special_functions
3310,AskeyGasper inequality,Category:Special_functions
3311,Kummer's function,Category:Special_functions
3312,Hankel contour,Category:Special_functions
3313,Incomplete FermiDirac integral,Category:Special_functions
3314,Complete FermiDirac integral,Category:Special_functions
3315,Walsh function,Category:Special_functions
3316,TracyWidom distribution,Category:Special_functions
3317,Student's t-distribution,Category:Special_functions
3318,Logistic function,Category:Special_functions
3319,Dirichlet integral,Category:Special_functions
3320,Fresnel integral,Category:Special_functions
3321,Airy function,Category:Special_functions
3322,List of special functions and eponyms,Category:Special_functions
3323,Trigonometric integral,Category:Special_functions
3324,Real analytic Eisenstein series,Category:Special_functions
3325,Painlev transcendents,Category:Special_functions
3326,Error function,Category:Special_functions
3327,Logarithmic integral function,Category:Special_functions
3328,Exponential integral,Category:Special_functions
3329,Bernoulli polynomials,Category:Special_functions
3330,Abramowitz and Stegun,Category:Special_functions
3331,Entire function,Category:Special_functions
3332,Special functions,Category:Special_functions
3333,Modular form,Category:Special_functions
3334,Cantor function,Category:Special_functions
3335,Closed-form expression,Category:Special_functions
3336,Polylogarithm,Category:Special_functions
3337,Lambert W function,Category:Special_functions
3338,Minkowski's question mark function,Category:Special_functions
3339,Multiplication theorem,Category:Special_functions
3340,Barnes G-function,Category:Special_functions
3341,Arithmetic-geometric mean,Category:Special_functions
3342,Dirac comb,Category:Special_functions
3343,Thomae's function,Category:Special_functions
3344,Legendre form,Category:Special_functions
3345,Bateman Manuscript Project,Category:Special_functions
3346,BesselClifford function,Category:Special_functions
3347,Ackermann function,Category:Special_functions
3348,Anger function,Category:Special_functions
3349,Jackson integral,Category:Special_functions
3350,Lommel function,Category:Special_functions
3351,Lommel polynomial,Category:Special_functions
3352,LercheNewberger sum rule,Category:Special_functions
3353,Bailey pair,Category:Special_functions
3354,Voigt profile,Category:Special_functions
3355,Mayer f-function,Category:Special_functions
3356,JacobiAnger expansion,Category:Special_functions
3357,HerglotzZagier function,Category:Special_functions
3358,Pochhammer contour,Category:Special_functions
3359,Barnes integral,Category:Special_functions
3360,Hough function,Category:Special_functions
3361,Sudan function,Category:Special_functions
3362,HahnExton q-Bessel function,Category:Special_functions
3363,Jackson q-Bessel function,Category:Special_functions
3364,Whipple formulae,Category:Special_functions
3365,Functional decomposition,Category:Functions_and_mappings
3366,Parity function,Category:Functions_and_mappings
3367,Antiautomorphism,Category:Functions_and_mappings
3368,Signomial,Category:Functions_and_mappings
3369,Steiner's problem,Category:Functions_and_mappings
3370,Rotation of axes,Category:Functions_and_mappings
3371,Sammon projection,Category:Functions_and_mappings
3372,Perspective (graphical),Category:Functions_and_mappings
3373,Lorentz transformation,Category:Functions_and_mappings
3374,Inversion transformation,Category:Functions_and_mappings
3375,Crystal Ball function,Category:Functions_and_mappings
3376,Parametric operator,Category:Functions_and_mappings
3377,Multigrade operator,Category:Functions_and_mappings
3378,Antilinear map,Category:Functions_and_mappings
3379,Similarity invariance,Category:Functions_and_mappings
3380,Iterated function,Category:Functions_and_mappings
3381,Unimodality,Category:Functions_and_mappings
3382,Logit,Category:Functions_and_mappings
3383,Rigid transformation,Category:Functions_and_mappings
3384,Primitive recursive function,Category:Functions_and_mappings
3385,Propositional function,Category:Functions_and_mappings
3386,Piecewise,Category:Functions_and_mappings
3387,Inversive geometry,Category:Functions_and_mappings
3388,Homeomorphism,Category:Functions_and_mappings
3389,Multivalued function,Category:Functions_and_mappings
3390,Inclusion map,Category:Functions_and_mappings
3391,Codomain,Category:Functions_and_mappings
3392,"Bijection, injection and surjection",Category:Functions_and_mappings
3393,Identity function,Category:Functions_and_mappings
3394,Function composition,Category:Functions_and_mappings
3395,Bijection,Category:Functions_and_mappings
3396,Surjective function,Category:Functions_and_mappings
3397,Injective function,Category:Functions_and_mappings
3398,Map (mathematics),Category:Functions_and_mappings
3399,Mbius transformation,Category:Functions_and_mappings
3400,Function (mathematics),Category:Functions_and_mappings
3401,Inverse function,Category:Functions_and_mappings
3402,Partial function,Category:Functions_and_mappings
3403,Range (mathematics),Category:Functions_and_mappings
3404,2  2 real matrices,Category:Functions_and_mappings
3405,Squeeze mapping,Category:Functions_and_mappings
3406,Reflection (mathematics),Category:Functions_and_mappings
3407,Affine transformation,Category:Functions_and_mappings
3408,Point reflection,Category:Functions_and_mappings
3409,Constant function,Category:Functions_and_mappings
3410,Graph of a function,Category:Functions_and_mappings
3411,Integral,Category:Functions_and_mappings
3412,Domain of a function,Category:Functions_and_mappings
3413,Zero of a function,Category:Functions_and_mappings
3414,Empty function,Category:Functions_and_mappings
3415,Glide reflection,Category:Functions_and_mappings
3416,Carmichael function,Category:Functions_and_mappings
3417,Shear mapping,Category:Functions_and_mappings
3418,Motivic zeta function,Category:Functions_and_mappings
3419,Semilinear transformation,Category:Functions_and_mappings
3420,Angle of parallelism,Category:Functions_and_mappings
3421,A-equivalence,Category:Functions_and_mappings
3422,Set function,Category:Functions_and_mappings
3423,Pfaffian function,Category:Functions_and_mappings
3424,Periodic summation,Category:Functions_and_mappings
3425,Unary function,Category:Functions_and_mappings
3426,Three-dimensional graph,Category:Functions_and_mappings
3427,Tetraview,Category:Functions_and_mappings
3428,K-equivalence,Category:Functions_and_mappings
3429,Function application,Category:Functions_and_mappings
3430,Functional form,Category:Functions_and_mappings
3431,Superfunction,Category:Functions_and_mappings
3432,Vertical line test,Category:Functions_and_mappings
3433,Conway base 13 function,Category:Functions_and_mappings
3434,3D projection,Category:Functions_and_mappings
3435,Owen's T function,Category:Functions_and_mappings
3436,Problem of points,Category:Probability_theory
3437,Method of moments (probability theory),Category:Probability_theory
3438,Equiprobable,Category:Probability_theory
3439,Complementary event,Category:Probability_theory
3440,Binomial probability,Category:Probability_theory
3441,Stability postulate,Category:Probability_theory
3442,Survival function,Category:Probability_theory
3443,Hidden Markov random field,Category:Probability_theory
3444,Markov information source,Category:Probability_theory
3445,Tsallis entropy,Category:Probability_theory
3446,Nonextensive entropy,Category:Probability_theory
3447,BhatiaDavis inequality,Category:Probability_theory
3448,Stochastic geometry,Category:Probability_theory
3449,Boolean model (probability theory),Category:Probability_theory
3450,Geometric probability,Category:Probability_theory
3451,Total variation distance of probability measures,Category:Probability_theory
3452,Subjectivism,Category:Probability_theory
3453,Impossible event,Category:Probability_theory
3454,Carleman's condition,Category:Probability_theory
3455,Seven states of randomness,Category:Probability_theory
3456,Bean machine,Category:Probability_theory
3457,Typical set,Category:Probability_theory
3458,Multiscale decision making,Category:Probability_theory
3459,Impossibility of a gambling system,Category:Probability_theory
3460,Unit measure,Category:Probability_theory
3461,Hann function,Category:Probability_theory
3462,Conditional event algebra,Category:Probability_theory
3463,Law of Truly Large Numbers,Category:Probability_theory
3464,Ruin theory,Category:Probability_theory
3465,Expected gain,Category:Probability_theory
3466,Expected return,Category:Probability_theory
3467,Game of chance,Category:Probability_theory
3468,B-convex space,Category:Probability_theory
3469,Probabilistic argumentation,Category:Probability_theory
3470,Exponentially equivalent measures,Category:Probability_theory
3471,Dual total correlation,Category:Probability_theory
3472,Khmaladze transformation,Category:Probability_theory
3473,Coherence (philosophical gambling strategy),Category:Probability_theory
3474,Cue validity,Category:Probability_theory
3475,Zero-one law,Category:Probability_theory
3476,Pregaussian class,Category:Probability_theory
3477,Concentration dimension,Category:Probability_theory
3478,Ergodicity,Category:Probability_theory
3479,Principle of indifference,Category:Probability_theory
3480,Possibility theory,Category:Probability_theory
3481,Subjective logic,Category:Probability_theory
3482,High-dimensional statistics,Category:Probability_theory
3483,DempsterShafer theory,Category:Probability_theory
3484,Schrdinger method,Category:Probability_theory
3485,Rollo Davidson Prize,Category:Probability_theory
3486,Lindeberg's condition,Category:Probability_theory
3487,Probability axioms,Category:Probability_theory
3488,Poisson random measure,Category:Probability_theory
3489,Sunrise problem,Category:Probability_theory
3490,Hellinger distance,Category:Probability_theory
3491,Random element,Category:Probability_theory
3492,Marginal likelihood,Category:Probability_theory
3493,Exchangeable random variables,Category:Probability_theory
3494,Empirical process,Category:Probability_theory
3495,Conditioning (probability),Category:Probability_theory
3496,Bernoulli trial,Category:Probability_theory
3497,Pairwise independence,Category:Probability_theory
3498,Sample space,Category:Probability_theory
3499,Event (probability theory),Category:Probability_theory
3500,Power law,Category:Probability_theory
3501,Infinite divisibility,Category:Probability_theory
3502,Law of the unconscious statistician,Category:Probability_theory
3503,Heavy-tailed distribution,Category:Probability_theory
3504,Bayes' theorem,Category:Probability_theory
3505,Generalized normal distribution,Category:Probability_theory
3506,Independent and identically distributed random variables,Category:Probability_theory
3507,Conditional probability,Category:Probability_theory
3508,Conditional probability distribution,Category:Probability_theory
3509,Compound probability distribution,Category:Probability_theory
3510,Probability theory,Category:Probability_theory
3511,Random variable,Category:Probability_theory
3512,Probability mass function,Category:Probability_theory
3513,Moment (mathematics),Category:Probability_theory
3514,Characteristic function (probability theory),Category:Probability_theory
3515,Convergence of random variables,Category:Probability_theory
3516,Independence (probability theory),Category:Probability_theory
3517,Multivariate random variable,Category:Probability_theory
3518,Normally distributed and uncorrelated does not imply independent,Category:Probability_theory
3519,Normalizing constant,Category:Probability_theory
3520,Comonotonicity,Category:Probability_theory
3521,Elementary event,Category:Probability_theory
3522,Illustration of the central limit theorem,Category:Probability_theory
3523,Conditional independence,Category:Probability_theory
3524,Empirical measure,Category:Probability_theory
3525,Law of the iterated logarithm,Category:Probability_theory
3526,Probability interpretations,Category:Probability_theory
3527,Indecomposable distribution,Category:Probability_theory
3528,Information geometry,Category:Probability_theory
3529,Random matrix,Category:Probability_theory
3530,Imprecise probability,Category:Probability_theory
3531,Wald's equation,Category:Probability_theory
3532,Pseudocount,Category:Probability_theory
3533,List of mathematical probabilists,Category:Probability_theory
3534,Contiguity (probability theory),Category:Probability_theory
3535,Random compact set,Category:Probability_theory
3536,Markov blanket,Category:Probability_theory
3537,Belief propagation,Category:Probability_theory
3538,Markov random field,Category:Probability_theory
3539,SchuetteNesbitt formula,Category:Probability_theory
3540,Lvy metric,Category:Probability_theory
3541,Total correlation,Category:Probability_theory
3542,Gambler's ruin,Category:Probability_theory
3543,Almost surely,Category:Probability_theory
3544,Probability space,Category:Probability_theory
3545,Variable-order Markov model,Category:Probability_theory
3546,Renewal theory,Category:Probability_theory
3547,Markov chain,Category:Probability_theory
3548,Large deviations of Gaussian random functions,Category:Probability_theory
3549,Kolmogorov's inequality,Category:Probability_theory
3550,Chebyshev's inequality,Category:Probability_theory
3551,Bernstein inequalities (probability theory),Category:Probability_theory
3552,Hamburger moment problem,Category:Probability_theory
3553,Moment problem,Category:Probability_theory
3554,Stieltjes moment problem,Category:Probability_theory
3555,Hausdorff moment problem,Category:Probability_theory
3556,Tilted large deviation principle,Category:Probability_theory
3557,Rate function,Category:Probability_theory
3558,Wasserstein metric,Category:Probability_theory
3559,Probability vector,Category:Probability_theory
3560,Infinite monkey theorem,Category:Probability_theory
3561,Conductance (graph),Category:Probability_theory
3562,Uniform integrability,Category:Probability_theory
3563,Dobinski's formula,Category:Probability_theory
3564,Indicator function,Category:Probability_theory
3565,Ergodic theory,Category:Probability_theory
3566,Total variation,Category:Probability_theory
3567,Areas of mathematics,Category:Probability_theory
3568,Inclusionexclusion principle,Category:Probability_theory
3569,Standard probability space,Category:Probability_theory
3570,Regular conditional probability,Category:Probability_theory
3571,Probability measure,Category:Probability_theory
3572,LvyProkhorov metric,Category:Probability_theory
3573,Lebesgue space,Category:Probability_theory
3574,Trigonometric moment problem,Category:Probability_theory
3575,Percolation theory,Category:Probability_theory
3576,Dynkin system,Category:Probability_theory
3577,LittlewoodOfford problem,Category:Probability_theory
3578,Fuzzy measure theory,Category:Probability_theory
3579,Stochastic optimization,Category:Probability_theory
3580,Random function,Category:Probability_theory
3581,Exotic probability,Category:Probability_theory
3582,Contiguity,Category:Probability_theory
3583,Shearer's inequality,Category:Probability_theory
3584,Coupling (probability),Category:Probability_theory
3585,Craps principle,Category:Probability_theory
3586,Luce's choice axiom,Category:Probability_theory
3587,E-net (probability theory),Category:Probability_theory
3588,Ruslan L. Stratonovich,Category:Probability_theorists
3589,John Hammersley,Category:Probability_theorists
3590,Thomas M. Liggett,Category:Probability_theorists
3591,Aryeh Dvoretzky,Category:Probability_theorists
3592,John C. Gittins,Category:Probability_theorists
3593,Eugene Lukacs,Category:Probability_theorists
3594,Carlo Emilio Bonferroni,Category:Probability_theorists
3595,Kari Karhunen,Category:Probability_theorists
3596,Blaise Pascal,Category:Probability_theorists
3597,M. D. Donsker,Category:Probability_theorists
3598,Bernt ksendal,Category:Probability_theorists
3599,Octav Onicescu,Category:Probability_theorists
3600,Dan-Virgil Voiculescu,Category:Probability_theorists
3601,Wolfgang Doeblin,Category:Probability_theorists
3602,Jonas Kubilius,Category:Probability_theorists
3603,David Aldous,Category:Probability_theorists
3604,Rollo Davidson,Category:Probability_theorists
3605,Greg Lawler,Category:Probability_theorists
3606,Chris Rogers (mathematician),Category:Probability_theorists
3607,Neil O'Connell,Category:Probability_theorists
3608,Tatyana Afanasyeva,Category:Probability_theorists
3609,Francis Galton,Category:Probability_theorists
3610,Rick Durrett,Category:Probability_theorists
3611,Daniel Bernoulli,Category:Probability_theorists
3612,Terry Lyons (mathematician),Category:Probability_theorists
3613,Lawrence Shepp,Category:Probability_theorists
3614,Boris Tsirelson,Category:Probability_theorists
3615,Lajos Takcs,Category:Probability_theorists
3616,Richard von Mises,Category:Probability_theorists
3617,Ulf Grenander,Category:Probability_theorists
3618,Olav Kallenberg,Category:Probability_theorists
3619,Bruno de Finetti,Category:Probability_theorists
3620,Herman Wold,Category:Probability_theorists
3621,Thomas Bayes,Category:Probability_theorists
3622,Abraham de Moivre,Category:Probability_theorists
3623,Richard M. Dudley,Category:Probability_theorists
3624,Jarl Waldemar Lindeberg,Category:Probability_theorists
3625,Richard D. Gill,Category:Probability_theorists
3626,David George Kendall,Category:Probability_theorists
3627,John Kingman,Category:Probability_theorists
3628,Peter Whittle,Category:Probability_theorists
3629,Ole Barndorff-Nielsen,Category:Probability_theorists
3630,Gustav Elfving,Category:Probability_theorists
3631,Lucien Le Cam,Category:Probability_theorists
3632,Sourav Chatterjee,Category:Probability_theorists
3633,Peter Gavin Hall,Category:Probability_theorists
3634,Persi Diaconis,Category:Probability_theorists
3635,Gbor J. Szkely,Category:Probability_theorists
3636,Mark Kac,Category:Probability_theorists
3637,Michel Talagrand,Category:Probability_theorists
3638,Anatoliy Skorokhod,Category:Probability_theorists
3639,Kiyoshi It,Category:Probability_theorists
3640,William Feller,Category:Probability_theorists
3641,Joseph Leo Doob,Category:Probability_theorists
3642,Paul Pierre Lvy,Category:Probability_theorists
3643,David Williams (mathematician),Category:Probability_theorists
3644,Michel Love,Category:Probability_theorists
3645,Andrey Markov,Category:Probability_theorists
3646,Andrey Kolmogorov,Category:Probability_theorists
3647,Jean-Franois Le Gall,Category:Probability_theorists
3648,Joseph Louis Franois Bertrand,Category:Probability_theorists
3649,Oded Schramm,Category:Probability_theorists
3650,Wendelin Werner,Category:Probability_theorists
3651,Maurice Ren Frchet,Category:Probability_theorists
3652,Simon Denis Poisson,Category:Probability_theorists
3653,Paul Halmos,Category:Probability_theorists
3654,Paul Erds,Category:Probability_theorists
3655,mile Borel,Category:Probability_theorists
3656,S. R. Srinivasa Varadhan,Category:Probability_theorists
3657,Martin Hairer,Category:Probability_theorists
3658,Roland Dobrushin,Category:Probability_theorists
3659,Harry Kesten,Category:Probability_theorists
3660,Carl-Gustav Esseen,Category:Probability_theorists
3661,Svante Janson,Category:Probability_theorists
3662,Edgar Gilbert,Category:Probability_theorists
3663,Dimitri Bertsekas,Category:Probability_theorists
3664,Norbert Wiener,Category:Probability_theorists
3665,Jacob Bernoulli,Category:Probability_theorists
3666,Nicolaus II Bernoulli,Category:Probability_theorists
3667,Nicolaus I Bernoulli,Category:Probability_theorists
3668,Samuel Karlin,Category:Probability_theorists
3669,Pierre-Simon Laplace,Category:Probability_theorists
3670,Frank Spitzer,Category:Probability_theorists
3671,Eugene Dynkin,Category:Probability_theorists
3672,Claude Shannon,Category:Probability_theorists
3673,Aleksandr Khinchin,Category:Probability_theorists
3674,Albert Shiryaev,Category:Probability_theorists
3675,Paul-Andr Meyer,Category:Probability_theorists
3676,Alfrd Rnyi,Category:Probability_theorists
3677,Geoffrey Grimmett,Category:Probability_theorists
3678,James R. Norris,Category:Probability_theorists
3679,Sergei Natanovich Bernstein,Category:Probability_theorists
3680,Edwin Hewitt,Category:Probability_theorists
3681,Ted Harris (mathematician),Category:Probability_theorists
3682,Blint Virg,Category:Probability_theorists
3683,Chris Heyde,Category:Probability_theorists
3684,Eugene Seneta,Category:Probability_theorists
3685,Yuri Vasilevich Prokhorov,Category:Probability_theorists
3686,Radha Laha,Category:Probability_theorists
3687,Imre Csiszr,Category:Probability_theorists
3688,Istvn Hatvani,Category:Probability_theorists
3689,Frank Kelly (mathematician),Category:Probability_theorists
3690,Ted Hill (mathematician),Category:Probability_theorists
3691,Daniel W. Stroock,Category:Probability_theorists
3692,Stanisaw Trybua,Category:Probability_theorists
3693,Google matrix,Category:Mathematical_optimization
3694,Central composite design,Category:Mathematical_optimization
3695,Maximum theorem,Category:Mathematical_optimization
3696,Lazy caterer's sequence,Category:Mathematical_optimization
3697,Job-shop problem,Category:Mathematical_optimization
3698,P versus NP problem,Category:Mathematical_optimization
3699,Hardness of approximation,Category:Mathematical_optimization
3700,Smoothed analysis,Category:Mathematical_optimization
3701,Linear search problem,Category:Mathematical_optimization
3702,Multiprocessor scheduling,Category:Mathematical_optimization
3703,DNSS point,Category:Mathematical_optimization
3704,Lloyd's algorithm,Category:Mathematical_optimization
3705,Optimal substructure,Category:Mathematical_optimization
3706,Odds algorithm,Category:Mathematical_optimization
3707,Homicidal chauffeur problem,Category:Mathematical_optimization
3708,Bayesian efficiency,Category:Mathematical_optimization
3709,Backward induction,Category:Mathematical_optimization
3710,Dead-end elimination,Category:Mathematical_optimization
3711,Slack variable,Category:Mathematical_optimization
3712,Mathematical programming with equilibrium constraints,Category:Mathematical_optimization
3713,Self-concordant function,Category:Mathematical_optimization
3714,Second-order cone programming,Category:Mathematical_optimization
3715,Benders' decomposition,Category:Mathematical_optimization
3716,DantzigWolfe decomposition,Category:Mathematical_optimization
3717,Bregman method,Category:Mathematical_optimization
3718,Linear matrix inequality,Category:Mathematical_optimization
3719,Linear-fractional programming,Category:Mathematical_optimization
3720,Constraint optimization,Category:Mathematical_optimization
3721,Quadratically constrained quadratic program,Category:Mathematical_optimization
3722,Topological derivative,Category:Mathematical_optimization
3723,Barrier function,Category:Mathematical_optimization
3724,Mixed complementarity problem,Category:Mathematical_optimization
3725,AMPL,Category:Mathematical_optimization
3726,MPS (format),Category:Mathematical_optimization
3727,Algebraic modeling language,Category:Mathematical_optimization
3728,AIMMS,Category:Mathematical_optimization
3729,Nl (format),Category:Mathematical_optimization
3730,Sol (format),Category:Mathematical_optimization
3731,APMonitor,Category:Mathematical_optimization
3732,Job shop scheduling,Category:Mathematical_optimization
3733,Mathematics of Operations Research,Category:Mathematical_optimization
3734,Successive linear programming,Category:Mathematical_optimization
3735,Ternary search,Category:Mathematical_optimization
3736,Conic optimization,Category:Mathematical_optimization
3737,Geometric programming,Category:Mathematical_optimization
3738,Posynomial,Category:Mathematical_optimization
3739,Stigler diet,Category:Mathematical_optimization
3740,Jeep problem,Category:Mathematical_optimization
3741,Himmelblau's function,Category:Mathematical_optimization
3742,Demand optimization,Category:Mathematical_optimization
3743,Inventory control problem,Category:Mathematical_optimization
3744,Extended newsvendor model,Category:Mathematical_optimization
3745,Active set,Category:Mathematical_optimization
3746,Hilbert basis (linear programming),Category:Mathematical_optimization
3747,Wing shape optimization,Category:Mathematical_optimization
3748,Wolfe conditions,Category:Mathematical_optimization
3749,Variational Monte Carlo,Category:Mathematical_optimization
3750,Backtracking line search,Category:Mathematical_optimization
3751,Descent direction,Category:Mathematical_optimization
3752,Shekel function,Category:Mathematical_optimization
3753,Cake number,Category:Mathematical_optimization
3754,Trust region,Category:Mathematical_optimization
3755,Optimal control,Category:Mathematical_optimization
3756,Geometric median,Category:Mathematical_optimization
3757,Least absolute deviations,Category:Mathematical_optimization
3758,Response surface methodology,Category:Mathematical_optimization
3759,Subderivative,Category:Mathematical_optimization
3760,Ordinal optimization,Category:Mathematical_optimization
3761,Mathematical optimization,Category:Mathematical_optimization
3762,Lagrange multipliers on Banach spaces,Category:Mathematical_optimization
3763,Discrete optimization,Category:Mathematical_optimization
3764,NP-complete,Category:Mathematical_optimization
3765,Dynamic programming,Category:Mathematical_optimization
3766,KleeMinty cube,Category:Mathematical_optimization
3767,Mathematical Programming Society,Category:Mathematical_optimization
3768,Dual cone and polar cone,Category:Mathematical_optimization
3769,Pseudoconvex function,Category:Mathematical_optimization
3770,Semidefinite programming,Category:Mathematical_optimization
3771,Quadratic programming,Category:Mathematical_optimization
3772,Nonlinear programming,Category:Mathematical_optimization
3773,Farkas' lemma,Category:Mathematical_optimization
3774,Stochastic programming,Category:Mathematical_optimization
3775,Fritz John conditions,Category:Mathematical_optimization
3776,Constraint (mathematics),Category:Mathematical_optimization
3777,Trajectory optimization,Category:Mathematical_optimization
3778,Subgradient method,Category:Mathematical_optimization
3779,Convex optimization,Category:Mathematical_optimization
3780,KarushKuhnTucker conditions,Category:Mathematical_optimization
3781,Lagrange multiplier,Category:Mathematical_optimization
3782,Shape optimization,Category:Mathematical_optimization
3783,Dual problem,Category:Mathematical_optimization
3784,Operations research,Category:Mathematical_optimization
3785,Robust optimization,Category:Mathematical_optimization
3786,Wald's maximin model,Category:Mathematical_optimization
3787,Pontryagin's minimum principle,Category:Mathematical_optimization
3788,Rosenbrock function,Category:Mathematical_optimization
3789,Energy minimization,Category:Mathematical_optimization
3790,Line search,Category:Mathematical_optimization
3791,Relaxation (approximation),Category:Mathematical_optimization
3792,Distributed constraint optimization,Category:Mathematical_optimization
3793,Bellman equation,Category:Mathematical_optimization
3794,Genetic algorithm,Category:Mathematical_optimization
3795,Differential evolution,Category:Mathematical_optimization
3796,Metaheuristic,Category:Mathematical_optimization
3797,Candidate solution,Category:Mathematical_optimization
3798,Global optimization,Category:Mathematical_optimization
3799,Multidisciplinary design optimization,Category:Mathematical_optimization
3800,Continuous optimization,Category:Mathematical_optimization
3801,Global optimum,Category:Mathematical_optimization
3802,Random optimization,Category:Mathematical_optimization
3803,Pattern search (optimization),Category:Mathematical_optimization
3804,Local optimum,Category:Mathematical_optimization
3805,Reduced cost,Category:Mathematical_optimization
3806,Lemke's algorithm,Category:Mathematical_optimization
3807,Multilevel programming,Category:Mathematical_optimization
3808,Bilevel program,Category:Mathematical_optimization
3809,Lagrangian relaxation,Category:Mathematical_optimization
3810,Newsvendor model,Category:Mathematical_optimization
3811,Basis pursuit,Category:Mathematical_optimization
3812,Basis pursuit denoising,Category:Mathematical_optimization
3813,Entropy maximization,Category:Mathematical_optimization
3814,Pseudo-Boolean function,Category:Mathematical_optimization
3815,Pareto efficiency,Category:Mathematical_optimization
3816,Genetic programming,Category:Mathematical_optimization
3817,Meta-optimization,Category:Mathematical_optimization
3818,Paper bag problem,Category:Mathematical_optimization
3819,Fractional programming,Category:Mathematical_optimization
3820,Divergent geometric series,Category:Mathematical_series
3821,1/2 + 1/4 + 1/8 + 1/16 +,Category:Mathematical_series
3822,Lauricella hypergeometric series,Category:Mathematical_series
3823,1/2  1/4 + 1/8  1/16 +,Category:Mathematical_series
3824,Gregory's series,Category:Mathematical_series
3825,Laplace limit,Category:Mathematical_series
3826,Kronecker's lemma,Category:Mathematical_series
3827,Infinite arithmetic series,Category:Mathematical_series
3828,Alternating series test,Category:Mathematical_series
3829,Abel's test,Category:Mathematical_series
3830,Abel's uniform convergence test,Category:Mathematical_series
3831,Van Wijngaarden transformation,Category:Mathematical_series
3832,Edgeworth series,Category:Mathematical_series
3833,Poincar series (modular form),Category:Mathematical_series
3834,Cauchy condensation test,Category:Mathematical_series
3835,Ratio test,Category:Mathematical_series
3836,Telescoping series,Category:Mathematical_series
3837,Alternating series,Category:Mathematical_series
3838,Summation by parts,Category:Mathematical_series
3839,Evaluating sums,Category:Mathematical_series
3840,Sequence transformation,Category:Mathematical_series
3841,Root test,Category:Mathematical_series
3842,Appell series,Category:Mathematical_series
3843,History of Grandi's series,Category:Mathematical_series
3844,Arithmetic progression,Category:Mathematical_series
3845,Hypergeometric function,Category:Mathematical_series
3846,Generalized hypergeometric function,Category:Mathematical_series
3847,Eisenstein series,Category:Mathematical_series
3848,Taylor series,Category:Mathematical_series
3849,Lp space,Category:Mathematical_series
3850,Uniform convergence,Category:Mathematical_series
3851,Geometric progression,Category:Mathematical_series
3852,Series (mathematics),Category:Mathematical_series
3853,Geometric series,Category:Mathematical_series
3854,1  2 + 3  4 +,Category:Mathematical_series
3855,Convergent series,Category:Mathematical_series
3856,Binomial series,Category:Mathematical_series
3857,Harmonic series (mathematics),Category:Mathematical_series
3858,Integral test for convergence,Category:Mathematical_series
3859,Dirichlet series,Category:Mathematical_series
3860,Sylvester's sequence,Category:Mathematical_series
3861,Problems involving arithmetic progressions,Category:Mathematical_series
3862,Lambert series,Category:Mathematical_series
3863,Occurrences of Grandi's series,Category:Mathematical_series
3864,Grandi's series,Category:Mathematical_series
3865,Bell series,Category:Mathematical_series
3866,Cesro mean,Category:Mathematical_series
3867,1/4 + 1/16 + 1/64 + 1/256 +,Category:Mathematical_series
3868,1 + 2 + 3 + 4 +,Category:Mathematical_series
3869,Euler summation,Category:Mathematical_series
3870,Comparison test,Category:Mathematical_series
3871,Charles Haros,Category:Mathematical_series
3872,Cauchy's convergence test,Category:Mathematical_series
3873,Retkes identities,Category:Mathematical_series
3874,Mercator series,Category:Mathematical_series
3875,Madhava series,Category:Mathematical_series
3876,Kempner series,Category:Mathematical_series
3877,Dirichlet's test,Category:Mathematical_series
3878,Lambert summation,Category:Mathematical_series
3879,Harmonic progression (mathematics),Category:Mathematical_series
3880,Zariski's main theorem,Category:Mathematical_theorems
3881,FultonHansen connectedness theorem,Category:Mathematical_theorems
3882,Bing's recognition theorem,Category:Mathematical_theorems
3883,Krener's theorem,Category:Mathematical_theorems
3884,No free lunch theorem,Category:Mathematical_theorems
3885,Moreau's theorem,Category:Mathematical_theorems
3886,Bloch's theorem,Category:Mathematical_theorems
3887,HartmanGrobman theorem,Category:Mathematical_theorems
3888,Kolmogorov's three-series theorem,Category:Mathematical_theorems
3889,DoobMeyer decomposition theorem,Category:Mathematical_theorems
3890,Kolmogorov continuity theorem,Category:Mathematical_theorems
3891,GordonNewell theorem,Category:Mathematical_theorems
3892,MarcinkiewiczZygmund inequality,Category:Mathematical_theorems
3893,Lauricella's theorem,Category:Mathematical_theorems
3894,Castelnuovode Franchis theorem,Category:Mathematical_theorems
3895,Noether's theorem on rationality for surfaces,Category:Mathematical_theorems
3896,Factor theorem,Category:Mathematical_theorems
3897,Japanese theorem for cyclic polygons,Category:Mathematical_theorems
3898,Japanese theorem for cyclic quadrilaterals,Category:Mathematical_theorems
3899,Equal incircles theorem,Category:Mathematical_theorems
3900,Carnot's theorem,Category:Mathematical_theorems
3901,Abstract model theory,Category:Mathematical_theorems
3902,Subring test,Category:Mathematical_theorems
3903,Routh's theorem,Category:Mathematical_theorems
3904,Ceva's theorem,Category:Mathematical_theorems
3905,Angle bisector theorem,Category:Mathematical_theorems
3906,Heron's formula,Category:Mathematical_theorems
3907,Varignon's theorem,Category:Mathematical_theorems
3908,Stewart's theorem,Category:Mathematical_theorems
3909,Apollonius' theorem,Category:Mathematical_theorems
3910,Lester's theorem,Category:Mathematical_theorems
3911,Brahmagupta's formula,Category:Mathematical_theorems
3912,Pitot theorem,Category:Mathematical_theorems
3913,Viviani's theorem,Category:Mathematical_theorems
3914,Schiffler's theorem,Category:Mathematical_theorems
3915,Hinge theorem,Category:Mathematical_theorems
3916,Campbell's theorem,Category:Mathematical_theorems
3917,Midy's theorem,Category:Mathematical_theorems
3918,Fermat polygonal number theorem,Category:Mathematical_theorems
3919,Beatty sequence,Category:Mathematical_theorems
3920,Proth's theorem,Category:Mathematical_theorems
3921,Kaplansky density theorem,Category:Mathematical_theorems
3922,CookLevin theorem,Category:Mathematical_theorems
3923,Time hierarchy theorem,Category:Mathematical_theorems
3924,Space hierarchy theorem,Category:Mathematical_theorems
3925,Savitch's theorem,Category:Mathematical_theorems
3926,ImmermanSzelepcsnyi theorem,Category:Mathematical_theorems
3927,PCP theorem,Category:Mathematical_theorems
3928,KarpLipton theorem,Category:Mathematical_theorems
3929,ValiantVazirani theorem,Category:Mathematical_theorems
3930,Schaefer's dichotomy theorem,Category:Mathematical_theorems
3931,Speedup theorem,Category:Mathematical_theorems
3932,Blum's speedup theorem,Category:Mathematical_theorems
3933,Von Neumann's theorem,Category:Mathematical_theorems
3934,De Bruijn's theorem,Category:Mathematical_theorems
3935,Binomial inverse theorem,Category:Mathematical_theorems
3936,Closed range theorem,Category:Mathematical_theorems
3937,MillikenTaylor theorem,Category:Mathematical_theorems
3938,Folkman's theorem,Category:Mathematical_theorems
3939,HalpernLuchli theorem,Category:Mathematical_theorems
3940,Milliken's tree theorem,Category:Mathematical_theorems
3941,Quotient of subspace theorem,Category:Mathematical_theorems
3942,Ehresmann's theorem,Category:Mathematical_theorems
3943,Myers's theorem,Category:Mathematical_theorems
3944,Mumford's compactness theorem,Category:Mathematical_theorems
3945,Vantieghems theorem,Category:Mathematical_theorems
3946,DawsonGrtner theorem,Category:Mathematical_theorems
3947,JurkatRichert theorem,Category:Mathematical_theorems
3948,Zsigmondy's theorem,Category:Mathematical_theorems
3949,Tijdeman's theorem,Category:Mathematical_theorems
3950,Mihilescu's theorem,Category:Mathematical_theorems
3951,Monotone class theorem,Category:Mathematical_theorems
3952,Froda's theorem,Category:Mathematical_theorems
3953,Krein's condition,Category:Mathematical_theorems
3954,Lb's theorem,Category:Mathematical_theorems
3955,ShannonHartley theorem,Category:Mathematical_theorems
3956,Jordan's theorem (symmetric group),Category:Mathematical_theorems
3957,Initial value theorem,Category:Mathematical_theorems
3958,Noisy-channel coding theorem,Category:Mathematical_theorems
3959,Shannon's source coding theorem,Category:Mathematical_theorems
3960,MntzSzsz theorem,Category:Mathematical_theorems
3961,Blaschke selection theorem,Category:Mathematical_theorems
3962,SpragueGrundy theorem,Category:Mathematical_theorems
3963,Chasles' theorem,Category:Mathematical_theorems
3964,Balinski's theorem,Category:Mathematical_theorems
3965,Kawasaki's theorem,Category:Mathematical_theorems
3966,Napkin folding problem,Category:Mathematical_theorems
3967,ErdsNagy theorem,Category:Mathematical_theorems
3968,Tverberg's theorem,Category:Mathematical_theorems
3969,Meusnier's theorem,Category:Mathematical_theorems
3970,MalgrangeEhrenpreis theorem,Category:Mathematical_theorems
3971,Zermelo's theorem (game theory),Category:Mathematical_theorems
3972,GrauertRiemenschneider vanishing theorem,Category:Mathematical_theorems
3973,Mumford vanishing theorem,Category:Mathematical_theorems
3974,Ramanujam vanishing theorem,Category:Mathematical_theorems
3975,Vanishing theorem,Category:Mathematical_theorems
3976,CPCTC,Category:Mathematical_theorems
3977,Conservativity theorem,Category:Mathematical_theorems
3978,DugganSchwartz theorem,Category:Mathematical_theorems
3979,May's theorem,Category:Mathematical_theorems
3980,GibbardSatterthwaite theorem,Category:Mathematical_theorems
3981,Jacobi's four-square theorem,Category:Mathematical_theorems
3982,Lagrange's theorem,Category:Mathematical_theorems
3983,Helmholtz theorem,Category:Mathematical_theorems
3984,Mitchell's embedding theorem,Category:Mathematical_theorems
3985,AkraBazzi method,Category:Mathematical_theorems
3986,Master theorem,Category:Mathematical_theorems
3987,BauerFike theorem,Category:Mathematical_theorems
3988,Sharkovskii's theorem,Category:Mathematical_theorems
3989,Isomorphism extension theorem,Category:Mathematical_theorems
3990,Brauer's theorem on forms,Category:Mathematical_theorems
3991,15 and 290 theorems,Category:Mathematical_theorems
3992,British flag theorem,Category:Mathematical_theorems
3993,Novikov's compact leaf theorem,Category:Mathematical_theorems
3994,Reeb sphere theorem,Category:Mathematical_theorems
3995,Arrival theorem,Category:Mathematical_theorems
3996,ErdsStone theorem,Category:Mathematical_theorems
3997,Stanley's reciprocity theorem,Category:Mathematical_theorems
3998,AbhyankarMoh theorem,Category:Mathematical_theorems
3999,Szeg limit theorems,Category:Mathematical_theorems
4000,Naimark's dilation theorem,Category:Mathematical_theorems
4001,Stinespring factorization theorem,Category:Mathematical_theorems
4002,Commutant lifting theorem,Category:Mathematical_theorems
4003,Sz.-Nagy's dilation theorem,Category:Mathematical_theorems
4004,Tsen's theorem,Category:Mathematical_theorems
4005,EilenbergZilber theorem,Category:Mathematical_theorems
4006,Napoleon's theorem,Category:Mathematical_theorems
4007,Branching theorem,Category:Mathematical_theorems
4008,Fermat's Last Theorem in fiction,Category:Mathematical_theorems
4009,Hasse norm theorem,Category:Mathematical_theorems
4010,Abel's curve theorem,Category:Mathematical_theorems
4011,Identity theorem for Riemann surfaces,Category:Mathematical_theorems
4012,Barbier's theorem,Category:Mathematical_theorems
4013,StallingsZeeman theorem,Category:Mathematical_theorems
4014,Splitting theorem,Category:Mathematical_theorems
4015,Von StaudtClausen theorem,Category:Mathematical_theorems
4016,Goldstine theorem,Category:Mathematical_theorems
4017,MazurUlam theorem,Category:Mathematical_theorems
4018,Lagrange reversion theorem,Category:Mathematical_theorems
4019,Clairaut's theorem,Category:Mathematical_theorems
4020,Favard's theorem,Category:Mathematical_theorems
4021,Regev's theorem,Category:Mathematical_theorems
4022,Hadamard's lemma,Category:Mathematical_theorems
4023,KattovTong insertion theorem,Category:Mathematical_theorems
4024,Hjelmslev's theorem,Category:Mathematical_theorems
4025,Maier's theorem,Category:Mathematical_theorems
4026,Chebyshev's bias,Category:Mathematical_theorems
4027,Sion's minimax theorem,Category:Mathematical_theorems
4028,Crossbar theorem,Category:Mathematical_theorems
4029,Zahorski theorem,Category:Mathematical_theorems
4030,Hudde's rules,Category:Mathematical_theorems
4031,TurnKubilius inequality,Category:Mathematical_theorems
4032,HardyRamanujan theorem,Category:Mathematical_theorems
4033,Fuglede's theorem,Category:Mathematical_theorems
4034,RiemannRoch theorem for surfaces,Category:Mathematical_theorems
4035,AppellHumbert theorem,Category:Mathematical_theorems
4036,Three subgroups lemma,Category:Mathematical_theorems
4037,Dodecahedral conjecture,Category:Mathematical_theorems
4038,Six circles theorem,Category:Mathematical_theorems
4039,Pivot theorem,Category:Mathematical_theorems
4040,Miquel's theorem,Category:Mathematical_theorems
4041,Van Aubel's theorem,Category:Mathematical_theorems
4042,Brahmagupta theorem,Category:Mathematical_theorems
4043,Thbault's theorem,Category:Mathematical_theorems
4044,Beltrami's theorem,Category:Mathematical_theorems
4045,ErdsTurn inequality,Category:Mathematical_theorems
4046,ErdsGallai theorem,Category:Mathematical_theorems
4047,Reider's theorem,Category:Mathematical_theorems
4048,Abel's binomial theorem,Category:Mathematical_theorems
4049,CartanKhler theorem,Category:Mathematical_theorems
4050,Bonnet theorem,Category:Mathematical_theorems
4051,Kachurovskii's theorem,Category:Mathematical_theorems
4052,MyhillNerode theorem,Category:Mathematical_theorems
4053,Star height problem,Category:Mathematical_theorems
4054,ChomskySchtzenberger theorem,Category:Mathematical_theorems
4055,Pasch's theorem,Category:Mathematical_theorems
4056,ErdsAnning theorem,Category:Mathematical_theorems
4057,SzemerdiTrotter theorem,Category:Mathematical_theorems
4058,Gromov's compactness theorem (geometry),Category:Mathematical_theorems
4059,Gromov's compactness theorem (topology),Category:Mathematical_theorems
4060,Harnack's curve theorem,Category:Mathematical_theorems
4061,Trichotomy theorem,Category:Mathematical_theorems
4062,GilmanGriess theorem,Category:Mathematical_theorems
4063,Carmichael's theorem,Category:Mathematical_theorems
4064,Brun's theorem,Category:Mathematical_theorems
4065,Sophie Germain's theorem,Category:Mathematical_theorems
4066,Leray's theorem,Category:Mathematical_theorems
4067,Kmura's theorem,Category:Mathematical_theorems
4068,Haynsworth inertia additivity formula,Category:Mathematical_theorems
4069,LaxWendroff theorem,Category:Mathematical_theorems
4070,Godunov's theorem,Category:Mathematical_theorems
4071,Choi's theorem on completely positive maps,Category:Mathematical_theorems
4072,Toy theorem,Category:Mathematical_theorems
4073,Kakutani's theorem (geometry),Category:Mathematical_theorems
4074,PonceletSteiner theorem,Category:Mathematical_theorems
4075,Riemannian Penrose inequality,Category:Mathematical_theorems
4076,Shift theorem,Category:Mathematical_theorems
4077,Max-flow min-cut theorem,Category:Mathematical_theorems
4078,AndreottiFrankel theorem,Category:Mathematical_theorems
4079,Fundamental theorem,Category:Mathematical_theorems
4080,WeylSchouten theorem,Category:Mathematical_theorems
4081,Bernstein's theorem (approximation theory),Category:Mathematical_theorems
4082,BehnkeStein theorem,Category:Mathematical_theorems
4083,Jackson's theorem (queueing theory),Category:Mathematical_theorems
4084,Bussgang theorem,Category:Mathematical_theorems
4085,Harnack's principle,Category:Mathematical_theorems
4086,Fundamental theorem of cyclic groups,Category:Mathematical_theorems
4087,Euler's theorem in geometry,Category:Mathematical_theorems
4088,RiceShapiro theorem,Category:Mathematical_theorems
4089,Herbrand's theorem,Category:Mathematical_theorems
4090,MohrMascheroni theorem,Category:Mathematical_theorems
4091,Freiman's theorem,Category:Mathematical_theorems
4092,Lagrange's theorem (number theory),Category:Mathematical_theorems
4093,NagataSmirnov metrization theorem,Category:Mathematical_theorems
4094,Bing metrization theorem,Category:Mathematical_theorems
4095,Lusin's separation theorem,Category:Mathematical_theorems
4096,Linear congruence theorem,Category:Mathematical_theorems
4097,BendixsonDulac theorem,Category:Mathematical_theorems
4098,Whitney immersion theorem,Category:Mathematical_theorems
4099,Carathodory's existence theorem,Category:Mathematical_theorems
4100,OrliczPettis theorem,Category:Mathematical_theorems
4101,Subspace theorem,Category:Mathematical_theorems
4102,SiegelWalfisz theorem,Category:Mathematical_theorems
4103,Kline sphere characterization,Category:Mathematical_theorems
4104,Fenchel's theorem,Category:Mathematical_theorems
4105,Preimage theorem,Category:Mathematical_theorems
4106,Trudinger's theorem,Category:Mathematical_theorems
4107,Atkinson's theorem,Category:Mathematical_theorems
4108,Lee Hwa Chung theorem,Category:Mathematical_theorems
4109,Comparison theorem,Category:Mathematical_theorems
4110,RouthHurwitz theorem,Category:Mathematical_theorems
4111,Equidistribution theorem,Category:Mathematical_theorems
4112,Contraction principle (large deviations theory),Category:Mathematical_theorems
4113,Mountain pass theorem,Category:Mathematical_theorems
4114,ErdsKac theorem,Category:Mathematical_theorems
4115,NashMoser theorem,Category:Mathematical_theorems
4116,No wandering domain theorem,Category:Mathematical_theorems
4117,Takens' theorem,Category:Mathematical_theorems
4118,Floquet theory,Category:Mathematical_theorems
4119,Denjoy theorem,Category:Mathematical_theorems
4120,Peixoto's theorem,Category:Mathematical_theorems
4121,Poincar recurrence theorem,Category:Mathematical_theorems
4122,Autonomous convergence theorem,Category:Mathematical_theorems
4123,PoincarBendixson theorem,Category:Mathematical_theorems
4124,KolmogorovArnoldMoser theorem,Category:Mathematical_theorems
4125,Fernique's theorem,Category:Mathematical_theorems
4126,Cramr's theorem,Category:Mathematical_theorems
4127,Wold's theorem,Category:Mathematical_theorems
4128,Coupon collector's problem,Category:Mathematical_theorems
4129,Khintchine inequality,Category:Mathematical_theorems
4130,Dynkin's formula,Category:Mathematical_theorems
4131,ClarkOcone theorem,Category:Mathematical_theorems
4132,Integral representation theorem for classical Wiener space,Category:Mathematical_theorems
4133,Girsanov theorem,Category:Mathematical_theorems
4134,Martingale representation theorem,Category:Mathematical_theorems
4135,Dudley's theorem,Category:Mathematical_theorems
4136,Schilder's theorem,Category:Mathematical_theorems
4137,FreidlinWentzell theorem,Category:Mathematical_theorems
4138,Reversible diffusion,Category:Mathematical_theorems
4139,Doob's martingale convergence theorems,Category:Mathematical_theorems
4140,Optional stopping theorem,Category:Mathematical_theorems
4141,ErdsSzekeres theorem,Category:Mathematical_theorems
4142,Gradient conjecture,Category:Mathematical_theorems
4143,Casey's theorem,Category:Mathematical_theorems
4144,Cantor's intersection theorem,Category:Mathematical_theorems
4145,Carathodory's extension theorem,Category:Mathematical_theorems
4146,Goldie's theorem,Category:Mathematical_theorems
4147,Increment theorem,Category:Mathematical_theorems
4148,StolzCesro theorem,Category:Mathematical_theorems
4149,HellingerToeplitz theorem,Category:Mathematical_theorems
4150,Besicovitch covering theorem,Category:Mathematical_theorems
4151,WienerIkehara theorem,Category:Mathematical_theorems
4152,Richardson's theorem,Category:Mathematical_theorems
4153,Mahler's theorem,Category:Mathematical_theorems
4154,Scott core theorem,Category:Mathematical_theorems
4155,Vitali convergence theorem,Category:Mathematical_theorems
4156,HardyLittlewood tauberian theorem,Category:Mathematical_theorems
4157,BrowderMinty theorem,Category:Mathematical_theorems
4158,Kruskal's tree theorem,Category:Mathematical_theorems
4159,Tietze extension theorem,Category:Mathematical_theorems
4160,Artin approximation theorem,Category:Mathematical_theorems
4161,LaskerNoether theorem,Category:Mathematical_theorems
4162,Kleene's recursion theorem,Category:Mathematical_theorems
4163,Spectrum of a theory,Category:Mathematical_theorems
4164,LwenheimSkolem theorem,Category:Mathematical_theorems
4165,Goodstein's theorem,Category:Mathematical_theorems
4166,Gdel's completeness theorem,Category:Mathematical_theorems
4167,Gdel's incompleteness theorems,Category:Mathematical_theorems
4168,Compactness theorem,Category:Mathematical_theorems
4169,Original proof of Gdel's completeness theorem,Category:Mathematical_theorems
4170,Morley's categoricity theorem,Category:Mathematical_theorems
4171,Omega-categorical theory,Category:Mathematical_theorems
4172,Borel determinacy theorem,Category:Mathematical_theorems
4173,Deduction theorem,Category:Mathematical_theorems
4174,Cut-elimination theorem,Category:Mathematical_theorems
4175,Anderson's theorem,Category:Mathematical_theorems
4176,Euler's theorem (differential geometry),Category:Mathematical_theorems
4177,Helly's theorem,Category:Mathematical_theorems
4178,AtiyahSegal completion theorem,Category:Mathematical_theorems
4179,Multiplicity-one theorem,Category:Mathematical_theorems
4180,Radon's theorem,Category:Mathematical_theorems
4181,Circle packing theorem,Category:Mathematical_theorems
4182,Wedderburn's little theorem,Category:Mathematical_theorems
4183,LambekMoser theorem,Category:Mathematical_theorems
4184,VietorisBegle mapping theorem,Category:Mathematical_theorems
4185,Descartes' theorem,Category:Mathematical_theorems
4186,Soddy's hexlet,Category:Mathematical_theorems
4187,Hilbert's irreducibility theorem,Category:Mathematical_theorems
4188,Zeckendorf's theorem,Category:Mathematical_theorems
4189,Max Noether's theorem,Category:Mathematical_theorems
4190,SchwarzAhlforsPick theorem,Category:Mathematical_theorems
4191,Hilbert's Theorem 90,Category:Mathematical_theorems
4192,Von Neumann bicommutant theorem,Category:Mathematical_theorems
4193,Menelaus' theorem,Category:Mathematical_theorems
4194,Thales' theorem,Category:Mathematical_theorems
4195,Marden's theorem,Category:Mathematical_theorems
4196,Monge's theorem,Category:Mathematical_theorems
4197,Pick's theorem,Category:Mathematical_theorems
4198,Burnside theorem,Category:Mathematical_theorems
4199,Multinomial theorem,Category:Mathematical_theorems
4200,Ostrowski's theorem,Category:Mathematical_theorems
4201,Carathodory's theorem (convex hull),Category:Mathematical_theorems
4202,Ryll-Nardzewski fixed point theorem,Category:Mathematical_theorems
4203,Mahler's compactness theorem,Category:Mathematical_theorems
4204,LieKolchin theorem,Category:Mathematical_theorems
4205,Hartogs' extension theorem,Category:Mathematical_theorems
4206,Sturm's theorem,Category:Mathematical_theorems
4207,Abouabdillah's theorem,Category:Mathematical_theorems
4208,Jung's theorem,Category:Mathematical_theorems
4209,Cauchy's theorem (geometry),Category:Mathematical_theorems
4210,GreenTao theorem,Category:Mathematical_theorems
4211,ErdsKoRado theorem,Category:Mathematical_theorems
4212,Morley's trisector theorem,Category:Mathematical_theorems
4213,Crofton formula,Category:Mathematical_theorems
4214,BrunnMinkowski theorem,Category:Mathematical_theorems
4215,Classification theorem,Category:Mathematical_theorems
4216,GelfandNaimark theorem,Category:Mathematical_theorems
4217,ChevalleyWarning theorem,Category:Mathematical_theorems
4218,ChevalleyShephardTodd theorem,Category:Mathematical_theorems
4219,PrkopaLeindler inequality,Category:Mathematical_theorems
4220,Pascal's theorem,Category:Mathematical_theorems
4221,Abel's theorem,Category:Mathematical_theorems
4222,Four-vertex theorem,Category:Mathematical_theorems
4223,Focal subgroup theorem,Category:Mathematical_theorems
4224,Z* theorem,Category:Mathematical_theorems
4225,Classification of finite simple groups,Category:Mathematical_theorems
4226,FeitThompson theorem,Category:Mathematical_theorems
4227,CN group,Category:Mathematical_theorems
4228,LerayHirsch theorem,Category:Mathematical_theorems
4229,Intercept theorem,Category:Mathematical_theorems
4230,Uniform boundedness principle,Category:Mathematical_theorems
4231,Desargues' theorem,Category:Mathematical_theorems
4232,Kodaira vanishing theorem,Category:Mathematical_theorems
4233,Whitehead theorem,Category:Mathematical_theorems
4234,Simplicial approximation theorem,Category:Mathematical_theorems
4235,Soul theorem,Category:Mathematical_theorems
4236,Lagrange inversion theorem,Category:Mathematical_theorems
4237,Fermat's theorem (stationary points),Category:Mathematical_theorems
4238,Minkowski's theorem,Category:Mathematical_theorems
4239,Carathodory's theorem (conformal mapping),Category:Mathematical_theorems
4240,Sphere theorem,Category:Mathematical_theorems
4241,BourbakiWitt theorem,Category:Mathematical_theorems
4242,CameronMartin theorem,Category:Mathematical_theorems
4243,Kodaira embedding theorem,Category:Mathematical_theorems
4244,AxGrothendieck theorem,Category:Mathematical_theorems
4245,Rational root theorem,Category:Mathematical_theorems
4246,FatouLebesgue theorem,Category:Mathematical_theorems
4247,Helly's selection theorem,Category:Mathematical_theorems
4248,FrakovHelly selection theorem,Category:Mathematical_theorems
4249,Seifertvan Kampen theorem,Category:Mathematical_theorems
4250,Peetre theorem,Category:Mathematical_theorems
4251,Pentagonal number theorem,Category:Mathematical_theorems
4252,Ptolemy's theorem,Category:Mathematical_theorems
4253,Vector fields on spheres,Category:Mathematical_theorems
4254,Division algorithm,Category:Mathematical_theorems
4255,Hurwitz's theorem (normed division algebras),Category:Mathematical_theorems
4256,Generalized GaussBonnet theorem,Category:Mathematical_theorems
4257,NielsenSchreier theorem,Category:Mathematical_theorems
4258,Excision theorem,Category:Mathematical_theorems
4259,Fiber bundle construction theorem,Category:Mathematical_theorems
4260,HopfRinow theorem,Category:Mathematical_theorems
4261,Frstenberg's proof of the infinitude of primes,Category:Mathematical_theorems
4262,Tonelli's theorem (functional analysis),Category:Mathematical_theorems
4263,Choquet theory,Category:Mathematical_theorems
4264,KreinMilman theorem,Category:Mathematical_theorems
4265,Fixed point theorems in infinite-dimensional spaces,Category:Mathematical_theorems
4266,Fixed point theorem,Category:Mathematical_theorems
4267,KnasterTarski theorem,Category:Mathematical_theorems
4268,Lattice theorem,Category:Mathematical_theorems
4269,Euler's rotation theorem,Category:Mathematical_theorems
4270,Green's theorem,Category:Mathematical_theorems
4271,Divergence theorem,Category:Mathematical_theorems
4272,AtiyahSinger index theorem,Category:Mathematical_theorems
4273,Lefschetz hyperplane theorem,Category:Mathematical_theorems
4274,Dominated convergence theorem,Category:Mathematical_theorems
4275,Monotone convergence theorem,Category:Mathematical_theorems
4276,RieszFischer theorem,Category:Mathematical_theorems
4277,Segal conjecture,Category:Mathematical_theorems
4278,Lefschetz fixed-point theorem,Category:Mathematical_theorems
4279,Banach fixed point theorem,Category:Mathematical_theorems
4280,Metrization theorem,Category:Mathematical_theorems
4281,Jordan curve theorem,Category:Mathematical_theorems
4282,Crystallographic restriction theorem,Category:Mathematical_theorems
4283,Implicit function theorem,Category:Mathematical_theorems
4284,HahnBanach theorem,Category:Mathematical_theorems
4285,Riesz representation theorem,Category:Mathematical_theorems
4286,StoneWeierstrass theorem,Category:Mathematical_theorems
4287,ShapleyFolkman lemma,Category:Mathematical_theorems
4288,HeineBorel theorem,Category:Mathematical_theorems
4289,Baire category theorem,Category:Mathematical_theorems
4290,Baire space,Category:Mathematical_theorems
4291,Compact space,Category:Mathematical_theorems
4292,ArzelAscoli theorem,Category:Mathematical_theorems
4293,Egorov's theorem,Category:Mathematical_theorems
4294,Cantor's diagonal argument,Category:Mathematical_theorems
4295,Cantor's theorem,Category:Mathematical_theorems
4296,Kakutani fixed point theorem,Category:Mathematical_theorems
4297,Brouwer fixed point theorem,Category:Mathematical_theorems
4298,Stone's representation theorem for Boolean algebras,Category:Mathematical_theorems
4299,Isomorphism theorem,Category:Mathematical_theorems
4300,Maschke's theorem,Category:Mathematical_theorems
4301,Sylow theorems,Category:Mathematical_theorems
4302,Lagrange's theorem (group theory),Category:Mathematical_theorems
4303,Fundamental theorem of arithmetic,Category:Mathematical_theorems
4304,Universal coefficient theorem,Category:Mathematical_theorems
4305,Wiles' proof of Fermat's Last Theorem,Category:Mathematical_theorems
4306,Stonevon Neumann theorem,Category:Mathematical_theorems
4307,Fundamental theorem of Galois theory,Category:Mathematical_theorems
4308,Weil conjectures,Category:Mathematical_theorems
4309,GrothendieckHirzebruchRiemannRoch theorem,Category:Mathematical_theorems
4310,BanachTarski paradox,Category:Mathematical_theorems
4311,Boolean prime ideal theorem,Category:Mathematical_theorems
4312,Stone duality,Category:Mathematical_theorems
4313,AbelRuffini theorem,Category:Mathematical_theorems
4314,Frobenius theorem (real division algebras),Category:Mathematical_theorems
4315,Invariance of domain,Category:Mathematical_theorems
4316,Extreme value theorem,Category:Mathematical_theorems
4317,Fundamental theorem of calculus,Category:Mathematical_theorems
4318,Mean value theorem,Category:Mathematical_theorems
4319,Taylor's theorem,Category:Mathematical_theorems
4320,Rolle's theorem,Category:Mathematical_theorems
4321,Pythagorean theorem,Category:Mathematical_theorems
4322,Implicit and explicit functions,Category:Mathematical_theorems
4323,Tychonoff's theorem,Category:Mathematical_theorems
4324,Cayley's theorem,Category:Mathematical_theorems
4325,Inverse function theorem,Category:Mathematical_theorems
4326,Frobenius theorem (differential topology),Category:Mathematical_theorems
4327,Hairy ball theorem,Category:Mathematical_theorems
4328,Uniformization theorem,Category:Mathematical_theorems
4329,SerreSwan theorem,Category:Mathematical_theorems
4330,Bott periodicity theorem,Category:Mathematical_theorems
4331,Binomial theorem,Category:Mathematical_theorems
4332,Stokes' theorem,Category:Mathematical_theorems
4333,Intermediate value theorem,Category:Mathematical_theorems
4334,Ham sandwich theorem,Category:Mathematical_theorems
4335,Poincar conjecture,Category:Mathematical_theorems
4336,Whitney embedding theorem,Category:Mathematical_theorems
4337,Fubini's theorem,Category:Mathematical_theorems
4338,RadonNikodym theorem,Category:Mathematical_theorems
4339,Lagrange's four-square theorem,Category:Mathematical_theorems
4340,Prime number theorem,Category:Mathematical_theorems
4341,Fermat's theorem on sums of two squares,Category:Mathematical_theorems
4342,Chinese remainder theorem,Category:Mathematical_theorems
4343,Dirichlet's unit theorem,Category:Mathematical_theorems
4344,Primitive element theorem,Category:Mathematical_theorems
4345,Plancherel theorem for spherical functions,Category:Mathematical_theorems
4346,Open mapping theorem (functional analysis),Category:Mathematical_theorems
4347,Closed graph theorem,Category:Mathematical_theorems
4348,Kuiper's theorem,Category:Mathematical_theorems
4349,LindemannWeierstrass theorem,Category:Mathematical_theorems
4350,Wiener's tauberian theorem,Category:Mathematical_theorems
4351,Commutation theorem,Category:Mathematical_theorems
4352,Hurewicz theorem,Category:Mathematical_theorems
4353,PoincarHopf theorem,Category:Mathematical_theorems
4354,Knneth theorem,Category:Mathematical_theorems
4355,Fermat's Last Theorem,Category:Mathematical_theorems
4356,L'Hpital's rule,Category:Mathematical_theorems
4357,Characterizations of the exponential function,Category:Mathematical_theorems
4358,Nash embedding theorem,Category:Mathematical_theorems
4359,CartanHadamard theorem,Category:Mathematical_theorems
4360,BanachStone theorem,Category:Mathematical_theorems
4361,Sard's theorem,Category:Mathematical_theorems
4362,GaussBonnet theorem,Category:Mathematical_theorems
4363,Birkhoff's representation theorem,Category:Mathematical_theorems
4364,Liouville's theorem (conformal mappings),Category:Mathematical_theorems
4365,Cauchy's theorem (group theory),Category:Mathematical_theorems
4366,The sum of the reciprocals of the primes diverges,Category:Mathematical_theorems
4367,Fundamental theorem on homomorphisms,Category:Mathematical_theorems
4368,Hilbert's basis theorem,Category:Mathematical_theorems
4369,Hilbert's syzygy theorem,Category:Mathematical_theorems
4370,Ore condition,Category:Mathematical_theorems
4371,Jacobson density theorem,Category:Mathematical_theorems
4372,KrullSchmidt theorem,Category:Mathematical_theorems
4373,ArtinWedderburn theorem,Category:Mathematical_theorems
4374,Structure theorem for finitely generated modules over a principal ideal domain,Category:Mathematical_theorems
4375,Five points determine a conic,Category:Mathematical_theorems
4376,Addition theorem,Category:Mathematical_theorems
4377,Euclid's theorem,Category:Mathematical_theorems
4378,Rokhlin's theorem,Category:Mathematical_theorems
4379,Stallings theorem about ends of groups,Category:Mathematical_theorems
4380,Grushko theorem,Category:Mathematical_theorems
4381,Kurosh subgroup theorem,Category:Mathematical_theorems
4382,There is no infinite-dimensional Lebesgue measure,Category:Mathematical_theorems
4383,Differentiation of integrals,Category:Mathematical_theorems
4384,Disintegration theorem,Category:Mathematical_theorems
4385,Hahn decomposition theorem,Category:Mathematical_theorems
4386,Prokhorov's theorem,Category:Mathematical_theorems
4387,Carleson measure,Category:Mathematical_theorems
4388,Knig's theorem (set theory),Category:Mathematical_theorems
4389,PicardLindelf theorem,Category:Mathematical_theorems
4390,Kronecker's theorem,Category:Mathematical_theorems
4391,BeckmanQuarles theorem,Category:Mathematical_theorems
4392,Cartan's theorem,Category:Mathematical_theorems
4393,HirzebruchRiemannRoch theorem,Category:Mathematical_theorems
4394,AtiyahBott fixed-point theorem,Category:Mathematical_theorems
4395,Squeeze theorem,Category:Mathematical_theorems
4396,Hilbert's theorem (differential geometry),Category:Mathematical_theorems
4397,MacMahon Master theorem,Category:Mathematical_theorems
4398,CantorBernsteinSchroeder theorem,Category:Mathematical_theorems
4399,NielsenThurston classification,Category:Mathematical_theorems
4400,PoincarBirkhoffWitt theorem,Category:Mathematical_theorems
4401,Stone's theorem on one-parameter unitary groups,Category:Mathematical_theorems
4402,Eisenstein's theorem,Category:Mathematical_theorems
4403,Riemann series theorem,Category:Mathematical_theorems
4404,Freudenthal suspension theorem,Category:Mathematical_theorems
4405,Existence theorem,Category:Mathematical_theorems
4406,"Lefschetz theorem on (1,1)-classes",Category:Mathematical_theorems
4407,AF+BG theorem,Category:Mathematical_theorems
4408,Darboux's theorem,Category:Mathematical_theorems
4409,BanachMazur theorem,Category:Mathematical_theorems
4410,SylvesterGallai theorem,Category:Mathematical_theorems
4411,BorelWeilBott theorem,Category:Mathematical_theorems
4412,GolodShafarevich theorem,Category:Mathematical_theorems
4413,QuillenSuslin theorem,Category:Mathematical_theorems
4414,BorelWeil theorem,Category:Mathematical_theorems
4415,Catalan's conjecture,Category:Mathematical_theorems
4416,Principal ideal theorem,Category:Mathematical_theorems
4417,Linnik's theorem,Category:Mathematical_theorems
4418,Chen's theorem,Category:Mathematical_theorems
4419,ThueSiegelRoth theorem,Category:Mathematical_theorems
4420,Siegel's theorem on integral points,Category:Mathematical_theorems
4421,Fermat's little theorem,Category:Mathematical_theorems
4422,Wilson's theorem,Category:Mathematical_theorems
4423,Cubic reciprocity,Category:Mathematical_theorems
4424,Quartic reciprocity,Category:Mathematical_theorems
4425,HerbrandRibet theorem,Category:Mathematical_theorems
4426,StarkHeegner theorem,Category:Mathematical_theorems
4427,Dirichlet's theorem on arithmetic progressions,Category:Mathematical_theorems
4428,Chebotarev's density theorem,Category:Mathematical_theorems
4429,Quadratic reciprocity,Category:Mathematical_theorems
4430,Takagi existence theorem,Category:Mathematical_theorems
4431,KroneckerWeber theorem,Category:Mathematical_theorems
4432,HasseMinkowski theorem,Category:Mathematical_theorems
4433,MordellWeil theorem,Category:Mathematical_theorems
4434,Stickelberger's theorem,Category:Mathematical_theorems
4435,BrauerSiegel theorem,Category:Mathematical_theorems
4436,Landau prime ideal theorem,Category:Mathematical_theorems
4437,Proof of Fermat's Last Theorem for specific exponents,Category:Mathematical_theorems
4438,Wolstenholme's theorem,Category:Mathematical_theorems
4439,Bertrand's postulate,Category:Mathematical_theorems
4440,Lucas' theorem,Category:Mathematical_theorems
4441,Mercer's theorem,Category:Mathematical_theorems
4442,Cramer's rule,Category:Mathematical_theorems
4443,Spectral theorem,Category:Mathematical_theorems
4444,PerronFrobenius theorem,Category:Mathematical_theorems
4445,CayleyHamilton theorem,Category:Mathematical_theorems
4446,Fundamental theorem of linear algebra,Category:Mathematical_theorems
4447,Principal axis theorem,Category:Mathematical_theorems
4448,HilbertSchmidt theorem,Category:Mathematical_theorems
4449,Sylvester's law of inertia,Category:Mathematical_theorems
4450,CauchyKowalevski theorem,Category:Mathematical_theorems
4451,Fundamental theorem of Riemannian geometry,Category:Mathematical_theorems
4452,Brianchon's theorem,Category:Mathematical_theorems
4453,Fredholm's theorem,Category:Mathematical_theorems
4454,Schwartz kernel theorem,Category:Mathematical_theorems
4455,BeauvilleLaszlo theorem,Category:Mathematical_theorems
4456,CarathodoryJacobiLie theorem,Category:Mathematical_theorems
4457,Mertens' theorems,Category:Mathematical_theorems
4458,Euler's theorem,Category:Mathematical_theorems
4459,KrylovBogolyubov theorem,Category:Mathematical_theorems
4460,Ado's theorem,Category:Mathematical_theorems
4461,LumerPhillips theorem,Category:Mathematical_theorems
4462,GelfondSchneider theorem,Category:Mathematical_theorems
4463,Baker's theorem,Category:Mathematical_theorems
4464,Six exponentials theorem,Category:Mathematical_theorems
4465,LionsLaxMilgram theorem,Category:Mathematical_theorems
4466,BabukaLaxMilgram theorem,Category:Mathematical_theorems
4467,LaxMilgram theorem,Category:Mathematical_theorems
4468,Haboush's theorem,Category:Mathematical_theorems
4469,Hodge index theorem,Category:Mathematical_theorems
4470,Pappus's hexagon theorem,Category:Mathematical_theorems
4471,Busemann's theorem,Category:Mathematical_theorems
4472,Meyer's theorem,Category:Mathematical_theorems
4473,EisenbudLevineKhimshiashvili signature formula,Category:Mathematical_theorems
4474,Von Neumann paradox,Category:Mathematical_theorems
4475,CartanDieudonn theorem,Category:Mathematical_theorems
4476,Mountain climbing problem,Category:Mathematical_theorems
4477,Darboux's theorem (analysis),Category:Mathematical_theorems
4478,Tameness theorem,Category:Mathematical_theorems
4479,Hyperbolization theorem,Category:Mathematical_theorems
4480,Mostow rigidity theorem,Category:Mathematical_theorems
4481,Smith conjecture,Category:Mathematical_theorems
4482,Sphere theorem (3-manifolds),Category:Mathematical_theorems
4483,Solution of the Poincar conjecture,Category:Mathematical_theorems
4484,Donaldson's theorem,Category:Mathematical_theorems
4485,LickorishWallace theorem,Category:Mathematical_theorems
4486,Ratner's theorems,Category:Mathematical_theorems
4487,Gromov's theorem on groups of polynomial growth,Category:Mathematical_theorems
4488,Lebesgue's decomposition theorem,Category:Mathematical_theorems
4489,Sazonov's theorem,Category:Mathematical_theorems
4490,Hausdorff paradox,Category:Mathematical_theorems
4491,Rademacher's theorem,Category:Mathematical_theorems
4492,SchurZassenhaus theorem,Category:Mathematical_theorems
4493,Bounded inverse theorem,Category:Mathematical_theorems
4494,HopkinsLevitzki theorem,Category:Mathematical_theorems
4495,Weil conjecture on Tamagawa numbers,Category:Mathematical_theorems
4496,Weierstrass preparation theorem,Category:Mathematical_theorems
4497,Kirszbraun theorem,Category:Mathematical_theorems
4498,Abelian and tauberian theorems,Category:Mathematical_theorems
4499,Rad's theorem (harmonic functions),Category:Mathematical_theorems
4500,Gleason's theorem,Category:Mathematical_theorems
4501,Nested intervals,Category:Mathematical_theorems
4502,Hahn embedding theorem,Category:Mathematical_theorems
4503,Fejr's theorem,Category:Mathematical_theorems
4504,Tutte theorem,Category:Mathematical_theorems
4505,Menger's theorem,Category:Mathematical_theorems
4506,Kirchhoff's theorem,Category:Mathematical_theorems
4507,BEST theorem,Category:Mathematical_theorems
4508,Grtzsch's theorem,Category:Mathematical_theorems
4509,Knig's theorem (graph theory),Category:Mathematical_theorems
4510,RobertsonSeymour theorem,Category:Mathematical_theorems
4511,Graph structure theorem,Category:Mathematical_theorems
4512,Planar separator theorem,Category:Mathematical_theorems
4513,Turn's theorem,Category:Mathematical_theorems
4514,Fry's theorem,Category:Mathematical_theorems
4515,Dilworth's theorem,Category:Mathematical_theorems
4516,Schnyder's theorem,Category:Mathematical_theorems
4517,Ramsey's theorem,Category:Mathematical_theorems
4518,Hall's marriage theorem,Category:Mathematical_theorems
4519,Five color theorem,Category:Mathematical_theorems
4520,Four color theorem,Category:Mathematical_theorems
4521,De BruijnErds theorem (graph theory),Category:Mathematical_theorems
4522,Grinberg's theorem,Category:Mathematical_theorems
4523,Ore's theorem,Category:Mathematical_theorems
4524,Spectral graph theory,Category:Mathematical_theorems
4525,Frucht's theorem,Category:Mathematical_theorems
4526,Heawood conjecture,Category:Mathematical_theorems
4527,Wilkie's theorem,Category:Mathematical_theorems
4528,Bertrand's ballot theorem,Category:Mathematical_theorems
4529,Gradient theorem,Category:Mathematical_theorems
4530,Dirichlet's approximation theorem,Category:Mathematical_theorems
4531,GrunwaldWang theorem,Category:Mathematical_theorems
4532,HasseArf theorem,Category:Mathematical_theorems
4533,M. Riesz extension theorem,Category:Mathematical_theorems
4534,Specht's theorem,Category:Mathematical_theorems
4535,Wold decomposition,Category:Mathematical_theorems
4536,Sylvester's determinant theorem,Category:Mathematical_theorems
4537,CotlarStein lemma,Category:Mathematical_theorems
4538,F. and M. Riesz theorem,Category:Mathematical_theorems
4539,Krull's principal ideal theorem,Category:Mathematical_theorems
4540,Apry's theorem,Category:Mathematical_theorems
4541,FaryMilnor theorem,Category:Mathematical_theorems
4542,Representation theorem,Category:Mathematical_theorems
4543,Plya enumeration theorem,Category:Mathematical_theorems
4544,HalesJewett theorem,Category:Mathematical_theorems
4545,Symmetric hypergraph theorem,Category:Mathematical_theorems
4546,Van der Waerden's theorem,Category:Mathematical_theorems
4547,Theorem on friends and strangers,Category:Mathematical_theorems
4548,Schur's theorem,Category:Mathematical_theorems
4549,ParisHarrington theorem,Category:Mathematical_theorems
4550,Theorem of the cube,Category:Mathematical_theorems
4551,Twisted Poincar duality,Category:Mathematical_theorems
4552,Area theorem (conformal mapping),Category:Mathematical_theorems
4553,Lebesgue differentiation theorem,Category:Mathematical_theorems
4554,Loop theorem,Category:Mathematical_theorems
4555,2 theorem,Category:Mathematical_theorems
4556,Cyclic surgery theorem,Category:Mathematical_theorems
4557,GordonLuecke theorem,Category:Mathematical_theorems
4558,Fundamental lemma (Langlands program),Category:Mathematical_theorems
4559,Kolmogorov extension theorem,Category:Mathematical_theorems
4560,RiemannRoch theorem for smooth manifolds,Category:Mathematical_theorems
4561,ATS theorem,Category:Mathematical_theorems
4562,SilvermanToeplitz theorem,Category:Mathematical_theorems
4563,Lebesgue's density theorem,Category:Mathematical_theorems
4564,Serre conjecture (number theory),Category:Mathematical_theorems
4565,Cheng's eigenvalue comparison theorem,Category:Mathematical_theorems
4566,Ultraparallel theorem,Category:Mathematical_theorems
4567,Danskin's theorem,Category:Mathematical_theorems
4568,AxKochen theorem,Category:Mathematical_theorems
4569,EellsKuiper manifold,Category:Mathematical_theorems
4570,Cohn's irreducibility criterion,Category:Mathematical_theorems
4571,Lusin's theorem,Category:Mathematical_theorems
4572,Dini's theorem,Category:Mathematical_theorems
4573,HahnKolmogorov theorem,Category:Mathematical_theorems
4574,Dvoretzky's theorem,Category:Mathematical_theorems
4575,Fitting's theorem,Category:Mathematical_theorems
4576,DavenportSchmidt theorem,Category:Mathematical_theorems
4577,Gershgorin circle theorem,Category:Mathematical_theorems
4578,BergerKazdan comparison theorem,Category:Mathematical_theorems
4579,Beck's monadicity theorem,Category:Mathematical_theorems
4580,SkolemNoether theorem,Category:Mathematical_theorems
4581,Hadwiger's theorem,Category:Mathematical_theorems
4582,Schauder fixed point theorem,Category:Mathematical_theorems
4583,Peano existence theorem,Category:Mathematical_theorems
4584,Polynomial remainder theorem,Category:Mathematical_theorems
4585,BolzanoWeierstrass theorem,Category:Mathematical_theorems
4586,Hartogs' theorem,Category:Mathematical_theorems
4587,Easton's theorem,Category:Mathematical_theorems
4588,BirkhoffGrothendieck theorem,Category:Mathematical_theorems
4589,Hurwitz's theorem (number theory),Category:Mathematical_theorems
4590,KruskalKatona theorem,Category:Mathematical_theorems
4591,Rice's theorem,Category:Mathematical_theorems
4592,CurtisHedlundLyndon theorem,Category:Mathematical_theorems
4593,Descartes' rule of signs,Category:Mathematical_theorems
4594,BolyaiGerwien theorem,Category:Mathematical_theorems
4595,Minkowski problem,Category:Mathematical_theorems
4596,BohrMollerup theorem,Category:Mathematical_theorems
4597,Fubini's theorem on differentiation,Category:Mathematical_theorems
4598,RellichKondrachov theorem,Category:Mathematical_theorems
4599,SteinStrmberg theorem,Category:Mathematical_theorems
4600,HeineCantor theorem,Category:Mathematical_theorems
4601,Borel fixed-point theorem,Category:Mathematical_theorems
4602,Kleene fixed-point theorem,Category:Mathematical_theorems
4603,HilleYosida theorem,Category:Mathematical_theorems
4604,Thue equation,Category:Mathematical_theorems
4605,BrunTitchmarsh theorem,Category:Mathematical_theorems
4606,Helmholtz decomposition,Category:Mathematical_theorems
4607,ChowlaMordell theorem,Category:Mathematical_theorems
4608,Higman's embedding theorem,Category:Mathematical_theorems
4609,Szpilrajn extension theorem,Category:Mathematical_theorems
4610,Intersection theorem,Category:Mathematical_theorems
4611,GelfandMazur theorem,Category:Mathematical_theorems
4612,Separating axis theorem,Category:Mathematical_theorems
4613,Pappus's centroid theorem,Category:Mathematical_theorems
4614,Generic flatness,Category:Mathematical_theorems
4615,Min-max theorem,Category:Mathematical_theorems
4616,Well-ordering theorem,Category:Mathematical_theorems
4617,Michael selection theorem,Category:Mathematical_theorems
4618,De BruijnErds theorem (incidence geometry),Category:Mathematical_theorems
4619,Reflection theorem,Category:Mathematical_theorems
4620,NagellLutz theorem,Category:Mathematical_theorems
4621,Fundamental theorem of curves,Category:Mathematical_theorems
4622,Parthasarathy's theorem,Category:Mathematical_theorems
4623,BombieriVinogradov theorem,Category:Mathematical_theorems
4624,Vinogradov's theorem,Category:Mathematical_theorems
4625,Spherical law of cosines,Category:Mathematical_theorems
4626,Witt's theorem,Category:Mathematical_theorems
4627,Brauer's theorem on induced characters,Category:Mathematical_theorems
4628,Minimax,Category:Mathematical_theorems
4629,Envelope theorem,Category:Mathematical_theorems
4630,No free lunch in search and optimization,Category:Mathematical_theorems
4631,Brauer's three main theorems,Category:Mathematical_theorems
4632,Caristi fixed point theorem,Category:Mathematical_theorems
4633,Bernstein's theorem on monotone functions,Category:Mathematical_theorems
4634,Barwise compactness theorem,Category:Mathematical_theorems
4635,BeurlingLax theorem,Category:Mathematical_theorems
4636,Dvissage,Category:Mathematical_theorems
4637,De Gua's theorem,Category:Mathematical_theorems
4638,Disc theorem,Category:Mathematical_theorems
4639,Kantorovich theorem,Category:Mathematical_theorems
4640,Ortsbogen theorem,Category:Mathematical_theorems
4641,James' theorem,Category:Mathematical_theorems
4642,Universal approximation theorem,Category:Mathematical_theorems
4643,Fuchs's theorem,Category:Mathematical_theorems
4644,Hilbert projection theorem,Category:Mathematical_theorems
4645,Exterior angle theorem,Category:Mathematical_theorems
4646,Five circles theorem,Category:Mathematical_theorems
4647,Pseudorandom generator theorem,Category:Mathematical_theorems
4648,Lochs' theorem,Category:Mathematical_theorems
4649,Clifford's circle theorems,Category:Mathematical_theorems
4650,Poisson limit theorem,Category:Mathematical_theorems
4651,Corona theorem,Category:Mathematical_theorems
4652,Rauch comparison theorem,Category:Mathematical_theorems
4653,Toponogov's theorem,Category:Mathematical_theorems
4654,Structure theorem for Gaussian measures,Category:Mathematical_theorems
4655,Rosser's theorem,Category:Mathematical_theorems
4656,BrauerCartanHua theorem,Category:Mathematical_theorems
4657,AnkenyArtinChowla congruence,Category:Mathematical_theorems
4658,SaccheriLegendre theorem,Category:Mathematical_theorems
4659,Synge's theorem,Category:Mathematical_theorems
4660,KawamataViehweg vanishing theorem,Category:Mathematical_theorems
4661,Kharitonov's theorem,Category:Mathematical_theorems
4662,BertrandDiquetPuiseux theorem,Category:Mathematical_theorems
4663,Tunnell's theorem,Category:Mathematical_theorems
4664,LyapunovMalkin theorem,Category:Mathematical_theorems
4665,Schoenflies problem,Category:Mathematical_theorems
4666,Thue's theorem,Category:Mathematical_theorems
4667,StanleyWilf conjecture,Category:Mathematical_theorems
4668,Strmer's theorem,Category:Mathematical_theorems
4669,Pompeiu derivative,Category:Mathematical_theorems
4670,ErdsPsa theorem,Category:Mathematical_theorems
4671,Malgrange preparation theorem,Category:Mathematical_theorems
4672,RouchCapelli theorem,Category:Mathematical_theorems
4673,KanamoriMcAloon theorem,Category:Mathematical_theorems
4674,Minlos' theorem,Category:Mathematical_theorems
4675,Newton's theorem about ovals,Category:Mathematical_theorems
4676,JordanSchur theorem,Category:Mathematical_theorems
4677,SkolemMahlerLech theorem,Category:Mathematical_theorems
4678,AmitsurLevitzki theorem,Category:Mathematical_theorems
4679,CramrWold theorem,Category:Mathematical_theorems
4680,MasonStothers theorem,Category:Mathematical_theorems
4681,Nielsen realization problem,Category:Mathematical_theorems
4682,Rado's theorem (Ramsey theory),Category:Mathematical_theorems
4683,Pizza theorem,Category:Mathematical_theorems
4684,Topkis's theorem,Category:Mathematical_theorems
4685,Holland's schema theorem,Category:Mathematical_theorems
4686,Full employment theorem,Category:Mathematical_theorems
4687,Frobenius determinant theorem,Category:Mathematical_theorems
4688,Gerbaldi's theorem,Category:Mathematical_theorems
4689,Birch's theorem,Category:Mathematical_theorems
4690,BrauerSuzuki theorem,Category:Mathematical_theorems
4691,Lindstrm's theorem,Category:Mathematical_theorems
4692,Hopf theorem,Category:Mathematical_theorems
4693,Whitney extension theorem,Category:Mathematical_theorems
4694,Parts-per notation,Category:Mathematical_terminology
4695,Abstract structure,Category:Mathematical_terminology
4696,Theory,Category:Mathematical_terminology
4697,Property (philosophy),Category:Mathematical_terminology
4698,Definition,Category:Mathematical_terminology
4699,Active and passive transformation,Category:Mathematical_terminology
4700,Lemniscate,Category:Mathematical_terminology
4701,Generalized inverse,Category:Mathematical_terminology
4702,Single-valued function,Category:Mathematical_terminology
4703,Harmonic (mathematics),Category:Mathematical_terminology
4704,Arbitrarily large,Category:Mathematical_terminology
4705,Cryptomorphism,Category:Mathematical_terminology
4706,Inverse-square law,Category:Mathematical_terminology
4707,Ansatz,Category:Mathematical_terminology
4708,Proportionality (mathematics),Category:Mathematical_terminology
4709,Toy model,Category:Mathematical_terminology
4710,Bivariate data,Category:Mathematical_terminology
4711,Proof by contrapositive,Category:Mathematical_terminology
4712,Parameter space,Category:Mathematical_terminology
4713,Parameter,Category:Mathematical_terminology
4714,Pivotal quantity,Category:Mathematical_terminology
4715,Stochastic,Category:Mathematical_terminology
4716,Complete set of invariants,Category:Mathematical_terminology
4717,Axiom,Category:Mathematical_terminology
4718,Stratification (mathematics),Category:Mathematical_terminology
4719,Proof by contradiction,Category:Mathematical_terminology
4720,Metatheorem,Category:Mathematical_terminology
4721,Necessary and sufficient condition,Category:Mathematical_terminology
4722,Corollary,Category:Mathematical_terminology
4723,Rigidity (mathematics),Category:Mathematical_terminology
4724,Modulo (jargon),Category:Mathematical_terminology
4725,Well-definition,Category:Mathematical_terminology
4726,Q.E.D.,Category:Mathematical_terminology
4727,Reduction (mathematics),Category:Mathematical_terminology
4728,Without loss of generality,Category:Mathematical_terminology
4729,Sides of an equation,Category:Mathematical_terminology
4730,Quadrature (mathematics),Category:Mathematical_terminology
4731,Connectedness,Category:Mathematical_terminology
4732,Space (mathematics),Category:Mathematical_terminology
4733,Well-behaved,Category:Mathematical_terminology
4734,Almost everywhere,Category:Mathematical_terminology
4735,Pathological (mathematics),Category:Mathematical_terminology
4736,Mathematical proof,Category:Mathematical_terminology
4737,Completeness,Category:Mathematical_terminology
4738,Theorem,Category:Mathematical_terminology
4739,Finite set,Category:Mathematical_terminology
4740,If and only if,Category:Mathematical_terminology
4741,Up to,Category:Mathematical_terminology
4742,Invariant (mathematics),Category:Mathematical_terminology
4743,Number system,Category:Mathematical_terminology
4744,Pure mathematics,Category:Mathematical_terminology
4745,Abuse of notation,Category:Mathematical_terminology
4746,Projection (mathematics),Category:Mathematical_terminology
4747,Differential (mathematics),Category:Mathematical_terminology
4748,Index (mathematics),Category:Mathematical_terminology
4749,Irreducibility (mathematics),Category:Mathematical_terminology
4750,Kernel (mathematics),Category:Mathematical_terminology
4751,Almost all,Category:Mathematical_terminology
4752,Exceptional object,Category:Mathematical_terminology
4753,Characterization (mathematics),Category:Mathematical_terminology
4754,Counterexample,Category:Mathematical_terminology
4755,Infinite descent,Category:Mathematical_terminology
4756,Correspondence (mathematics),Category:Mathematical_terminology
4757,Essentially unique,Category:Mathematical_terminology
4758,Lemma (mathematics),Category:Mathematical_terminology
4759,Order (mathematics),Category:Mathematical_terminology
4760,Pointwise,Category:Mathematical_terminology
4761,Mathematical coincidence,Category:Mathematical_terminology
4762,Adjoint,Category:Mathematical_terminology
4763,Matrix decomposition,Category:Mathematical_terminology
4764,Antisymmetric,Category:Mathematical_terminology
4765,Inverse (mathematics),Category:Mathematical_terminology
4766,Modulo,Category:Mathematical_terminology
4767,Almost,Category:Mathematical_terminology
4768,Sufficiently large,Category:Mathematical_terminology
4769,Transport of structure,Category:Mathematical_terminology
4770,Given (mathematics),Category:Mathematical_terminology
4771,Subgroup analysis,Category:Data_analysis
4772,Grouped data,Category:Data_analysis
4773,Explained variation,Category:Data_analysis
4774,Boolean analysis,Category:Data_analysis
4775,Limited dependent variable,Category:Data_analysis
4776,TinkerPlots,Category:Data_analysis
4777,Stationary subspace analysis,Category:Data_analysis
4778,Geometric data analysis,Category:Data_analysis
4779,Combinatorial data analysis,Category:Data_analysis
4780,Correlation clustering,Category:Data_analysis
4781,Clustering high-dimensional data,Category:Data_analysis
4782,Political forecasting,Category:Data_analysis
4783,LISREL,Category:Data_analysis
4784,Window function,Category:Data_analysis
4785,Correspondence analysis,Category:Data_analysis
4786,Multiple correspondence analysis,Category:Data_analysis
4787,K-medoids,Category:Data_analysis
4788,Text mining,Category:Data_analysis
4789,Text analytics,Category:Data_analysis
4790,Evolutionary data mining,Category:Data_analysis
4791,Grand mean,Category:Data_analysis
4792,Visual inspection,Category:Data_analysis
4793,Visual comparison,Category:Data_analysis
4794,Imputation (statistics),Category:Data_analysis
4795,Inverse-variance weighting,Category:Data_analysis
4796,Multiscale geometric analysis,Category:Data_analysis
4797,Normal score,Category:Data_analysis
4798,Cross tabulation,Category:Data_analysis
4799,Reification (statistics),Category:Data_analysis
4800,Structured data analysis (statistics),Category:Data_analysis
4801,Missing data,Category:Data_analysis
4802,Test set,Category:Data_analysis
4803,Smoothing,Category:Data_analysis
4804,Exponential smoothing,Category:Data_analysis
4805,Variance-stabilizing transformation,Category:Data_analysis
4806,Cluster-weighted modeling,Category:Data_analysis
4807,Segmented regression,Category:Data_analysis
4808,Experimental uncertainty analysis,Category:Data_analysis
4809,Data analysis,Category:Data_analysis
4810,Univariate analysis,Category:Data_analysis
4811,Exploratory data analysis,Category:Data_analysis
4812,Outlier,Category:Data_analysis
4813,Standard deviation,Category:Data_analysis
4814,1.96,Category:Data_analysis
4815,68-95-99.7 rule,Category:Data_analysis
4816,Shape of the distribution,Category:Data_analysis
4817,Bootstrapping populations,Category:Data_analysis
4818,Power transform,Category:Data_analysis
4819,Algorithmic inference,Category:Data_analysis
4820,Bootstrapping (statistics),Category:Data_analysis
4821,Statistical assumption,Category:Data_analysis
4822,Contingency table,Category:Data_analysis
4823,German tank problem,Category:Data_analysis
4824,Cumulative frequency analysis,Category:Data_analysis
4825,Data transformation (statistics),Category:Data_analysis
4826,Variance,Category:Data_analysis
4827,Covariance matrix,Category:Data_analysis
4828,Overdispersion,Category:Data_analysis
4829,Index of dispersion,Category:Data_analysis
4830,Empirical distribution function,Category:Data_analysis
4831,Inverse Mills ratio,Category:Data_analysis
4832,Probit,Category:Data_analysis
4833,Post-hoc analysis,Category:Data_analysis
4834,Forecasting,Category:Data_analysis
4835,Anscombe transform,Category:Data_analysis
4836,Neighbourhood components analysis,Category:Data_analysis
4837,Principal component analysis,Category:Data_analysis
4838,Cluster analysis,Category:Data_analysis
4839,Data mining,Category:Data_analysis
4840,Training set,Category:Data_analysis
4841,Independent component analysis,Category:Data_analysis
4842,Item tree analysis,Category:Data_analysis
4843,Topological data analysis,Category:Data_analysis
4844,Standard score,Category:Data_analysis
4845,Principal geodesic analysis,Category:Data_analysis
4846,Functional data analysis,Category:Data_analysis
4847,Counternull,Category:Data_analysis
4848,Silhouette (clustering),Category:Data_analysis
4849,Proxy (statistics),Category:Data_analysis
4850,Data visualization,Category:Data_analysis
4851,Controlling for a variable,Category:Regression_analysis
4852,Specification (regression),Category:Regression_analysis
4853,Smearing retransformation,Category:Regression_analysis
4854,Cross-sectional regression,Category:Regression_analysis
4855,CHAID,Category:Regression_analysis
4856,First-hitting-time model,Category:Regression_analysis
4857,Generalized linear array model,Category:Regression_analysis
4858,Generalized estimating equation,Category:Regression_analysis
4859,Unit-weighted regression,Category:Regression_analysis
4860,Canonical analysis,Category:Regression_analysis
4861,Multivariate probit,Category:Regression_analysis
4862,Censored regression model,Category:Regression_analysis
4863,Truncated regression model,Category:Regression_analysis
4864,Backfitting algorithm,Category:Regression_analysis
4865,Generalized additive model,Category:Regression_analysis
4866,Scatterplot smoothing,Category:Regression_analysis
4867,Additive model,Category:Regression_analysis
4868,Heteroscedasticity-consistent standard errors,Category:Regression_analysis
4869,Sliced inverse regression,Category:Regression_analysis
4870,Projection pursuit regression,Category:Regression_analysis
4871,NeweyWest estimator,Category:Regression_analysis
4872,Conditional change model,Category:Regression_analysis
4873,Smoothing spline,Category:Regression_analysis
4874,Variable rules analysis,Category:Regression_analysis
4875,Path analysis (statistics),Category:Regression_analysis
4876,Antecedent variable,Category:Regression_analysis
4877,Deming regression,Category:Regression_analysis
4878,Separation (statistics),Category:Regression_analysis
4879,Principle of marginality,Category:Regression_analysis
4880,Moderation (statistics),Category:Regression_analysis
4881,Preference regression,Category:Regression_analysis
4882,Fixed effects model,Category:Regression_analysis
4883,Mean and predicted response,Category:Regression_analysis
4884,Leverage (statistics),Category:Regression_analysis
4885,Proper linear model,Category:Regression_analysis
4886,Seemingly unrelated regressions,Category:Regression_analysis
4887,Moving least squares,Category:Regression_analysis
4888,Path coefficient,Category:Regression_analysis
4889,Proofs involving ordinary least squares,Category:Regression_analysis
4890,Numerical smoothing and differentiation,Category:Regression_analysis
4891,Multiple correlation,Category:Regression_analysis
4892,Dependent and independent variables,Category:Regression_analysis
4893,Comparison of general and generalized linear models,Category:Regression_analysis
4894,Standardized coefficient,Category:Regression_analysis
4895,Partial least squares regression,Category:Regression_analysis
4896,Curve fitting,Category:Regression_analysis
4897,Sinusoidal model,Category:Regression_analysis
4898,Proportional hazards models,Category:Regression_analysis
4899,Design matrix,Category:Regression_analysis
4900,Total least squares,Category:Regression_analysis
4901,Regression dilution,Category:Regression_analysis
4902,Non-linear least squares,Category:Regression_analysis
4903,Multivariate adaptive regression splines,Category:Regression_analysis
4904,Local regression,Category:Regression_analysis
4905,Iteratively reweighted least squares,Category:Regression_analysis
4906,Residual sum of squares,Category:Regression_analysis
4907,Explained sum of squares,Category:Regression_analysis
4908,Total sum of squares,Category:Regression_analysis
4909,Partition of sums of squares,Category:Regression_analysis
4910,Fraction of variance unexplained,Category:Regression_analysis
4911,Mallows' Cp,Category:Regression_analysis
4912,Multicollinearity,Category:Regression_analysis
4913,Semiparametric regression,Category:Regression_analysis
4914,Mixed model,Category:Regression_analysis
4915,Linear probability model,Category:Regression_analysis
4916,Polynomial and rational function modeling,Category:Regression_analysis
4917,Probit model,Category:Regression_analysis
4918,Sufficient dimension reduction,Category:Regression_analysis
4919,Multinomial logit,Category:Regression_analysis
4920,Logistic regression,Category:Regression_analysis
4921,Errors-in-variables models,Category:Regression_analysis
4922,Linear least squares (mathematics),Category:Regression_analysis
4923,Robust regression,Category:Regression_analysis
4924,Hat matrix,Category:Regression_analysis
4925,General linear model,Category:Regression_analysis
4926,Autocorrelation,Category:Regression_analysis
4927,Regression toward the mean,Category:Regression_analysis
4928,Structural equation modeling,Category:Regression_analysis
4929,Linear model,Category:Regression_analysis
4930,Polynomial regression,Category:Regression_analysis
4931,Least squares,Category:Regression_analysis
4932,Ordinary least squares,Category:Regression_analysis
4933,Coefficient of determination,Category:Regression_analysis
4934,Simple linear regression,Category:Regression_analysis
4935,Outline of regression analysis,Category:Regression_analysis
4936,Generalized least squares,Category:Regression_analysis
4937,Lack-of-fit sum of squares,Category:Regression_analysis
4938,Regression model validation,Category:Regression_analysis
4939,Nonlinear regression,Category:Regression_analysis
4940,Errors and residuals in statistics,Category:Regression_analysis
4941,Regression analysis,Category:Regression_analysis
4942,Linear regression,Category:Regression_analysis
4943,Prediction interval,Category:Regression_analysis
4944,Omitted-variable bias,Category:Regression_analysis
4945,Stepwise regression,Category:Regression_analysis
4946,Interaction (statistics),Category:Regression_analysis
4947,Poisson regression,Category:Regression_analysis
4948,Generalized linear model,Category:Regression_analysis
4949,"Generalized additive model for location, scale and shape",Category:Regression_analysis
4950,Binomial regression,Category:Regression_analysis
4951,Bayesian linear regression,Category:Regression_analysis
4952,Tobit model,Category:Regression_analysis
4953,Principal component regression,Category:Regression_analysis
4954,Ordered logit,Category:Regression_analysis
4955,Quantile regression,Category:Regression_analysis
4956,Dummy variable (statistics),Category:Regression_analysis
4957,Nonparametric regression,Category:Regression_analysis
4958,Isotonic regression,Category:Regression_analysis
4959,Random multinomial logit,Category:Regression_analysis
4960,Overfitting,Category:Regression_analysis
4961,Calibration (statistics),Category:Regression_analysis
4962,Least squares support vector machine,Category:Regression_analysis
4963,Growth curve,Category:Regression_analysis
4964,Compressed sensing,Category:Regression_analysis
4965,Guess value,Category:Regression_analysis
4966,Kitchen sink regression,Category:Regression_analysis
4967,FrischWaughLovell theorem,Category:Regression_analysis
4968,Difference in differences,Category:Regression_analysis
4969,Propensity score matching,Category:Regression_analysis
4970,SavitzkyGolay smoothing filter,Category:Regression_analysis
4971,Trend analysis,Category:Regression_analysis
4972,Instrumental variable,Category:Regression_analysis
4973,Heckman correction,Category:Regression_analysis
4974,Generalized linear mixed model,Category:Regression_analysis
4975,Bayesian multivariate linear regression,Category:Regression_analysis
4976,Maxwell construction,Category:Statistical_mechanics
4977,Self-averaging,Category:Statistical_mechanics
4978,Replica trick,Category:Statistical_mechanics
4979,Random energy model,Category:Statistical_mechanics
4980,Molecular chaos,Category:Statistical_mechanics
4981,Mixing (physics),Category:Statistical_mechanics
4982,Blind signal separation,Category:Statistical_mechanics
4983,Wiener sausage,Category:Statistical_mechanics
4984,Kinetic scheme,Category:Statistical_mechanics
4985,Tsallis statistics,Category:Statistical_mechanics
4986,Tsallis distribution,Category:Statistical_mechanics
4987,Q-Gaussian distribution,Category:Statistical_mechanics
4988,Q-exponential distribution,Category:Statistical_mechanics
4989,Lvy arcsine law,Category:Statistical_mechanics
4990,Hard spheres,Category:Statistical_mechanics
4991,Pair distribution function,Category:Statistical_mechanics
4992,Disorder operator,Category:Statistical_mechanics
4993,File dynamics,Category:Statistical_mechanics
4994,Predictability,Category:Statistical_mechanics
4995,Thermal capillary wave,Category:Statistical_mechanics
4996,Cellular Potts model,Category:Statistical_mechanics
4997,SwendsenWang algorithm,Category:Statistical_mechanics
4998,Wolff algorithm,Category:Statistical_mechanics
4999,AhlswedeDaykin inequality,Category:Statistical_mechanics
5000,Mean sojourn time,Category:Statistical_mechanics
5001,Local density of states,Category:Statistical_mechanics
5002,Mean free time,Category:Statistical_mechanics
5003,Nonequilibrium partition identity,Category:Statistical_mechanics
5004,Topological entropy in physics,Category:Statistical_mechanics
5005,Thermal velocity,Category:Statistical_mechanics
5006,Downhill folding,Category:Statistical_mechanics
5007,Microstate continuum,Category:Statistical_mechanics
5008,Numerical sign problem,Category:Statistical_mechanics
5009,Polymer physics,Category:Statistical_mechanics
5010,Gibbs algorithm,Category:Statistical_mechanics
5011,Gibbs state,Category:Statistical_mechanics
5012,Detailed balance,Category:Statistical_mechanics
5013,Master equation,Category:Statistical_mechanics
5014,Quantum dissipation,Category:Statistical_mechanics
5015,Density matrix,Category:Statistical_mechanics
5016,Entanglement distillation,Category:Statistical_mechanics
5017,Zwanzig projection operator,Category:Statistical_mechanics
5018,Population inversion,Category:Statistical_mechanics
5019,Wien's displacement law,Category:Statistical_mechanics
5020,Equipartition theorem,Category:Statistical_mechanics
5021,Boltzmann constant,Category:Statistical_mechanics
5022,Statistical mechanics,Category:Statistical_mechanics
5023,FermiDirac statistics,Category:Statistical_mechanics
5024,Atomic theory,Category:Statistical_mechanics
5025,Planck's law,Category:Statistical_mechanics
5026,Thermodynamic limit,Category:Statistical_mechanics
5027,Boltzmann equation,Category:Statistical_mechanics
5028,Density of states,Category:Statistical_mechanics
5029,Mean free path,Category:Statistical_mechanics
5030,Internal energy,Category:Statistical_mechanics
5031,Two-dimensional gas,Category:Statistical_mechanics
5032,Boltzmann distribution,Category:Statistical_mechanics
5033,FloryHuggins solution theory,Category:Statistical_mechanics
5034,Entropy of mixing,Category:Statistical_mechanics
5035,Photon gas,Category:Statistical_mechanics
5036,Fundamental thermodynamic relation,Category:Statistical_mechanics
5037,Bohrvan Leeuwen theorem,Category:Statistical_mechanics
5038,Distribution function,Category:Statistical_mechanics
5039,Vlasov equation,Category:Statistical_mechanics
5040,Fluctuation-dissipation theorem,Category:Statistical_mechanics
5041,Boltzmann factor,Category:Statistical_mechanics
5042,Topological order,Category:Statistical_mechanics
5043,Liouville's theorem (Hamiltonian),Category:Statistical_mechanics
5044,Ergodic hypothesis,Category:Statistical_mechanics
5045,Maximum entropy thermodynamics,Category:Statistical_mechanics
5046,Microstate (statistical mechanics),Category:Statistical_mechanics
5047,Quantum statistical mechanics,Category:Statistical_mechanics
5048,Relation between Schrdinger's equation and the path integral formulation of quantum mechanics,Category:Statistical_mechanics
5049,Statistical physics,Category:Statistical_mechanics
5050,Configuration entropy,Category:Statistical_mechanics
5051,Cutoff (physics),Category:Statistical_mechanics
5052,Green's function (many-body theory),Category:Statistical_mechanics
5053,H-theorem,Category:Statistical_mechanics
5054,Loschmidt's paradox,Category:Statistical_mechanics
5055,Gibbs paradox,Category:Statistical_mechanics
5056,SakumaHattori equation,Category:Statistical_mechanics
5057,Feynman graph,Category:Statistical_mechanics
5058,Particle statistics,Category:Statistical_mechanics
5059,Thermal fluctuations,Category:Statistical_mechanics
5060,Einstein relation (kinetic theory),Category:Statistical_mechanics
5061,Helmholtz theorem (classical mechanics),Category:Statistical_mechanics
5062,T-symmetry,Category:Statistical_mechanics
5063,Path integral formulation,Category:Statistical_mechanics
5064,Effective field theory,Category:Statistical_mechanics
5065,Coupling constant,Category:Statistical_mechanics
5066,Renormalization group,Category:Statistical_mechanics
5067,KMS state,Category:Statistical_mechanics
5068,S-duality,Category:Statistical_mechanics
5069,UV fixed point,Category:Statistical_mechanics
5070,Infrared fixed point,Category:Statistical_mechanics
5071,Functional renormalization group,Category:Statistical_mechanics
5072,Witten index,Category:Statistical_mechanics
5073,Elitzur's theorem,Category:Statistical_mechanics
5074,Thermal quantum field theory,Category:Statistical_mechanics
5075,Wick rotation,Category:Statistical_mechanics
5076,1/N expansion,Category:Statistical_mechanics
5077,Critical dimension,Category:Statistical_mechanics
5078,Langevin equation,Category:Statistical_mechanics
5079,BBGKY hierarchy,Category:Statistical_mechanics
5080,Wien approximation,Category:Statistical_mechanics
5081,Gas in a box,Category:Statistical_mechanics
5082,Gas in a harmonic trap,Category:Statistical_mechanics
5083,List of textbooks in statistical mechanics,Category:Statistical_mechanics
5084,Thermal de Broglie wavelength,Category:Statistical_mechanics
5085,Luttinger liquid,Category:Statistical_mechanics
5086,KT (energy),Category:Statistical_mechanics
5087,RT (energy),Category:Statistical_mechanics
5088,Order and disorder (physics),Category:Statistical_mechanics
5089,Jarzynski equality,Category:Statistical_mechanics
5090,Fluctuation theorem,Category:Statistical_mechanics
5091,GreenKubo relations,Category:Statistical_mechanics
5092,Biology Monte Carlo method,Category:Statistical_mechanics
5093,JordanWigner transformation,Category:Statistical_mechanics
5094,Langevin dynamics,Category:Statistical_mechanics
5095,Thermodynamic beta,Category:Statistical_mechanics
5096,Rushbrooke inequality,Category:Statistical_mechanics
5097,Widom insertion method,Category:Statistical_mechanics
5098,Ising model,Category:Statistical_mechanics
5099,Potts model,Category:Statistical_mechanics
5100,KosterlitzThouless transition,Category:Statistical_mechanics
5101,Landau theory,Category:Statistical_mechanics
5102,Spin stiffness,Category:Statistical_mechanics
5103,Density matrix renormalization group,Category:Statistical_mechanics
5104,Dmrg of Heisenberg model,Category:Statistical_mechanics
5105,Heisenberg model (quantum),Category:Statistical_mechanics
5106,Spin model,Category:Statistical_mechanics
5107,Quantum spin model,Category:Statistical_mechanics
5108,KramersWannier duality,Category:Statistical_mechanics
5109,Square-lattice Ising model,Category:Statistical_mechanics
5110,Boltzmann Medal,Category:Statistical_mechanics
5111,MerminWagner theorem,Category:Statistical_mechanics
5112,Mean field theory,Category:Statistical_mechanics
5113,ANNNI model,Category:Statistical_mechanics
5114,Vertex model,Category:Statistical_mechanics
5115,Ensemble average,Category:Statistical_mechanics
5116,Order operator,Category:Statistical_mechanics
5117,Bogoliubov inner product,Category:Statistical_mechanics
5118,Stokesian dynamics,Category:Statistical_mechanics
5119,Brownian dynamics,Category:Statistical_mechanics
5120,Free energy perturbation,Category:Statistical_mechanics
5121,Bennett acceptance ratio,Category:Statistical_mechanics
5122,Widom scaling,Category:Statistical_mechanics
5123,AKLT Model,Category:Statistical_mechanics
5124,Correlation function (statistical mechanics),Category:Statistical_mechanics
5125,Hypernetted-chain equation,Category:Statistical_mechanics
5126,PercusYevick approximation,Category:Statistical_mechanics
5127,Compressibility equation,Category:Statistical_mechanics
5128,Loop integral,Category:Statistical_mechanics
5129,LeeYang theorem,Category:Statistical_mechanics
5130,Quantum dimer models,Category:Statistical_mechanics
5131,Corner transfer matrix,Category:Statistical_mechanics
5132,Hard hexagon model,Category:Statistical_mechanics
5133,Ginzburg criterion,Category:Statistical_mechanics
5134,Eight-vertex model,Category:Statistical_mechanics
5135,ZimmBragg model,Category:Statistical_mechanics
5136,Helix-coil transition model,Category:Statistical_mechanics
5137,Transfer-matrix method,Category:Statistical_mechanics
5138,Statistical weight,Category:Statistical_mechanics
5139,Ice-type model,Category:Statistical_mechanics
5140,Correlation inequality,Category:Statistical_mechanics
5141,Kinetic Monte Carlo,Category:Statistical_mechanics
5142,Superstatistics,Category:Statistical_mechanics
5143,Direct simulation Monte Carlo,Category:Statistical_mechanics
5144,Monte Carlo method,Category:Statistical_mechanics
5145,Gibbs measure,Category:Statistical_mechanics
5146,Brownian motion,Category:Statistical_mechanics
5147,Local time (mathematics),Category:Statistical_mechanics
5148,Gaussian free field,Category:Statistical_mechanics
5149,Laplace principle (large deviations theory),Category:Statistical_mechanics
5150,Domino tiling,Category:Statistical_mechanics
5151,FKG inequality,Category:Statistical_mechanics
5152,YangBaxter equation,Category:Statistical_mechanics
5153,Gaussian fixed point,Category:Statistical_mechanics
5154,Virial expansion,Category:Statistical_mechanics
5155,Virial coefficient,Category:Statistical_mechanics
5156,Ursell function,Category:Statistical_mechanics
5157,ChapmanEnskog theory,Category:Statistical_mechanics
5158,ScheutjensFleer theory,Category:Statistical_mechanics
5159,Two-state trajectory,Category:Statistical_mechanics
5160,Fick's laws of diffusion,Category:Statistical_mechanics
5161,LiebLiniger Model,Category:Statistical_mechanics
5162,Sommerfeld expansion,Category:Statistical_mechanics
5163,Quantum concentration,Category:Statistical_mechanics
5164,Kinetic exchange models of markets,Category:Statistical_mechanics
5165,Griffiths inequality,Category:Statistical_mechanics
5166,Statistical fluctuations,Category:Statistical_mechanics
5167,Radial distribution function,Category:Statistical_mechanics
5168,OrnsteinZernike equation,Category:Statistical_mechanics
5169,Percentage point,Category:Statistical_terminology
5170,Latin rectangle,Category:Statistical_terminology
5171,Discretization of continuous features,Category:Statistical_terminology
5172,Data binning,Category:Statistical_terminology
5173,Natural process variation,Category:Statistical_terminology
5174,Univariate distribution,Category:Statistical_terminology
5175,Time-varying covariate,Category:Statistical_terminology
5176,Collectively exhaustive events,Category:Statistical_terminology
5177,Homogeneity (statistics),Category:Statistical_terminology
5178,Noncentrality parameter,Category:Statistical_terminology
5179,Neutral vector,Category:Statistical_terminology
5180,Moving average representation,Category:Statistical_terminology
5181,Empirical,Category:Statistical_terminology
5182,A posteriori probability,Category:Statistical_terminology
5183,Spatial distribution,Category:Statistical_terminology
5184,Failure rate,Category:Statistical_terminology
5185,Standardized mortality ratio,Category:Statistical_terminology
5186,Ceiling effect,Category:Statistical_terminology
5187,Floor effect,Category:Statistical_terminology
5188,Gompertz function,Category:Statistical_terminology
5189,Cohort (statistics),Category:Statistical_terminology
5190,Control limits,Category:Statistical_terminology
5191,Acceptable quality limit,Category:Statistical_terminology
5192,Probability of error,Category:Statistical_terminology
5193,Statistical assembly,Category:Statistical_terminology
5194,Stratified sampling,Category:Statistical_terminology
5195,Index (economics),Category:Statistical_terminology
5196,Population variance,Category:Statistical_terminology
5197,Odds,Category:Statistical_terminology
5198,Error bar,Category:Statistical_terminology
5199,Gallagher Index,Category:Statistical_terminology
5200,Concordant pair,Category:Statistical_terminology
5201,Transiogram,Category:Statistical_terminology
5202,Observable variable,Category:Statistical_terminology
5203,Serial dependence,Category:Statistical_terminology
5204,Mean signed difference,Category:Statistical_terminology
5205,Iterated conditional modes,Category:Statistical_terminology
5206,Statistical literacy,Category:Statistical_terminology
5207,Statistical regularity,Category:Statistical_terminology
5208,Sample standard deviation,Category:Statistical_terminology
5209,Studentization,Category:Statistical_terminology
5210,Innovations vector,Category:Statistical_terminology
5211,Formation matrix,Category:Statistical_terminology
5212,Intervening variable,Category:Statistical_terminology
5213,Confounding,Category:Statistical_terminology
5214,Loess curve,Category:Statistical_terminology
5215,Exposure variable,Category:Statistical_terminology
5216,Jackknife (statistics),Category:Statistical_terminology
5217,Null distribution,Category:Statistical_terminology
5218,Mixture (probability),Category:Statistical_terminology
5219,Sequential analysis,Category:Statistical_terminology
5220,Ridge regression,Category:Statistical_terminology
5221,Quasi-likelihood,Category:Statistical_terminology
5222,Geometric standard deviation,Category:Statistical_terminology
5223,Hyperprior,Category:Statistical_terminology
5224,Consistency (statistics),Category:Statistical_terminology
5225,Statistical unit,Category:Statistical_terminology
5226,Big O in probability notation,Category:Statistical_terminology
5227,Censoring (statistics),Category:Statistical_terminology
5228,Midhinge,Category:Statistical_terminology
5229,Linear least squares,Category:Statistical_terminology
5230,Covariate,Category:Statistical_terminology
5231,Latent variable,Category:Statistical_terminology
5232,Fisher consistency,Category:Statistical_terminology
5233,Mahalanobis distance,Category:Statistical_terminology
5234,Univariate,Category:Statistical_terminology
5235,Robust measures of scale,Category:Statistical_terminology
5236,Central tendency,Category:Statistical_terminology
5237,Average,Category:Statistical_terminology
5238,Studentized range,Category:Statistical_terminology
5239,Deviation (statistics),Category:Statistical_terminology
5240,Uncertainty,Category:Statistical_terminology
5241,Conditional variance,Category:Statistical_terminology
5242,Probability distribution function,Category:Statistical_terminology
5243,Empirical probability,Category:Statistical_terminology
5244,Realization (probability),Category:Statistical_terminology
5245,Fair coin,Category:Statistical_terminology
5246,Pooled variance,Category:Statistical_terminology
5247,Trend stationary,Category:Statistical_terminology
5248,Completeness (statistics),Category:Statistical_terminology
5249,Two-tailed test,Category:Statistical_terminology
5250,Frequentist inference,Category:Statistical_terminology
5251,Efficient estimator,Category:Statistical_terminology
5252,P-value,Category:Statistical_terminology
5253,Statistical power,Category:Statistical_terminology
5254,Test statistic,Category:Statistical_terminology
5255,Degrees of freedom (statistics),Category:Statistical_terminology
5256,T-statistic,Category:Statistical_terminology
5257,Confidence interval,Category:Statistical_terminology
5258,Efficiency (statistics),Category:Statistical_terminology
5259,Nuisance parameter,Category:Statistical_terminology
5260,Invariant estimator,Category:Statistical_terminology
5261,Odds ratio,Category:Statistical_terminology
5262,Nuisance variable,Category:Statistical_terminology
5263,Standard normal deviate,Category:Statistical_terminology
5264,Parametric family,Category:Statistical_terminology
5265,Conditional expectation,Category:Statistical_terminology
5266,Law of large numbers,Category:Statistical_terminology
5267,Stability (probability),Category:Statistical_terminology
5268,Marginal distribution,Category:Statistical_terminology
5269,Central limit theorem,Category:Statistical_terminology
5270,Scale parameter,Category:Statistical_terminology
5271,Mean,Category:Statistical_terminology
5272,L-moment,Category:Statistical_terminology
5273,Uncorrelated,Category:Statistical_terminology
5274,Location parameter,Category:Statistical_terminology
5275,Shape parameter,Category:Statistical_terminology
5276,Statistical parameter,Category:Statistical_terminology
5277,Notation in probability and statistics,Category:Statistical_terminology
5278,Concentration parameter,Category:Statistical_terminology
5279,Precision (statistics),Category:Statistical_terminology
5280,Hyperparameter,Category:Statistical_terminology
5281,Bias (statistics),Category:Statistical_terminology
5282,Random variate,Category:Statistical_terminology
5283,Categorical data,Category:Statistical_terminology
5284,Data point,Category:Statistical_terminology
5285,Statistical proof,Category:Statistical_terminology
5286,Probable error,Category:Statistical_terminology
5287,Polychoric correlation,Category:Statistical_terminology
5288,Contrast (statistics),Category:Statistical_terminology
5289,Support curve,Category:Statistical_terminology
5290,Centering matrix,Category:Statistical_terminology
5291,Stationary distribution,Category:Statistical_terminology
5292,Latin square,Category:Statistical_terminology
5293,Variable (mathematics),Category:Statistical_terminology
5294,Mean absolute scaled error,Category:Statistical_terminology
5295,Mean absolute error,Category:Statistical_terminology
5296,BoxCox transformation,Category:Statistical_terminology
5297,Critical region,Category:Statistical_terminology
5298,Regression discontinuity design,Category:Statistical_terminology
5299,Percentile rank,Category:Statistical_terminology
5300,Raw score,Category:Statistical_terminology
5301,Coverage probability,Category:Statistical_terminology
5302,Repeatability,Category:Statistical_terminology
5303,Marginal variable,Category:Statistical_terminology
5304,Relative variance,Category:Statistical_terminology
5305,Relative standard deviation,Category:Statistical_terminology
5306,Relative standard error,Category:Statistical_terminology
5307,Ogive,Category:Statistical_terminology
5308,Endogeneity (economics),Category:Statistical_terminology
5309,Statistical epidemiology,Category:Statistical_terminology
5310,Tolerance interval,Category:Statistical_terminology
5311,Duncan's new multiple range test,Category:Statistical_tests
5312,SiegelTukey test,Category:Statistical_tests
5313,Chauvenet's criterion,Category:Statistical_tests
5314,Durbin test,Category:Statistical_tests
5315,Van der Waerden test,Category:Statistical_tests
5316,CochranMantelHaenszel statistics,Category:Statistical_tests
5317,Closed testing procedure,Category:Statistical_tests
5318,HolmBonferroni method,Category:Statistical_tests
5319,Logrank test,Category:Statistical_tests
5320,False positive rate,Category:Statistical_tests
5321,Gamma test (statistics),Category:Statistical_tests
5322,Hartley's test,Category:Statistical_tests
5323,Tukey's test of additivity,Category:Statistical_tests
5324,One-way ANOVA,Category:Statistical_tests
5325,Barnard's test,Category:Statistical_tests
5326,Nemenyi test,Category:Statistical_tests
5327,ABX test,Category:Statistical_tests
5328,Tajima's D,Category:Statistical_tests
5329,Separation test,Category:Statistical_tests
5330,Chow test,Category:Statistical_tests
5331,BreuschGodfrey test,Category:Statistical_tests
5332,BreuschPagan test,Category:Statistical_tests
5333,Mauchly's sphericity test,Category:Statistical_tests
5334,Cochran-Armitage test for trend,Category:Statistical_tests
5335,Sargan test,Category:Statistical_tests
5336,Welch's t test,Category:Statistical_tests
5337,Dixon's Q test,Category:Statistical_tests
5338,GoldfeldQuandt test,Category:Statistical_tests
5339,Cramrvon Mises criterion,Category:Statistical_tests
5340,Sequential probability ratio test,Category:Statistical_tests
5341,P-rep,Category:Statistical_tests
5342,Grubbs' test for outliers,Category:Statistical_tests
5343,Vuong's closeness test,Category:Statistical_tests
5344,Mantel test,Category:Statistical_tests
5345,Multinomial test,Category:Statistical_tests
5346,Bartlett's test,Category:Statistical_tests
5347,Fisher's method,Category:Statistical_tests
5348,Score test,Category:Statistical_tests
5349,BrownForsythe test,Category:Statistical_tests
5350,F-test of equality of variances,Category:Statistical_tests
5351,Levene's test,Category:Statistical_tests
5352,Location testing for Gaussian scale mixture distributions,Category:Statistical_tests
5353,WaldWolfowitz runs test,Category:Statistical_tests
5354,Hoeffding's independence test,Category:Statistical_tests
5355,Cochran test,Category:Statistical_tests
5356,Wald test,Category:Statistical_tests
5357,DurbinWatson statistic,Category:Statistical_tests
5358,Portmanteau test,Category:Statistical_tests
5359,KruskalWallis one-way analysis of variance,Category:Statistical_tests
5360,Optimal design,Category:Statistical_tests
5361,G-test,Category:Statistical_tests
5362,Location test,Category:Statistical_tests
5363,Exact test,Category:Statistical_tests
5364,Sign test,Category:Statistical_tests
5365,McNemar's test,Category:Statistical_tests
5366,Fisher's exact test,Category:Statistical_tests
5367,Comparing means,Category:Statistical_tests
5368,Binomial test,Category:Statistical_tests
5369,Friedman test,Category:Statistical_tests
5370,Median test,Category:Statistical_tests
5371,Chi-square test,Category:Statistical_tests
5372,Kendall tau rank correlation coefficient,Category:Statistical_tests
5373,Analysis of variance,Category:Statistical_tests
5374,Normality test,Category:Statistical_tests
5375,Z-test,Category:Statistical_tests
5376,Student's t-test,Category:Statistical_tests
5377,Statistical hypothesis testing,Category:Statistical_tests
5378,Likelihood-ratio test,Category:Statistical_tests
5379,Pearson's chi-square test,Category:Statistical_tests
5380,Spearman's rank correlation coefficient,Category:Statistical_tests
5381,MannWhitney U,Category:Statistical_tests
5382,Resampling (statistics),Category:Statistical_tests
5383,Goodness of fit,Category:Statistical_tests
5384,F-test,Category:Statistical_tests
5385,Tukey's range test,Category:Statistical_tests
5386,Yates' correction for continuity,Category:Statistical_tests
5387,Continuity correction,Category:Statistical_tests
5388,Checking whether a coin is fair,Category:Statistical_tests
5389,Wilcoxon signed-rank test,Category:Statistical_tests
5390,AndersonDarling test,Category:Statistical_tests
5391,Kuiper's test,Category:Statistical_tests
5392,LjungBox test,Category:Statistical_tests
5393,KolmogorovSmirnov test,Category:Statistical_tests
5394,NeymanPearson lemma,Category:Statistical_tests
5395,Augmented DickeyFuller test,Category:Statistical_tests
5396,KPSS test,Category:Statistical_tests
5397,Unit root test,Category:Statistical_tests
5398,PhillipsPerron test,Category:Statistical_tests
5399,DickeyFuller test,Category:Statistical_tests
5400,Page's trend test,Category:Statistical_tests
5401,Randomness tests,Category:Statistical_tests
5402,Ramsey RESET test,Category:Statistical_tests
5403,Omnibus test,Category:Statistical_tests
5404,HosmerLemeshow test,Category:Statistical_tests
5405,Q-statistic,Category:Statistical_tests
5406,White test,Category:Statistical_tests
5407,Hausman test,Category:Statistical_tests
5408,Merton's portfolio problem,Category:Mathematical_finance
5409,Johansen test,Category:Mathematical_finance
5410,Optimal stopping,Category:Mathematical_finance
5411,Black swan theory,Category:Mathematical_finance
5412,Statistical finance,Category:Mathematical_finance
5413,Stable and tempered stable distributions with volatility clustering  financial applications,Category:Mathematical_finance
5414,Markov switching multifractal,Category:Mathematical_finance
5415,Annuity,Category:Mathematical_finance
5416,Fugit,Category:Mathematical_finance
5417,No free lunch with vanishing risk,Category:Mathematical_finance
5418,Self-financing portfolio,Category:Mathematical_finance
5419,Entropic risk measure,Category:Mathematical_finance
5420,Time consistency,Category:Mathematical_finance
5421,Superhedging price,Category:Mathematical_finance
5422,Dynamic risk measure,Category:Mathematical_finance
5423,Acceptance set,Category:Mathematical_finance
5424,Tail value at risk,Category:Mathematical_finance
5425,Solvency cone,Category:Mathematical_finance
5426,Consistent pricing process,Category:Mathematical_finance
5427,Frictionless market,Category:Mathematical_finance
5428,Modified Dietz Method,Category:Mathematical_finance
5429,Simple Dietz Method,Category:Mathematical_finance
5430,Project finance model,Category:Mathematical_finance
5431,Separation property (finance),Category:Mathematical_finance
5432,Bid-ask matrix,Category:Mathematical_finance
5433,Flows to equity,Category:Mathematical_finance
5434,Skewness risk,Category:Mathematical_finance
5435,TreynorBlack model,Category:Mathematical_finance
5436,Efficient Frontier,Category:Mathematical_finance
5437,Net present value,Category:Mathematical_finance
5438,Weighted average cost of capital,Category:Mathematical_finance
5439,Adjusted present value,Category:Mathematical_finance
5440,Modified internal rate of return,Category:Mathematical_finance
5441,Perpetuity,Category:Mathematical_finance
5442,Future value,Category:Mathematical_finance
5443,Rule of 72,Category:Mathematical_finance
5444,Compound interest,Category:Mathematical_finance
5445,Accumulation function,Category:Mathematical_finance
5446,Spectral risk measure,Category:Mathematical_finance
5447,Coherent risk measure,Category:Mathematical_finance
5448,Risk measure,Category:Mathematical_finance
5449,Discounted maximum loss,Category:Mathematical_finance
5450,Expected shortfall,Category:Mathematical_finance
5451,Quantum Finance,Category:Mathematical_finance
5452,Graham number,Category:Mathematical_finance
5453,Kurtosis risk,Category:Mathematical_finance
5454,Value at risk,Category:Mathematical_finance
5455,Computational finance,Category:Mathematical_finance
5456,Statistical arbitrage,Category:Mathematical_finance
5457,George S. Oldfield,Category:Mathematical_finance
5458,Robert A. Jarrow,Category:Mathematical_finance
5459,Quantitative behavioral finance,Category:Mathematical_finance
5460,Value investing,Category:Mathematical_finance
5461,Alpha (investment),Category:Mathematical_finance
5462,Magic Formula Investing,Category:Mathematical_finance
5463,Present value,Category:Mathematical_finance
5464,Discount rate,Category:Mathematical_finance
5465,Modern portfolio theory,Category:Mathematical_finance
5466,Arbitrage pricing theory,Category:Mathematical_finance
5467,Capital asset pricing model,Category:Mathematical_finance
5468,Financial modeling,Category:Mathematical_finance
5469,Beta (finance),Category:Mathematical_finance
5470,Enterprise value,Category:Mathematical_finance
5471,Equity value,Category:Mathematical_finance
5472,Earnings response coefficient,Category:Mathematical_finance
5473,Chepakovich valuation model,Category:Mathematical_finance
5474,High-frequency trading,Category:Mathematical_finance
5475,Index arbitrage,Category:Mathematical_finance
5476,Heston model,Category:Mathematical_finance
5477,Range accrual,Category:Mathematical_finance
5478,Volatility smile,Category:Mathematical_finance
5479,Exotic option,Category:Mathematical_finance
5480,Trinomial tree,Category:Mathematical_finance
5481,VIX,Category:Mathematical_finance
5482,Correlation swap,Category:Mathematical_finance
5483,Stochastic volatility,Category:Mathematical_finance
5484,Mathematical finance,Category:Mathematical_finance
5485,Variance swap,Category:Mathematical_finance
5486,Putcall parity,Category:Mathematical_finance
5487,Rational pricing,Category:Mathematical_finance
5488,Valuation of options,Category:Mathematical_finance
5489,Monte Carlo methods in finance,Category:Mathematical_finance
5490,Implied volatility,Category:Mathematical_finance
5491,Volatility (finance),Category:Mathematical_finance
5492,Binomial options pricing model,Category:Mathematical_finance
5493,BlackScholes,Category:Mathematical_finance
5494,Finite difference methods for option pricing,Category:Mathematical_finance
5495,Black model,Category:Mathematical_finance
5496,Monte Carlo methods for option pricing,Category:Mathematical_finance
5497,Risk-neutral measure,Category:Mathematical_finance
5498,Master of Quantitative Finance,Category:Mathematical_finance
5499,Forward measure,Category:Mathematical_finance
5500,Margrabe's formula,Category:Mathematical_finance
5501,Forward volatility,Category:Mathematical_finance
5502,No-arbitrage bounds,Category:Mathematical_finance
5503,HullWhite model,Category:Mathematical_finance
5504,QuantLib,Category:Mathematical_finance
5505,LIBOR market model,Category:Mathematical_finance
5506,Vasicek model,Category:Mathematical_finance
5507,SABR Volatility Model,Category:Mathematical_finance
5508,Numraire,Category:Mathematical_finance
5509,BlackDermanToy model,Category:Mathematical_finance
5510,Quantitative investing,Category:Mathematical_finance
5511,CoxIngersollRoss model,Category:Mathematical_finance
5512,HeathJarrowMorton framework,Category:Mathematical_finance
5513,Chen model,Category:Mathematical_finance
5514,Short-rate model,Category:Mathematical_finance
5515,HoLee model,Category:Mathematical_finance
5516,Adjusted current yield,Category:Mathematical_finance
5517,Current yield,Category:Mathematical_finance
5518,Credit card interest,Category:Mathematical_finance
5519,BlackLitterman model,Category:Mathematical_finance
5520,Annual percentage rate,Category:Mathematical_finance
5521,Interest rate,Category:Mathematical_finance
5522,Bank condition,Category:Mathematical_finance
5523,Variance risk premium,Category:Mathematical_finance
5524,Post-modern portfolio theory,Category:Mathematical_finance
5525,Jensen's alpha,Category:Mathematical_finance
5526,Modigliani Risk-Adjusted Performance,Category:Mathematical_finance
5527,Volatility risk premium,Category:Mathematical_finance
5528,Simple moving average crossover,Category:Mathematical_finance
5529,Fundamental theorem of asset pricing,Category:Mathematical_finance
5530,Moving average,Category:Mathematical_finance
5531,Malliavin calculus,Category:Mathematical_finance
5532,Stochastic calculus,Category:Mathematical_finance
5533,Viscosity solution,Category:Mathematical_finance
5534,CrankNicolson method,Category:Mathematical_finance
5535,Continuous-repayment mortgage,Category:Mathematical_finance
5536,Point (mortgage),Category:Mathematical_finance
5537,Short rate,Category:Mathematical_finance
5538,Cointegration,Category:Mathematical_finance
5539,Fisher equation,Category:Mathematical_finance
5540,Econophysics,Category:Mathematical_finance
5541,Indifference price,Category:Mathematical_finance
5542,Incomplete markets,Category:Mathematical_finance
5543,ArrowDebreu model,Category:Mathematical_finance
5544,Inverse demand function,Category:Mathematical_finance
5545,Analytics,Category:Mathematical_finance
5546,Method of complements,Category:Computer_arithmetic
5547,Radix point,Category:Computer_arithmetic
5548,Binary numeral system,Category:Computer_arithmetic
5549,Hexadecimal,Category:Computer_arithmetic
5550,Ternary numeral system,Category:Computer_arithmetic
5551,Octal,Category:Computer_arithmetic
5552,Redundant binary representation,Category:Computer_arithmetic
5553,Base 36,Category:Computer_arithmetic
5554,Bi-quinary coded decimal,Category:Computer_arithmetic
5555,Balanced ternary,Category:Computer_arithmetic
5556,Computer numbering formats,Category:Computer_arithmetic
5557,Adder (electronics),Category:Computer_arithmetic
5558,Kogge-Stone adder,Category:Computer_arithmetic
5559,"Hamming(7,4)",Category:Computer_arithmetic
5560,Hamming code,Category:Computer_arithmetic
5561,Circular shift,Category:Computer_arithmetic
5562,Metadefinition,Category:Computer_arithmetic
5563,Logarithmic number system,Category:Computer_arithmetic
5564,Arbitrary-precision arithmetic,Category:Computer_arithmetic
5565,Modulo operation,Category:Computer_arithmetic
5566,Integer (computer science),Category:Computer_arithmetic
5567,Short integer,Category:Computer_arithmetic
5568,Long integer,Category:Computer_arithmetic
5569,Common operator notation,Category:Computer_arithmetic
5570,Signedness,Category:Computer_arithmetic
5571,Logical shift,Category:Computer_arithmetic
5572,Arithmetic overflow,Category:Computer_arithmetic
5573,Arithmetic shift,Category:Computer_arithmetic
5574,Bitwise operation,Category:Computer_arithmetic
5575,Augmented assignment,Category:Computer_arithmetic
5576,Bit manipulation,Category:Computer_arithmetic
5577,Signed zero,Category:Computer_arithmetic
5578,Q (number format),Category:Computer_arithmetic
5579,Binary scaling,Category:Computer_arithmetic
5580,Decimal floating point,Category:Computer_arithmetic
5581,Decimal32 floating-point format,Category:Computer_arithmetic
5582,Decimal64 floating-point format,Category:Computer_arithmetic
5583,Decimal128 floating-point format,Category:Computer_arithmetic
5584,Single precision floating-point format,Category:Computer_arithmetic
5585,Machine epsilon,Category:Computer_arithmetic
5586,Unit in the last place,Category:Computer_arithmetic
5587,Arithmetic underflow,Category:Computer_arithmetic
5588,Quadruple precision floating-point format,Category:Computer_arithmetic
5589,Long double,Category:Computer_arithmetic
5590,Half precision floating-point format,Category:Computer_arithmetic
5591,Exponent bias,Category:Computer_arithmetic
5592,Minifloat,Category:Computer_arithmetic
5593,ISO/IEC 10967,Category:Computer_arithmetic
5594,Normal number (computing),Category:Computer_arithmetic
5595,Offset binary,Category:Computer_arithmetic
5596,Division by two,Category:Computer_arithmetic
5597,IEEE 754 revision,Category:Computer_arithmetic
5598,IEEE 854-1987,Category:Computer_arithmetic
5599,Normalized number,Category:Computer_arithmetic
5600,Numerical error,Category:Computer_arithmetic
5601,Gal's accurate tables,Category:Computer_arithmetic
5602,Densely packed decimal,Category:Computer_arithmetic
5603,Signed number representations,Category:Computer_arithmetic
5604,IEEE 754-2008,Category:Computer_arithmetic
5605,Extended precision,Category:Computer_arithmetic
5606,,Category:Computer_arithmetic
5607,Significand,Category:Computer_arithmetic
5608,Sign bit,Category:Computer_arithmetic
5609,IEEE 754-1985,Category:Computer_arithmetic
5610,Double precision floating-point format,Category:Computer_arithmetic
5611,Denormal number,Category:Computer_arithmetic
5612,Microsoft Binary Format,Category:Computer_arithmetic
5613,IBM Floating Point Architecture,Category:Computer_arithmetic
5614,SIGFPE,Category:Computer_arithmetic
5615,Carry-save adder,Category:Computer_arithmetic
5616,Subtractor,Category:Computer_arithmetic
5617,Excess-3,Category:Computer_arithmetic
5618,Wallace tree,Category:Computer_arithmetic
5619,Dadda multiplier,Category:Computer_arithmetic
5620,Binary multiplier,Category:Computer_arithmetic
5621,Serial binary adder,Category:Computer_arithmetic
5622,Negative base,Category:Computer_arithmetic
5623,2147483647,Category:Computer_arithmetic
5624,Mask (computing),Category:Computer_arithmetic
5625,Booth's multiplication algorithm,Category:Computer_arithmetic
5626,Division by zero,Category:Computer_arithmetic
5627,Interval arithmetic,Category:Computer_arithmetic
5628,Division (digital),Category:Computer_arithmetic
5629,Exponentiation by squaring,Category:Computer_arithmetic
5630,Wrapping (overflow),Category:Computer_arithmetic
5631,Reduction of summands,Category:Computer_arithmetic
5632,Montgomery reduction,Category:Computer_arithmetic
5633,Barrett reduction,Category:Computer_arithmetic
5634,Carry (arithmetic),Category:Computer_arithmetic
5635,Residue number system,Category:Computer_arithmetic
5636,Kahan summation algorithm,Category:Computer_arithmetic
5637,Pairwise summation,Category:Computer_arithmetic
5638,Negative flag,Category:Computer_arithmetic
5639,Overflow flag,Category:Computer_arithmetic
5640,Zero flag,Category:Computer_arithmetic
5641,Compare-and-swap,Category:Computer_arithmetic
5642,Test and Test-and-set,Category:Computer_arithmetic
5643,Test-and-set,Category:Computer_arithmetic
5644,Fetch-and-add,Category:Computer_arithmetic
5645,Sign extension,Category:Computer_arithmetic
5646,Most significant bit,Category:Computer_arithmetic
5647,Least significant bit,Category:Computer_arithmetic
5648,Bit numbering,Category:Computer_arithmetic
5649,Fixed-point arithmetic,Category:Computer_arithmetic
5650,Floating point,Category:Computer_arithmetic
5651,Two's complement,Category:Computer_arithmetic
5652,Execution unit,Category:Computer_arithmetic
5653,Floating-point unit,Category:Computer_arithmetic
5654,Arithmetic logic unit,Category:Computer_arithmetic
5655,Barrel shifter,Category:Computer_arithmetic
5656,Carry flag,Category:Computer_arithmetic
5657,Binary-coded decimal,Category:Computer_arithmetic
5658,General Matrix Multiply,Category:Numerical_software
5659,VisSim,Category:Numerical_software
5660,BARON,Category:Numerical_software
5661,Range Software,Category:Numerical_software
5662,Mathcad,Category:Numerical_software
5663,GoldSim,Category:Numerical_software
5664,MUMPS (software),Category:Numerical_software
5665,MCSim,Category:Numerical_software
5666,CUTEr,Category:Numerical_software
5667,Galahad library,Category:Numerical_software
5668,MPIR (mathematics software),Category:Numerical_software
5669,Silo (library),Category:Numerical_software
5670,ScaLAPACK,Category:Numerical_software
5671,IML++,Category:Numerical_software
5672,Iterative Template Library,Category:Numerical_software
5673,Libfixmath,Category:Numerical_software
5674,MPFR,Category:Numerical_software
5675,LabWindows/CVI,Category:Numerical_software
5676,Speakeasy (computational environment),Category:Numerical_software
5677,OpenOpt,Category:Numerical_software
5678,TOMLAB,Category:Numerical_software
5679,Solver,Category:Numerical_software
5680,KNITRO,Category:Numerical_software
5681,MOSEK,Category:Numerical_software
5682,FortSP,Category:Numerical_software
5683,Gurobi,Category:Numerical_software
5684,SNOPT,Category:Numerical_software
5685,IPOPT,Category:Numerical_software
5686,WORHP,Category:Numerical_software
5687,SCIP (optimization software),Category:Numerical_software
5688,NMath,Category:Numerical_software
5689,Integer Matrix Library,Category:Numerical_software
5690,Class Library for Numbers,Category:Numerical_software
5691,Template Numerical Toolkit,Category:Numerical_software
5692,Trilinos,Category:Numerical_software
5693,Math Kernel Library,Category:Numerical_software
5694,ALGLIB,Category:Numerical_software
5695,LAPACK++,Category:Numerical_software
5696,Matrix Template Library,Category:Numerical_software
5697,FuncDesigner,Category:Numerical_software
5698,LEMON (C++ library),Category:Numerical_software
5699,Fast Library for Number Theory,Category:Numerical_software
5700,OpenScientist,Category:Numerical_software
5701,Java Analysis Studio,Category:Numerical_software
5702,HippoDraw,Category:Numerical_software
5703,Simulink,Category:Numerical_software
5704,LabVIEW,Category:Numerical_software
5705,Mathematica,Category:Numerical_software
5706,GNU Multi-Precision Library,Category:Numerical_software
5707,List of numerical analysis software,Category:Numerical_software
5708,Comparison of numerical analysis software,Category:Numerical_software
5709,Automatically Tuned Linear Algebra Software,Category:Numerical_software
5710,IMSL Numerical Libraries,Category:Numerical_software
5711,Armadillo (C++ library),Category:Numerical_software
5712,ROOT,Category:Numerical_software
5713,List of numerical libraries,Category:Numerical_software
5714,NAG Numerical Libraries,Category:Numerical_software
5715,LAPACK,Category:Numerical_software
5716,DnAnalytics,Category:Numerical_software
5717,Netlib,Category:Numerical_software
5718,EISPACK,Category:Numerical_software
5719,SOFA (Astronomy),Category:Numerical_software
5720,MINUIT,Category:Numerical_software
5721,FFTW,Category:Numerical_software
5722,MADNESS,Category:Numerical_software
5723,JAMA (numerical linear algebra library),Category:Numerical_software
5724,SPARSKIT,Category:Numerical_software
5725,Frontal solver,Category:Numerical_software
5726,SLATEC,Category:Numerical_software
5727,QUADPACK,Category:Numerical_software
5728,PLAPACK,Category:Numerical_software
5729,MINPACK,Category:Numerical_software
5730,CERN Program Library,Category:Numerical_software
5731,TK Solver,Category:Numerical_software
5732,Fractint,Category:Numerical_software
5733,List of mathematics categories,Category:Numerical_software
5734,GNU Scientific Library,Category:Numerical_software
5735,TomSym,Category:Numerical_software
5736,PROPT,Category:Numerical_software
5737,Numerical Recipes,Category:Numerical_software
5738,SnapPea,Category:Numerical_software
5739,MIRACL (software),Category:Numerical_software
5740,Remcom,Category:Numerical_software
5741,PottersWheel,Category:Numerical_software
5742,MPSolve,Category:Numerical_software
5743,SAXPY,Category:Numerical_software
5744,Harwell Subroutine Library,Category:Numerical_software
5745,SOFA Statistics,Category:Numerical_software
5746,Baudline,Category:Numerical_software
5747,Basic Linear Algebra Subprograms,Category:Numerical_software
5748,LINPACK,Category:Numerical_software
5749,List of integrals of irrational functions,Category:Mathematics-related_lists
5750,List of triangle topics,Category:Mathematics-related_lists
5751,List of planar symmetry groups,Category:Mathematics-related_lists
5752,Uniform tilings in hyperbolic plane,Category:Mathematics-related_lists
5753,List of uniform tilings,Category:Mathematics-related_lists
5754,List of uniform polyhedra,Category:Mathematics-related_lists
5755,List of Wenninger polyhedron models,Category:Mathematics-related_lists
5756,List of regular polytopes,Category:Mathematics-related_lists
5757,"List of polygons, polyhedra and polytopes",Category:Mathematics-related_lists
5758,List of spherical symmetry groups,Category:Mathematics-related_lists
5759,List of geometric shapes,Category:Mathematics-related_lists
5760,Table of prime factors,Category:Mathematics-related_lists
5761,Table of divisors,Category:Mathematics-related_lists
5762,List of numeral system topics,Category:Mathematics-related_lists
5763,List of prime numbers,Category:Mathematics-related_lists
5764,List of recreational number theory topics,Category:Mathematics-related_lists
5765,Glossary of shapes with metaphorical names,Category:Mathematics-related_lists
5766,List of derivatives and integrals in alternative calculi,Category:Mathematics-related_lists
5767,List of RungeKutta methods,Category:Mathematics-related_lists
5768,List of integrals of rational functions,Category:Mathematics-related_lists
5769,List of complexity classes,Category:Mathematics-related_lists
5770,List of integrals of Gaussian functions,Category:Mathematics-related_lists
5771,List of mathematics competitions,Category:Mathematics-related_lists
5772,List of United States regional mathematics competitions,Category:Mathematics-related_lists
5773,List of algebraic coding theory topics,Category:Mathematics-related_lists
5774,List of mathematical societies,Category:Mathematics-related_lists
5775,List of impossible puzzles,Category:Mathematics-related_lists
5776,List of graphical methods,Category:Mathematics-related_lists
5777,List of genetic algorithm applications,Category:Mathematics-related_lists
5778,List of limits,Category:Mathematics-related_lists
5779,List of wavelet-related transforms,Category:Mathematics-related_lists
5780,Differentiation rules,Category:Mathematics-related_lists
5781,List of PSPACE-complete problems,Category:Mathematics-related_lists
5782,List of integrals of logarithmic functions,Category:Mathematics-related_lists
5783,List of letters used in mathematics and science,Category:Mathematics-related_lists
5784,List of mathematical topics in classical mechanics,Category:Mathematics-related_lists
5785,List of equations in classical mechanics,Category:Mathematics-related_lists
5786,List of equations,Category:Mathematics-related_lists
5787,List of mathematical topics in quantum theory,Category:Mathematics-related_lists
5788,List of string theory topics,Category:Mathematics-related_lists
5789,List of mathematical topics in relativity,Category:Mathematics-related_lists
5790,List of rules of inference,Category:Mathematics-related_lists
5791,List of integrals of hyperbolic functions,Category:Mathematics-related_lists
5792,List of properties of sets of reals,Category:Mathematics-related_lists
5793,List of integrals of inverse trigonometric functions,Category:Mathematics-related_lists
5794,List of mathematical knots and links,Category:Mathematics-related_lists
5795,List of prime knots,Category:Mathematics-related_lists
5796,List of integrals of inverse hyperbolic functions,Category:Mathematics-related_lists
5797,List of dynamical systems and differential equations topics,Category:Mathematics-related_lists
5798,List of chaotic maps,Category:Mathematics-related_lists
5799,Outline of statistics,Category:Mathematics-related_lists
5800,List of important publications in statistics,Category:Mathematics-related_lists
5801,Outline of probability,Category:Mathematics-related_lists
5802,List of probability topics,Category:Mathematics-related_lists
5803,Catalog of articles in probability theory,Category:Mathematics-related_lists
5804,List of convolutions of probability distributions,Category:Mathematics-related_lists
5805,List of stochastic processes topics,Category:Mathematics-related_lists
5806,List of inequalities,Category:Mathematics-related_lists
5807,List of first-order theories,Category:Mathematics-related_lists
5808,List of statements undecidable in ZFC,Category:Mathematics-related_lists
5809,List of set theory topics,Category:Mathematics-related_lists
5810,List of axioms,Category:Mathematics-related_lists
5811,Outline of logic,Category:Mathematics-related_lists
5812,List of mathematical logic topics,Category:Mathematics-related_lists
5813,List of Boolean algebra topics,Category:Mathematics-related_lists
5814,List of fractals by Hausdorff dimension,Category:Mathematics-related_lists
5815,List of topology topics,Category:Mathematics-related_lists
5816,List of exceptional set concepts,Category:Mathematics-related_lists
5817,List of integrals of trigonometric functions,Category:Mathematics-related_lists
5818,List of mathematics history topics,Category:Mathematics-related_lists
5819,List of circle topics,Category:Mathematics-related_lists
5820,List of mathematical shapes,Category:Mathematics-related_lists
5821,List of complex and algebraic surfaces,Category:Mathematics-related_lists
5822,List of partition topics,Category:Mathematics-related_lists
5823,Table of Newtonian series,Category:Mathematics-related_lists
5824,List of mathematical identities,Category:Mathematics-related_lists
5825,List of integrals of exponential functions,Category:Mathematics-related_lists
5826,List of finite simple groups,Category:Mathematics-related_lists
5827,List of mathematical examples,Category:Mathematics-related_lists
5828,List of surfaces,Category:Mathematics-related_lists
5829,List of simple Lie groups,Category:Mathematics-related_lists
5830,List of permutation topics,Category:Mathematics-related_lists
5831,List of misnamed theorems,Category:Mathematics-related_lists
5832,List of multivariable calculus topics,Category:Mathematics-related_lists
5833,List of published incomplete proofs,Category:Mathematics-related_lists
5834,List of theorems,Category:Mathematics-related_lists
5835,List of mathematical functions,Category:Mathematics-related_lists
5836,List of real analysis topics,Category:Mathematics-related_lists
5837,Outline of discrete mathematics,Category:Mathematics-related_lists
5838,List of mathematical symbols,Category:Mathematics-related_lists
5839,Table of Lie groups,Category:Mathematics-related_lists
5840,List of small groups,Category:Mathematics-related_lists
5841,List of important publications in mathematics,Category:Mathematics-related_lists
5842,Table of mathematical symbols by introduction date,Category:Mathematics-related_lists
5843,List of algebraic geometry topics,Category:Mathematics-related_lists
5844,List of mathematical abbreviations,Category:Mathematics-related_lists
5845,List of mathematical proofs,Category:Mathematics-related_lists
5846,List of lemmas,Category:Mathematics-related_lists
5847,List of calculus topics,Category:Mathematics-related_lists
5848,Outline of mathematics,Category:Mathematics-related_lists
5849,Outline of arithmetic,Category:Mathematics-related_lists
5850,Lists of mathematics topics,Category:Mathematics-related_lists
5851,List of mathematical theories,Category:Mathematics-related_lists
5852,List of manifolds,Category:Mathematics-related_lists
5853,List of representation theory topics,Category:Mathematics-related_lists
5854,List of Lie group topics,Category:Mathematics-related_lists
5855,List of functional analysis topics,Category:Mathematics-related_lists
5856,List of polynomial topics,Category:Mathematics-related_lists
5857,List of commutative algebra topics,Category:Mathematics-related_lists
5858,List of harmonic analysis topics,Category:Mathematics-related_lists
5859,Computational complexity of mathematical operations,Category:Mathematics-related_lists
5860,List of curve topics,Category:Mathematics-related_lists
5861,List of operators,Category:Mathematics-related_lists
5862,List of integration and measure theory topics,Category:Mathematics-related_lists
5863,Lists of integrals,Category:Mathematics-related_lists
5864,List of mathematical series,Category:Mathematics-related_lists
5865,List of trigonometric identities,Category:Mathematics-related_lists
5866,List of trigonometry topics,Category:Mathematics-related_lists
5867,Outline of calculus,Category:Mathematics-related_lists
5868,List of geometric topology topics,Category:Mathematics-related_lists
5869,List of dualities,Category:Mathematics-related_lists
5870,List of exponential topics,Category:Mathematics-related_lists
5871,List of conjectures,Category:Mathematics-related_lists
5872,List of number theory topics,Category:Mathematics-related_lists
5873,List of algebraic number theory topics,Category:Mathematics-related_lists
5874,List of unsolved problems in mathematics,Category:Mathematics-related_lists
5875,List of transforms,Category:Mathematics-related_lists
5876,List of linear algebra topics,Category:Mathematics-related_lists
5877,List of matrices,Category:Mathematics-related_lists
5878,Vector calculus identities,Category:Mathematics-related_lists
5879,List of mathematics-based methods,Category:Mathematics-related_lists
5880,List of numerical analysis topics,Category:Mathematics-related_lists
5881,List of partial differential equation topics,Category:Mathematics-related_lists
5882,List of coordinate charts,Category:Mathematics-related_lists
5883,List of variational topics,Category:Mathematics-related_lists
5884,List of knot theory topics,Category:Mathematics-related_lists
5885,Comparison of vector algebra and geometric algebra,Category:Mathematics-related_lists
5886,Outline of trigonometry,Category:Mathematics-related_lists
5887,List of computability and complexity topics,Category:Mathematics-related_lists
5888,List of graph theory topics,Category:Mathematics-related_lists
5889,List of NP-complete problems,Category:Mathematics-related_lists
5890,Karp's 21 NP-complete problems,Category:Mathematics-related_lists
5891,List of algorithm general topics,Category:Mathematics-related_lists
5892,List of algorithms,Category:Mathematics-related_lists
5893,List of combinatorial computational geometry topics,Category:Mathematics-related_lists
5894,List of undecidable problems,Category:Mathematics-related_lists
5895,Comparison of computer algebra systems,Category:Mathematics-related_lists
5896,List of computer graphics and descriptive geometry topics,Category:Mathematics-related_lists
5897,List of numerical computational geometry topics,Category:Mathematics-related_lists
